FBgn0000008	Q9W283
FBgn0000014	P29555
FBgn0000015	P09087
FBgn0000017	P00522
FBgn0000018	Q9VKM4
FBgn0000022	P10083
FBgn0000024	P07140
FBgn0000028	P24350
FBgn0000032	Q8I0P9
FBgn0000036	P09478
FBgn0000037	P16395
FBgn0000038	P04755
FBgn0000039	P17644
FBgn0000042	P10987
FBgn0000043	P02572
FBgn0000044	P53501
FBgn0000045	P02574
FBgn0000046	P10981
FBgn0000047	P83967
FBgn0000052	P35421
FBgn0000053	P00967
FBgn0000055	P00334
FBgn0000056	P91615
FBgn0000057	Q7K7W5
FBgn0000061	Q06453
FBgn0000063	A0A0B4KG66
FBgn0000064	P07764
FBgn0000071	P15364
FBgn0000075	P18486
FBgn0000077	Q9U4H5
FBgn0000078	P81641
FBgn0000079	P08144
FBgn0000083	P22464
FBgn0000084	P22465
FBgn0000092	O76879
FBgn0000094	P21663
FBgn0000097	Q01842
FBgn0000100	P19889
FBgn0000108	P14599
FBgn0000109	P12426
FBgn0000114	Q8IP90
FBgn0000115	P25160
FBgn0000116	P48610
FBgn0000117	P18824
FBgn0000119	A1Z9D7
FBgn0000120	P15372
FBgn0000121	P19107
FBgn0000137	P09775
FBgn0000139	Q94545
FBgn0000140	Q9VC45
FBgn0000146	O76922
FBgn0000147	Q9VGF9
FBgn0000150	P08879
FBgn0000152	O97132
FBgn0000153	Q24062
FBgn0000157	P20009
FBgn0000158	P22745
FBgn0000163	Q0KHR3
FBgn0000166	P09081
FBgn0000173	P35128
FBgn0000179	Q24432
FBgn0000180	P23645
FBgn0000181	Q7KM15
FBgn0000182	Q24009
FBgn0000183	P16568
FBgn0000206	P22815
FBgn0000212	P25439
FBgn0000216	O16528
FBgn0000221	Q24157
FBgn0000227	Q9VR17
FBgn0000228	P11929
FBgn0000229	P92208
FBgn0000233	Q24266
FBgn0000239	Q9VIE7
FBgn0000241	P12428
FBgn0000244	Q9VHC3
FBgn0000246	Q9VF37
FBgn0000247	Q9VAG5
FBgn0000250	Q03017
FBgn0000251	P09085
FBgn0000253	P62152
FBgn0000256	Q24120
FBgn0000257	Q9Y1I2
FBgn0000259	P08182
FBgn0000261	P17336
FBgn0000273	P12370
FBgn0000274	P16911
FBgn0000276	C0HKQ7
FBgn0000277	C0HKQ7
FBgn0000278	P14956
FBgn0000279	O16829
FBgn0000283	Q24478
FBgn0000286	P20385
FBgn0000287	Q9VKH3
FBgn0000289	A8DYD1
FBgn0000299	P08120
FBgn0000303	P07668
FBgn0000307	Q9NK54
FBgn0000308	P25843
FBgn0000316	P39205
FBgn0000317	Q9V3Z6
FBgn0000318	Q9VMQ9
FBgn0000319	P29742
FBgn0000320	Q05201
FBgn0000326	Q9W2F4
FBgn0000330	O76928
FBgn0000337	A1Z746
FBgn0000339	P49858
FBgn0000346	P46461
FBgn0000351	Q960N3
FBgn0000352	O16844
FBgn0000355	P07185
FBgn0000356	P22977
FBgn0000357	P07184
FBgn0000358	P07186
FBgn0000359	P07182
FBgn0000360	P07183
FBgn0000370	Q9VID3
FBgn0000376	O76906
FBgn0000377	P17886
FBgn0000382	P29349
FBgn0000384	P25157
FBgn0000392	Q9VMA3
FBgn0000394	Q9W494
FBgn0000395	Q9W2H2
FBgn0000404	P14785
FBgn0000405	P20439
FBgn0000406	P19967
FBgn0000411	Q24533
FBgn0000412	P22058
FBgn0000414	P98081
FBgn0000416	Q9Y125
FBgn0000422	P05031
FBgn0000426	Q24297
FBgn0000427	P18171
FBgn0000439	P07548
FBgn0000442	Q03042
FBgn0000447	P32748
FBgn0000448	P31396
FBgn0000449	Q9NGX9
FBgn0000451	X2JAX9
FBgn0000454	Q9VFQ9
FBgn0000455	Q9VG79
FBgn0000459	P23792
FBgn0000463	P10041
FBgn0000464	P16621
FBgn0000477	Q9VED8
FBgn0000479	Q9W4T4
FBgn0000482	Q24314
FBgn0000489	P16912
FBgn0000490	P07713
FBgn0000492	Q03372
FBgn0000499	P51140
FBgn0000500	P09040
FBgn0000504	P23023
FBgn0000520	Q9W4V9
FBgn0000524	Q23985
FBgn0000527	Q9VDC6
FBgn0000529	Q04787
FBgn0000533	P13582
FBgn0000535	Q02280
FBgn0000536	P54352
FBgn0000541	Q9W0T1
FBgn0000542	Q1W9P9
FBgn0000543	Q9W032
FBgn0000546	P34021
FBgn0000547	Q9VQW7
FBgn0000551	P27779
FBgn0000552	P27780
FBgn0000557	P05303
FBgn0000559	P13060
FBgn0000560	P15370
FBgn0000562	Q9W1K4
FBgn0000564	Q07892
FBgn0000565	P08761
FBgn0000566	Q7JXZ2
FBgn0000567	P11536
FBgn0000568	P13055
FBgn0000575	P18491
FBgn0000576	P18488
FBgn0000577	P02836
FBgn0000578	Q8T4F7
FBgn0000579	P15007
FBgn0000581	A0A0B4KFP2
FBgn0000588	Q24338
FBgn0000591	P13098
FBgn0000592	P08171
FBgn0000594	P18167
FBgn0000606	P06602
FBgn0000611	P40427
FBgn0000615	P28750
FBgn0000617	Q27272
FBgn0000618	Q9VYX1
FBgn0000625	Q9VTX7
FBgn0000629	P42124
FBgn0000633	A1Z9G5
FBgn0000635	P34082
FBgn0000636	P15278
FBgn0000639	Q04691
FBgn0000640	P54398
FBgn0000644	P11450
FBgn0000658	P54360
FBgn0000659	P14734
FBgn0000662	Q9Y091
FBgn0000667	P18091
FBgn0000709	Q24020
FBgn0000711	P48462
FBgn0000715	P10552
FBgn0000719	P40795
FBgn0000721	Q03043
FBgn0000723	P18106
FBgn0000808	O62589
FBgn0000810	P13468
FBgn0000826	O46308
FBgn0000927	P25028
FBgn0000928	Q9W4W2
FBgn0000964	M9PG80
FBgn0000996	Q7JVY2
FBgn0001075	P33450
FBgn0001077	P02835
FBgn0001078	P33244
FBgn0001079	P23647
FBgn0001083	Q9VYR4
FBgn0001084	O16868
FBgn0001085	P18537
FBgn0001086	Q24044
FBgn0001087	P54362
FBgn0001089	Q9VMJ5
FBgn0001090	P29746
FBgn0001091	P07486
FBgn0001092	P07487
FBgn0001098	P54385
FBgn0001099	P22468
FBgn0001104	P20353
FBgn0001105	P26308
FBgn0001108	P13496
FBgn0001112	P18173
FBgn0001114	P33438
FBgn0001120	Q9VUI0
FBgn0001122	P16378
FBgn0001123	P20354
FBgn0001124	A1ZAA5
FBgn0001125	Q8IPY3
FBgn0001128	P13706
FBgn0001133	Q9U405
FBgn0001134	Q24352
FBgn0001137	P42287
FBgn0001138	P91623
FBgn0001139	P16371
FBgn0001142	P20477
FBgn0001145	P20478
FBgn0001147	P09083
FBgn0001148	P09082
FBgn0001149	P20432
FBgn0001150	P39572
FBgn0001168	P14003
FBgn0001169	Q02308
FBgn0001170	P10035
FBgn0001174	B7YZU6
FBgn0001179	Q02870
FBgn0001180	P05084
FBgn0001185	Q9VJJ6
FBgn0001186	Q9W330
FBgn0001187	Q7JYW9
FBgn0001189	Q9W568
FBgn0001197	P08985
FBgn0001202	Q24185
FBgn0001206	Q86CW5
FBgn0001208	P17276
FBgn0001215	P07909
FBgn0001216	P29843
FBgn0001217	P11146
FBgn0001218	P29844
FBgn0001220	P29845
FBgn0001222	P22813
FBgn0001223	P02515
FBgn0001224	P02516
FBgn0001225	P02517
FBgn0001227	P05812
FBgn0001228	P22978
FBgn0001229	P22979
FBgn0001230	O97125
FBgn0001233	P02828
FBgn0001235	O46339
FBgn0001247	P22817
FBgn0001248	B7Z0E0
FBgn0001250	P12080
FBgn0001253	Q7KUB3
FBgn0001254	P29681
FBgn0001255	Q9VHW8
FBgn0001256	Q7KUJ4
FBgn0001257	Q09024
FBgn0001258	Q95028
FBgn0001259	Q9VPH0
FBgn0001263	Q24008
FBgn0001269	P05527
FBgn0001276	Q7KBL8
FBgn0001280	P20348
FBgn0001281	P20349
FBgn0001285	Q7JX43
FBgn0001291	P18289
FBgn0001296	C8VV48
FBgn0001297	P21525
FBgn0001301	Q04652
FBgn0001308	P17210
FBgn0001311	Q8IPN4
FBgn0001316	Q9Y0E4
FBgn0001319	P56721
FBgn0001320	P10734
FBgn0001321	Q9VH23
FBgn0001323	P13054
FBgn0001324	Q9VW47
FBgn0001325	P07247
FBgn0001330	O46072
FBgn0001341	Q9W5E4
FBgn0001404	O01346
FBgn0001491	O97454
FBgn0001565	Q9VRI0
FBgn0001612	Q9XYP8
FBgn0001624	P31007
FBgn0001941	Q94515
FBgn0001942	Q02748
FBgn0001961	O97182
FBgn0001965	P26675
FBgn0001967	Q9VJU2
FBgn0001970	Q8MVS5
FBgn0001977	Q9V3Y2
FBgn0001978	P40798
FBgn0001983	Q9VJP2
FBgn0001986	Q9Y134
FBgn0001987	Q7KT70
FBgn0001989	Q9V3W2
FBgn0001990	Q9VJN5
FBgn0001991	Q24270
FBgn0001992	Q9V399
FBgn0001994	Q9V406
FBgn0001995	Q9V3D0
FBgn0002021	Q9VJ10
FBgn0002022	Q9V3A4
FBgn0002023	M9PD53
FBgn0002031	P24156
FBgn0002036	P18487
FBgn0002044	Q9VIV2
FBgn0002069	Q7K0E6
FBgn0002121	P08111
FBgn0002174	Q27237
FBgn0002183	Q8IRG6
FBgn0002283	Q9VV77
FBgn0002284	P40304
FBgn0002306	Q04164
FBgn0002354	Q9VG00
FBgn0002413	O76324
FBgn0002431	P51592
FBgn0002440	P52302
FBgn0002441	Q9VB52
FBgn0002466	M9PI41
FBgn0002521	Q8ST83
FBgn0002522	P10105
FBgn0002524	Q9V3F2
FBgn0002525	P08928
FBgn0002526	Q00174
FBgn0002531	P02839
FBgn0002533	P07187
FBgn0002534	P07188
FBgn0002535	P07189
FBgn0002542	P34739
FBgn0002543	M9PC46
FBgn0002552	Q9V4Z9
FBgn0002561	P09774
FBgn0002562	P11995
FBgn0002563	P11996
FBgn0002564	P11997
FBgn0002565	Q24388
FBgn0002566	Q7PL76
FBgn0002567	A1Z7S3
FBgn0002569	P07191
FBgn0002570	P07190
FBgn0002571	P07192
FBgn0002573	Q9N658
FBgn0002576	Q9W349
FBgn0002577	Q9VYU8
FBgn0002578	O97176
FBgn0002579	P49630
FBgn0002590	Q24186
FBgn0002592	O97177
FBgn0002593	P08570
FBgn0002609	Q01068
FBgn0002622	Q06559
FBgn0002626	P04359
FBgn0002629	P13095
FBgn0002631	P13096
FBgn0002632	O97179
FBgn0002633	P13097
FBgn0002638	P25171
FBgn0002641	Q9VRA2
FBgn0002643	P21519
FBgn0002645	P23226
FBgn0002673	Q03019
FBgn0002707	Q24087
FBgn0002709	Q0KHR4
FBgn0002715	Q24141
FBgn0002716	Q7KPA5
FBgn0002719	Q9VG31
FBgn0002723	Q9VYW2
FBgn0002732	O97178
FBgn0002733	Q01069
FBgn0002734	Q01071
FBgn0002735	Q01070
FBgn0002736	P49028
FBgn0002772	P06742
FBgn0002773	P18432
FBgn0002774	P24785
FBgn0002775	P50536
FBgn0002778	Q9Y1A7
FBgn0002780	P13469
FBgn0002781	Q86B87
FBgn0002783	Q9VF03
FBgn0002787	P26270
FBgn0002789	P14318
FBgn0002791	Q9W1E5
FBgn0002838	Q9VBA8
FBgn0002842	Q9VP40
FBgn0002855	P10333
FBgn0002856	P10334
FBgn0002862	P08175
FBgn0002863	P16548
FBgn0002865	Q9VAW8
FBgn0002868	P04357
FBgn0002869	P11956
FBgn0002872	Q95RC8
FBgn0002873	Q8IR55
FBgn0002878	Q9VY97
FBgn0002887	Q4U2Q5
FBgn0002891	Q9GSR1
FBgn0002899	Q9VSE2
FBgn0002901	Q9VVN4
FBgn0002905	O18475
FBgn0002906	Q9VGI8
FBgn0002909	Q9VS48
FBgn0002914	P04197
FBgn0002917	A8JUW5
FBgn0002921	P13607
FBgn0002922	P22816
FBgn0002924	P20480
FBgn0002926	P98159
FBgn0002930	Q7JWX3
FBgn0002931	Q9VPI8
FBgn0002932	P29503
FBgn0002933	P23938
FBgn0002936	P15425
FBgn0002937	Q9VFS2
FBgn0002938	P10676
FBgn0002939	Q8INY3
FBgn0002940	P06002
FBgn0002941	P22807
FBgn0002945	Q9VVV9
FBgn0002948	P18105
FBgn0002962	P25724
FBgn0002973	P16554
FBgn0002985	P23803
FBgn0002989	O76460
FBgn0003002	P39768
FBgn0003008	Q9W1E8
FBgn0003009	Q24434
FBgn0003011	Q9VDU9
FBgn0003015	P25158
FBgn0003016	Q27421
FBgn0003023	P10383
FBgn0003028	P51521
FBgn0003034	P05623
FBgn0003041	Q8IQ97
FBgn0003042	P26017
FBgn0003044	Q24459
FBgn0003046	P14484
FBgn0003048	P18490
FBgn0003053	Q9W4J1
FBgn0003057	Q9VX65
FBgn0003060	Q9VFU0
FBgn0003062	Q9W1V3
FBgn0003065	Q9V9U0
FBgn0003067	P20007
FBgn0003068	P07663
FBgn0003071	P52034
FBgn0003074	P52029
FBgn0003076	Q9VUY9
FBgn0003079	P11346
FBgn0003082	Q7JY97
FBgn0003086	P26023
FBgn0003087	Q24454
FBgn0003089	Q86BJ3
FBgn0003090	A1Z6W3
FBgn0003091	P05130
FBgn0003093	P13678
FBgn0003114	P42570
FBgn0003116	O18399
FBgn0003117	P52168
FBgn0003118	P51023
FBgn0003124	P52304
FBgn0003129	P23757
FBgn0003130	P23758
FBgn0003132	Q05547
FBgn0003134	P48461
FBgn0003137	Q868Z9
FBgn0003139	Q27884
FBgn0003140	P11612
FBgn0003141	P48611
FBgn0003145	P06601
FBgn0003149	P35415
FBgn0003159	X2JI50
FBgn0003162	P48596
FBgn0003165	P25822
FBgn0003169	Q24468
FBgn0003174	A1Z6W9
FBgn0003175	Q9W244
FBgn0003187	Q23989
FBgn0003189	P05990
FBgn0003204	Q07152
FBgn0003205	P08646
FBgn0003206	P04388
FBgn0003209	Q9VLI4
FBgn0003210	Q9W4K1
FBgn0003218	P43125
FBgn0003227	Q9VF30
FBgn0003231	P14199
FBgn0003248	P08099
FBgn0003249	P04950
FBgn0003250	P08255
FBgn0003254	A0A0B4KFC4
FBgn0003255	Q7KTA0
FBgn0003256	P40417
FBgn0003257	Q01637
FBgn0003261	P19109
FBgn0003267	P10181
FBgn0003268	Q9V9W7
FBgn0003270	Q9Y0A7
FBgn0003274	P05389
FBgn0003275	Q24320
FBgn0003277	P04052
FBgn0003278	P20028
FBgn0003279	P09180
FBgn0003285	Q08180
FBgn0003292	Q9VTK2
FBgn0003295	Q9W0F8
FBgn0003300	P22814
FBgn0003301	P32870
FBgn0003302	P50445
FBgn0003308	P10351
FBgn0003310	P42519
FBgn0003312	Q9VGH1
FBgn0003313	P21750
FBgn0003317	A0A0B4K7J3
FBgn0003319	Q05319
FBgn0003321	Q9U1H9
FBgn0003326	P21520
FBgn0003330	Q9VB08
FBgn0003334	Q9VHA0
FBgn0003339	P09077
FBgn0003345	P30052
FBgn0003346	Q9VIW3
FBgn0003353	Q7JPB9
FBgn0003356	C0HKF8
FBgn0003357	C0HKF8
FBgn0003358	P17207
FBgn0003360	Q26365
FBgn0003366	P13368
FBgn0003371	P18431
FBgn0003372	Q9VR49
FBgn0003373	P02840
FBgn0003374	Q00725
FBgn0003375	P07701
FBgn0003377	P02841
FBgn0003378	P02842
FBgn0003380	P08510
FBgn0003382	B7YZF2
FBgn0003386	P17972
FBgn0003388	Q9VUF8
FBgn0003390	Q9W3W5
FBgn0003391	Q24298
FBgn0003392	P27619
FBgn0003396	A1Z8F4
FBgn0003401	Q9W1I9
FBgn0003410	P21461
FBgn0003411	Q9VZ09
FBgn0003415	Q7KTX8
FBgn0003416	Q9VXH3
FBgn0003423	Q04499
FBgn0003429	Q03720
FBgn0003430	P32030
FBgn0003435	A0A0B4K7I2
FBgn0003444	P91682
FBgn0003447	Q24524
FBgn0003448	P08044
FBgn0003449	P43332
FBgn0003450	P05049
FBgn0003459	Q9VUE5
FBgn0003460	Q27350
FBgn0003462	P61851
FBgn0003463	Q24025
FBgn0003464	P27398
FBgn0003475	Q9U1K1
FBgn0003479	Q27297
FBgn0003480	O77135
FBgn0003482	Q8SZ30
FBgn0003483	Q9VF26
FBgn0003486	Q9VRM7
FBgn0003495	P48607
FBgn0003499	A0A0B4KGW2
FBgn0003502	P08630
FBgn0003507	P52172
FBgn0003510	P07666
FBgn0003511	P07665
FBgn0003512	P07664
FBgn0003513	E1JIM6
FBgn0003514	P40423
FBgn0003515	P45843
FBgn0003517	P38979
FBgn0003520	P25159
FBgn0003525	P20483
FBgn0003527	P92189
FBgn0003545	Q9V877
FBgn0003557	Q9Y0H4
FBgn0003559	P25991
FBgn0003567	P08970
FBgn0003575	P22293
FBgn0003598	P20193
FBgn0003607	P05205
FBgn0003612	A1Z7P5
FBgn0003638	P12297
FBgn0003651	P16376
FBgn0003654	Q24246
FBgn0003655	P40688
FBgn0003656	Q9U969
FBgn0003660	P18489
FBgn0003676	P12613
FBgn0003683	P11455
FBgn0003687	P20227
FBgn0003701	P42286
FBgn0003710	P48613
FBgn0003714	P10735
FBgn0003716	Q9VMT1
FBgn0003719	P25723
FBgn0003720	P18102
FBgn0003721	P49455
FBgn0003731	P04412
FBgn0003733	P18475
FBgn0003741	P11596
FBgn0003742	P19018
FBgn0003744	Q9NBK5
FBgn0003747	Q9W497
FBgn0003748	Q9W2M2
FBgn0003751	Q24155
FBgn0003861	P19334
FBgn0003862	P20659
FBgn0003863	P04814
FBgn0003865	P54356
FBgn0003866	P22265
FBgn0003867	P40689
FBgn0003870	P42282
FBgn0003882	P22812
FBgn0003884	P06603
FBgn0003885	P06605
FBgn0003886	P06604
FBgn0003889	P61857
FBgn0003890	Q8MST5
FBgn0003891	P25823
FBgn0003892	P18502
FBgn0003896	Q9VJ37
FBgn0003900	P10627
FBgn0003941	P18101
FBgn0003942	P15357
FBgn0003943	P0CG69
FBgn0003944	P83949
FBgn0003950	Q9VRF2
FBgn0003961	P16163
FBgn0003963	Q9VPQ6
FBgn0003964	P20153
FBgn0003965	P20351
FBgn0003969	Q8IR23
FBgn0003975	A0ACD4DAQ9
FBgn0003977	Q9W1R5
FBgn0003978	Q9VIP8
FBgn0003979	P11449
FBgn0003980	P13238
FBgn0003983	Q06521
FBgn0003984	Q94918
FBgn0003996	P10090
FBgn0003997	Q24106
FBgn0004003	O44342
FBgn0004034	P09957
FBgn0004045	P02843
FBgn0004047	P06607
FBgn0004049	Q9VFU8
FBgn0004050	P09956
FBgn0004052	P22469
FBgn0004053	P09089
FBgn0004054	P09090
FBgn0004055	P10379
FBgn0004057	P12646
FBgn0004066	P22769
FBgn0004087	P17719
FBgn0004101	Q24535
FBgn0004102	P22810
FBgn0004103	P12982
FBgn0004106	P23572
FBgn0004107	P23573
FBgn0004108	P23654
FBgn0004110	P22711
FBgn0004117	P09491
FBgn0004118	P25162
FBgn0004132	Q8T9B6
FBgn0004133	A1Z714
FBgn0004143	P32845
FBgn0004167	A8JNJ6
FBgn0004168	P28285
FBgn0004169	P19351
FBgn0004170	P10084
FBgn0004171	Q24404
FBgn0004172	Q01642
FBgn0004173	Q01643
FBgn0004174	Q01644
FBgn0004175	Q01645
FBgn0004177	P23696
FBgn0004179	Q03751
FBgn0004181	Q9U6L5
FBgn0004197	P18168
FBgn0004198	P10180
FBgn0004227	Q04047
FBgn0004228	P23487
FBgn0004237	P48810
FBgn0004240	P24492
FBgn0004242	P21521
FBgn0004244	P25123
FBgn0004359	Q9VBA5
FBgn0004360	P28465
FBgn0004362	Q05783
FBgn0004363	Q94920
FBgn0004367	Q9VXG8
FBgn0004368	Q9W4F5
FBgn0004369	P35832
FBgn0004370	P35992
FBgn0004372	Q9VZW3
FBgn0004373	A0A4D6K881
FBgn0004374	Q9VIP4
FBgn0004378	P46863
FBgn0004379	Q9VSW5
FBgn0004380	Q9VRK9
FBgn0004381	P46867
FBgn0004387	Q9VB25
FBgn0004389	P40794
FBgn0004390	P48423
FBgn0004391	Q9VXV3
FBgn0004394	Q9VK71
FBgn0004395	Q86B79
FBgn0004396	P29747
FBgn0004397	O46037
FBgn0004400	Q7JXA8
FBgn0004401	P41073
FBgn0004403	C0HKA0
FBgn0004404	C0HKA1
FBgn0004406	Q27607
FBgn0004407	Q9VJV8
FBgn0004414	P23488
FBgn0004419	P23128
FBgn0004425	Q08694
FBgn0004427	P83972
FBgn0004428	P37159
FBgn0004429	P29615
FBgn0004430	P37160
FBgn0004431	P37161
FBgn0004432	P25007
FBgn0004435	P23625
FBgn0004436	P25153
FBgn0004449	O61307
FBgn0004456	Q24247
FBgn0004463	P25167
FBgn0004465	Q9V420
FBgn0004507	Q9XTL9
FBgn0004509	P26016
FBgn0004510	Q04688
FBgn0004511	Q9VYU7
FBgn0004512	Q00449
FBgn0004513	Q00748
FBgn0004514	P22270
FBgn0004516	P20228
FBgn0004552	P61855
FBgn0004554	P27781
FBgn0004556	P26802
FBgn0004567	P32031
FBgn0004569	Q00805
FBgn0004573	P20905
FBgn0004574	Q07327
FBgn0004575	Q24546
FBgn0004577	Q01603
FBgn0004580	P41044
FBgn0004581	Q9W1I2
FBgn0004583	Q07436
FBgn0004584	P27864
FBgn0004587	P26686
FBgn0004588	Q9VUS3
FBgn0004589	Q27364
FBgn0004590	Q9VUS6
FBgn0004591	Q27241
FBgn0004592	Q9VUS8
FBgn0004593	Q9VUS9
FBgn0004594	Q9VUT0
FBgn0004595	P29617
FBgn0004597	P25008
FBgn0004598	P30432
FBgn0004606	P28166
FBgn0004607	P28167
FBgn0004611	P25455
FBgn0004618	P13360
FBgn0004619	Q03445
FBgn0004620	Q9VMP4
FBgn0004622	P30975
FBgn0004623	P29829
FBgn0004629	P23779
FBgn0004635	P20350
FBgn0004636	P08645
FBgn0004638	Q08012
FBgn0004643	Q9W4X9
FBgn0004644	Q02936
FBgn0004646	P27716
FBgn0004647	P07207
FBgn0004648	P42787
FBgn0004649	P98163
FBgn0004650	O76904
FBgn0004652	Q8IN81
FBgn0004654	P41572
FBgn0004655	Q9W517
FBgn0004656	P13709
FBgn0004657	P11584
FBgn0004666	P05709
FBgn0004687	P54357
FBgn0004698	Q24595
FBgn0004777	O97064
FBgn0004778	O97063
FBgn0004779	O97062
FBgn0004780	O97061
FBgn0004781	O97060
FBgn0004782	O97059
FBgn0004783	Q9V3L8
FBgn0004784	P13677
FBgn0004795	Q24573
FBgn0004797	Q960U8
FBgn0004811	Q9VIR9
FBgn0004828	C0HL67
FBgn0004832	P28518
FBgn0004837	P28159
FBgn0004838	P48809
FBgn0004839	Q6AWJ9
FBgn0004841	P30974
FBgn0004842	P25931
FBgn0004852	Q9VW60
FBgn0004854	Q24256
FBgn0004855	P36958
FBgn0004856	P39736
FBgn0004858	Q9VJS8
FBgn0004859	P19538
FBgn0004860	Q9W523
FBgn0004861	P39769
FBgn0004862	P22809
FBgn0004863	Q7KS72
FBgn0004864	Q24592
FBgn0004865	P45447
FBgn0004867	P31009
FBgn0004868	Q9VLB7
FBgn0004870	Q9W0K7
FBgn0004872	Q9VKM1
FBgn0004875	Q8MSX1
FBgn0004876	Q9VE06
FBgn0004878	Q7M3M8
FBgn0004880	Q9VZK2
FBgn0004882	Q9VCN7
FBgn0004885	Q9VC47
FBgn0004888	Q94522
FBgn0004889	P36872
FBgn0004892	Q9VQS7
FBgn0004893	Q9VQU9
FBgn0004895	Q02360
FBgn0004896	Q02361
FBgn0004897	P32028
FBgn0004898	P32029
FBgn0004901	Q27601
FBgn0004903	Q02926
FBgn0004907	P29310
FBgn0004908	Q06849
FBgn0004910	P48593
FBgn0004913	P35600
FBgn0004914	P49866
FBgn0004915	P29052
FBgn0004919	Q06003
FBgn0004921	P38040
FBgn0004924	P30189
FBgn0004926	P41375
FBgn0004956	Q9VWW4
FBgn0004957	Q9VWV9
FBgn0004959	Q9VWR5
FBgn0005198	Q9VW83
FBgn0005278	P40320
FBgn0005322	Q9VL02
FBgn0005355	Q9VG38
FBgn0005386	Q9VW15
FBgn0005390	Q9W451
FBgn0005391	P02844
FBgn0005411	Q24562
FBgn0005427	Q24312
FBgn0005533	P17704
FBgn0005536	M9NEB2
FBgn0005558	O18381
FBgn0005561	O16117
FBgn0005564	P17971
FBgn0005585	P29413
FBgn0005586	P25228
FBgn0005590	P54631
FBgn0005593	P32100
FBgn0005596	P25992
FBgn0005612	P40656
FBgn0005613	P40657
FBgn0005614	P48994
FBgn0005616	P50534
FBgn0005617	P50535
FBgn0005619	Q05733
FBgn0005624	P35820
FBgn0005626	P18459
FBgn0005631	Q9W213
FBgn0005632	P55824
FBgn0005633	P35554
FBgn0005636	A0A0B4KEZ2
FBgn0005638	Q02637
FBgn0005640	M9PE01
FBgn0005642	P15619
FBgn0005648	Q7KNF2
FBgn0005649	Q8IMX4
FBgn0005654	Q7K2L1
FBgn0005655	P17917
FBgn0005658	P29774
FBgn0005659	P29775
FBgn0005660	P29776
FBgn0005664	Q9VKE2
FBgn0005666	D1YSG0
FBgn0005670	P33269
FBgn0005671	P31409
FBgn0005672	Q01083
FBgn0005674	P28668
FBgn0005677	Q8IP19
FBgn0005683	Q9VKW2
FBgn0005694	P39413
FBgn0005695	Q01820
FBgn0005696	Q9VB62
FBgn0005771	Q24423
FBgn0005775	Q01819
FBgn0005777	Q9VH81
FBgn0005778	Q9W2A5
FBgn0005779	Q9VQL9
FBgn0008635	P45437
FBgn0008636	Q9W2P8
FBgn0008646	Q9VFQ3
FBgn0008651	A0A0B4KH37
FBgn0010014	P48451
FBgn0010015	P48456
FBgn0010019	Q9V3S0
FBgn0010038	Q9VG98
FBgn0010039	Q9VG97
FBgn0010040	Q9VG96
FBgn0010041	Q9VG95
FBgn0010042	Q9VG94
FBgn0010043	Q9VG93
FBgn0010044	Q9VG92
FBgn0010051	P29993
FBgn0010052	A1ZA98
FBgn0010053	Q7JRC3
FBgn0010078	P48159
FBgn0010097	P42271
FBgn0010100	Q9VIE8
FBgn0010105	Q24139
FBgn0010109	Q26263
FBgn0010113	Q9N2M8
FBgn0010114	Q09101
FBgn0010173	Q24492
FBgn0010194	P28466
FBgn0010197	Q07553
FBgn0010198	P48149
FBgn0010213	Q00637
FBgn0010215	P35220
FBgn0010217	Q05825
FBgn0010220	Q07886
FBgn0010222	Q04448
FBgn0010223	Q05337
FBgn0010225	Q07171
FBgn0010226	P41043
FBgn0010228	Q06943
FBgn0010235	P46824
FBgn0010238	Q24372
FBgn0010240	Q08832
FBgn0010241	Q5BI62
FBgn0010246	Q23979
FBgn0010247	P35875
FBgn0010258	Q9VFT3
FBgn0010263	M9PBZ2
FBgn0010265	Q03334
FBgn0010269	Q24324
FBgn0010278	Q05344
FBgn0010280	P47825
FBgn0010282	Q05913
FBgn0010287	Q27896
FBgn0010288	P35122
FBgn0010292	P51406
FBgn0010294	P40139
FBgn0010295	P40140
FBgn0010296	P40141
FBgn0010300	Q8MQJ9
FBgn0010303	Q23977
FBgn0010309	Q24118
FBgn0010313	P41046
FBgn0010314	Q24152
FBgn0010315	Q7KUZ5
FBgn0010316	Q7JNL9
FBgn0010317	Q9VZP3
FBgn0010323	P54366
FBgn0010328	A8JRE3
FBgn0010329	Q86B61
FBgn0010333	P40792
FBgn0010339	P32234
FBgn0010340	P81928
FBgn0010341	P40793
FBgn0010342	Q7K180
FBgn0010348	P61209
FBgn0010350	P56079
FBgn0010352	A8JNU6
FBgn0010355	P51123
FBgn0010356	P49846
FBgn0010357	P35004
FBgn0010358	C0HKA2
FBgn0010359	C0HKA3
FBgn0010379	Q8INB9
FBgn0010380	Q24253
FBgn0010382	P54733
FBgn0010383	Q95078
FBgn0010385	P36192
FBgn0010387	P42281
FBgn0010388	P36193
FBgn0010389	Q07407
FBgn0010391	Q9U5L1
FBgn0010395	Q27591
FBgn0010397	Q03427
FBgn0010398	Q9VKU0
FBgn0010399	Q24418
FBgn0010401	Q23971
FBgn0010403	Q23970
FBgn0010406	Q9VSC3
FBgn0010407	Q24488
FBgn0010408	P55935
FBgn0010409	P41093
FBgn0010411	P41094
FBgn0010412	P39018
FBgn0010414	P51905
FBgn0010415	P49415
FBgn0010416	Q24134
FBgn0010417	P49847
FBgn0010421	P41900
FBgn0010422	P20232
FBgn0010423	P47948
FBgn0010424	P47949
FBgn0010425	P35005
FBgn0010431	Q23973
FBgn0010433	P48987
FBgn0010434	Q9V8R9
FBgn0010435	Q9W0X0
FBgn0010438	P54622
FBgn0010441	Q05652
FBgn0010452	M9PFH7
FBgn0010453	P40589
FBgn0010470	A0A0B4K7C5
FBgn0010473	Q967D7
FBgn0010482	E1JGY6
FBgn0010488	A1Z968
FBgn0010497	Q9VKC9
FBgn0010501	O02002
FBgn0010504	Q7JX82
FBgn0010516	Q7KN94
FBgn0010520	Q9VL75
FBgn0010531	E1JH26
FBgn0010548	A0A0C4DHC8
FBgn0010549	P91660
FBgn0010551	A8DYI6
FBgn0010583	Q8IPW2
FBgn0010590	A0AQH0
FBgn0010591	Q9V7Y2
FBgn0010602	Q7KNM2
FBgn0010607	Q8IPL4
FBgn0010611	Q7K4Q9
FBgn0010612	Q9VKM3
FBgn0010620	Q7K5M6
FBgn0010621	Q7KKI0
FBgn0010622	Q9W1V8
FBgn0010638	Q7JZN0
FBgn0010651	Q8MRP7
FBgn0010660	Q9W1X4
FBgn0010741	Q9VTE5
FBgn0010747	Q9V3D9
FBgn0010750	Q9VN55
FBgn0010762	M9PF79
FBgn0010768	Q9VDZ3
FBgn0010770	Q9VDE5
FBgn0010772	Q7KTT0
FBgn0010774	Q9V3E7
FBgn0010786	Q9W0G4
FBgn0010803	Q0KI98
FBgn0010808	Q9VA18
FBgn0010825	M9PHT1
FBgn0010830	Q9VNR6
FBgn0010877	Q9VE96
FBgn0010894	Q9VRM3
FBgn0010905	M9NFI9
FBgn0010909	Q9W002
FBgn0010926	Q9VEJ2
FBgn0011016	Q9VUZ0
FBgn0011020	Q9VI72
FBgn0011202	P48608
FBgn0011204	Q95RU0
FBgn0011205	Q9NHN2
FBgn0011206	Q24207
FBgn0011207	P48612
FBgn0011211	P35381
FBgn0011217	P25867
FBgn0011224	A0A0B4K6W9
FBgn0011225	Q01989
FBgn0011227	Q9XY35
FBgn0011230	Q9VLT5
FBgn0011232	Q9VLC0
FBgn0011236	O77459
FBgn0011239	Q8MZ67
FBgn0011244	Q9VPS5
FBgn0011259	Q24322
FBgn0011260	Q24323
FBgn0011270	Q9VGB6
FBgn0011272	P41126
FBgn0011273	P49258
FBgn0011274	P98149
FBgn0011276	Q9W4X2
FBgn0011277	M9PH26
FBgn0011278	Q7KS77
FBgn0011279	P54191
FBgn0011280	P54192
FBgn0011281	P54193
FBgn0011282	P54194
FBgn0011283	P54195
FBgn0011284	P41042
FBgn0011286	Q24498
FBgn0011288	P36975
FBgn0011289	P52654
FBgn0011290	P49905
FBgn0011291	P49906
FBgn0011293	Q27377
FBgn0011294	P54185
FBgn0011296	P82147
FBgn0011297	Q27333
FBgn0011300	A1Z7L8
FBgn0011305	Q24491
FBgn0011327	Q9XZ61
FBgn0011335	Q9VTT2
FBgn0011336	Q9XZ53
FBgn0011361	Q94519
FBgn0011455	Q9VTU2
FBgn0011474	Q9VFK6
FBgn0011476	Q9VF98
FBgn0011481	A0A0B4KGW6
FBgn0011509	Q9VSN9
FBgn0011554	P42279
FBgn0011555	P42278
FBgn0011556	P42280
FBgn0011559	Q9V3R1
FBgn0011566	Q9W4X8
FBgn0011569	Q9VT91
FBgn0011570	P48603
FBgn0011573	Q24276
FBgn0011576	Q27589
FBgn0011581	P61849
FBgn0011582	P41596
FBgn0011584	Q9VL49
FBgn0011586	Q24337
FBgn0011589	A1ZB14
FBgn0011591	Q24342
FBgn0011592	A1Z920
FBgn0011596	O18412
FBgn0011603	Q9VR07
FBgn0011604	Q24368
FBgn0011606	Q9XZ29
FBgn0011638	P40796
FBgn0011640	Q94901
FBgn0011642	Q9N675
FBgn0011648	P42003
FBgn0011653	Q9VZH2
FBgn0011656	P40791
FBgn0011659	A1Z7C1
FBgn0011660	A1ZA03
FBgn0011661	P46150
FBgn0011666	Q8IMS8
FBgn0011668	Q9VBL6
FBgn0011669	Q9VBL7
FBgn0011670	Q9V3J3
FBgn0011672	P49283
FBgn0011674	Q9W2R4
FBgn0011676	Q27571
FBgn0011692	Q9VZF5
FBgn0011693	Q9VV42
FBgn0011694	Q23982
FBgn0011695	Q9W1C9
FBgn0011701	Q7KSE4
FBgn0011703	P48591
FBgn0011704	P48592
FBgn0011705	O44252
FBgn0011706	Q24475
FBgn0011708	Q24509
FBgn0011710	P42207
FBgn0011715	Q24090
FBgn0011722	Q9VMD9
FBgn0011723	P55965
FBgn0011725	Q8IMX1
FBgn0011726	P45594
FBgn0011737	P54350
FBgn0011739	Q9VA38
FBgn0011740	Q24451
FBgn0011741	P45890
FBgn0011742	P45888
FBgn0011743	P45891
FBgn0011745	P45889
FBgn0011746	Q26307
FBgn0011747	Q0KIE7
FBgn0011754	Q9I7D0
FBgn0011758	Q24255
FBgn0011760	Q24117
FBgn0011761	P47938
FBgn0011762	Q24317
FBgn0011763	Q24318
FBgn0011766	Q27368
FBgn0011768	P46415
FBgn0011769	P37193
FBgn0011770	P36951
FBgn0011771	P55162
FBgn0011774	Q23976
FBgn0011785	Q9VC96
FBgn0011787	Q9VSR5
FBgn0011802	Q9V3C4
FBgn0011817	A0A4D6K823
FBgn0011818	Q9NLA6
FBgn0011822	Q9W5G3
FBgn0011824	Q7KVQ0
FBgn0011826	Q27889
FBgn0011828	Q9VZZ4
FBgn0011829	Q7KT06
FBgn0011832	Q9VQ97
FBgn0011834	Q9VRD0
FBgn0011836	Q24325
FBgn0011837	P47980
FBgn0012034	Q9VP61
FBgn0012036	Q9VLC5
FBgn0012037	Q10714
FBgn0012042	P45884
FBgn0012051	Q11002
FBgn0012058	Q9VS37
FBgn0012344	Q9VH98
FBgn0013263	Q08605
FBgn0013269	P54397
FBgn0013272	Q8MLT4
FBgn0013275	P82910
FBgn0013276	P02825
FBgn0013277	Q8INI8
FBgn0013278	Q9BIS2
FBgn0013279	Q9BIR7
FBgn0013300	Q9V3S3
FBgn0013301	Q9VJR1
FBgn0013303	P42325
FBgn0013305	Q7JRM9
FBgn0013307	P40807
FBgn0013308	P40808
FBgn0013323	X2JCX9
FBgn0013325	P46222
FBgn0013334	Q960T2
FBgn0013342	Q9W0C1
FBgn0013343	Q24547
FBgn0013347	P52656
FBgn0013348	P47947
FBgn0013432	O46098
FBgn0013433	X2J8L2
FBgn0013435	A1Z840
FBgn0013467	Q7JPS2
FBgn0013469	M9PF84
FBgn0013531	P91641
FBgn0013548	Q24371
FBgn0013563	Q9VUC7
FBgn0013576	A0A0B4K620
FBgn0013672	P00850
FBgn0013673	P84345
FBgn0013674	P00399
FBgn0013675	P00408
FBgn0013676	P00417
FBgn0013678	P18935
FBgn0013679	P18929
FBgn0013680	P03896
FBgn0013681	P18930
FBgn0013683	P18934
FBgn0013684	P18932
FBgn0013685	P18933
FBgn0013717	Q9VVR1
FBgn0013718	M9ND89
FBgn0013720	O76899
FBgn0013725	Q27934
FBgn0013726	P40797
FBgn0013732	Q6NQZ5
FBgn0013733	A1Z9J3
FBgn0013746	Q94899
FBgn0013749	P40945
FBgn0013750	P40946
FBgn0013751	Q8IRC7
FBgn0013753	Q24040
FBgn0013755	Q24039
FBgn0013756	A1Z8P9
FBgn0013759	Q24210
FBgn0013762	P48609
FBgn0013763	Q23997
FBgn0013764	Q7KVG9
FBgn0013765	P54623
FBgn0013767	Q26377
FBgn0013770	Q95029
FBgn0013771	Q27594
FBgn0013772	Q27593
FBgn0013773	Q9V769
FBgn0013799	Q24180
FBgn0013810	A0A6H2EJG3
FBgn0013811	Q7KVA7
FBgn0013812	A0A0B4KHJ4
FBgn0013813	Q9VAV5
FBgn0013949	Q8SY52
FBgn0013953	Q9VC29
FBgn0013954	P48375
FBgn0013972	Q07093
FBgn0013973	Q9VA09
FBgn0013981	P84040
FBgn0013983	Q7K4Z4
FBgn0013987	P49071
FBgn0013995	Q9VDG5
FBgn0013997	Q94887
FBgn0014000	Q9VIQ4
FBgn0014006	Q9VDS9
FBgn0014007	P16620
FBgn0014009	O18333
FBgn0014010	Q9V3I2
FBgn0014011	P48554
FBgn0014018	Q94527
FBgn0014019	P91657
FBgn0014020	P48148
FBgn0014022	Q27411
FBgn0014023	Q8T3V6
FBgn0014024	Q9W4D2
FBgn0014026	P46223
FBgn0014028	P21914
FBgn0014029	P54359
FBgn0014031	Q9W3Z3
FBgn0014032	O76752
FBgn0014033	Q9V3H7
FBgn0014037	Q9VW51
FBgn0014073	Q9VZA8
FBgn0014075	Q09332
FBgn0014076	Q9VKI3
FBgn0014092	Q9NK57
FBgn0014127	Q9VIP9
FBgn0014133	M9PHA0
FBgn0014135	Q9VDT9
FBgn0014141	Q9VEN1
FBgn0014143	P32027
FBgn0014163	Q95RI5
FBgn0014179	Q27403
FBgn0014184	P54361
FBgn0014189	Q27268
FBgn0014269	Q7JNE1
FBgn0014340	O02193
FBgn0014342	Q9VND0
FBgn0014343	M9PI45
FBgn0014366	O46106
FBgn0014368	Q8IQE8
FBgn0014380	Q24192
FBgn0014388	O44783
FBgn0014391	Q9VXN2
FBgn0014395	Q9VR52
FBgn0014396	P49021
FBgn0014411	Q9W552
FBgn0014417	Q9VLL5
FBgn0014427	Q9VAN0
FBgn0014454	Q26416
FBgn0014455	Q27580
FBgn0014464	A0A6F7S5S7
FBgn0014465	Q9W3E8
FBgn0014466	Q9W3E7
FBgn0014469	Q27606
FBgn0014848	Q9VUT1
FBgn0014849	Q9VUT2
FBgn0014850	Q24077
FBgn0014851	Q9VUT3
FBgn0014857	C0HL66
FBgn0014859	P49869
FBgn0014861	P49735
FBgn0014863	Q24400
FBgn0014865	Q24395
FBgn0014868	Q24319
FBgn0014869	Q9VAN7
FBgn0014870	A1ZAK8
FBgn0014877	P48604
FBgn0014879	P53997
FBgn0014903	Q9W5B5
FBgn0014906	Q24093
FBgn0014930	O76206
FBgn0014931	Q8T053
FBgn0014949	Q9VCY0
FBgn0015000	Q24173
FBgn0015001	P52905
FBgn0015008	Q9VEQ5
FBgn0015010	Q9VY18
FBgn0015011	P50245
FBgn0015019	P48605
FBgn0015024	P54367
FBgn0015025	Q9VUU3
FBgn0015031	Q9VMS1
FBgn0015032	Q9VA27
FBgn0015033	Q9VS79
FBgn0015034	Q9V4T5
FBgn0015035	Q9VL92
FBgn0015036	O46054
FBgn0015037	Q9V558
FBgn0015038	Q9V4I0
FBgn0015039	Q9V4I1
FBgn0015040	Q9W130
FBgn0015075	Q9VNV3
FBgn0015218	P48598
FBgn0015221	Q9VA83
FBgn0015222	Q7KRU8
FBgn0015229	Q9VD73
FBgn0015230	P53403
FBgn0015239	Q24142
FBgn0015240	Q24143
FBgn0015245	O02649
FBgn0015247	Q24307
FBgn0015268	Q9W1G7
FBgn0015269	Q9VBJ2
FBgn0015270	Q24168
FBgn0015271	Q24169
FBgn0015277	Q9W1M7
FBgn0015278	Q7K3H0
FBgn0015279	P91634
FBgn0015282	P48601
FBgn0015283	P55035
FBgn0015286	P48555
FBgn0015288	P50887
FBgn0015295	Q24145
FBgn0015296	Q9V3C8
FBgn0015298	P49963
FBgn0015299	Q9VLR5
FBgn0015300	Q24536
FBgn0015316	Q9VLF5
FBgn0015320	P52485
FBgn0015321	P52486
FBgn0015331	Q9V3C0
FBgn0015336	Q9VXD4
FBgn0015338	Q9V3I6
FBgn0015351	Q9VER8
FBgn0015359	Q24050
FBgn0015360	Q7KVA1
FBgn0015371	Q7YU81
FBgn0015372	Q9V3C2
FBgn0015376	Q8IQ05
FBgn0015379	P54353
FBgn0015380	Q27324
FBgn0015381	Q9VML1
FBgn0015391	Q9V3A7
FBgn0015396	Q9XTP7
FBgn0015399	Q9VK54
FBgn0015400	Q9VKG1
FBgn0015402	Q24171
FBgn0015477	A1Z7S0
FBgn0015509	Q24311
FBgn0015513	A0A0B4K7Q6
FBgn0015519	Q9W3G6
FBgn0015520	Q24113
FBgn0015521	O76927
FBgn0015522	Q7JRH7
FBgn0015524	P56672
FBgn0015527	O61345
FBgn0015544	Q9V3E9
FBgn0015546	P43248
FBgn0015550	O16867
FBgn0015553	Q24558
FBgn0015558	Q9U6L4
FBgn0015561	Q4V5A3
FBgn0015568	Q9VIC3
FBgn0015569	A0A0B4K6L1
FBgn0015570	Q961N0
FBgn0015571	Q8SZW5
FBgn0015572	Q9VIC0
FBgn0015574	Q9VIB6
FBgn0015575	Q9VIB5
FBgn0015576	Q9VIB3
FBgn0015577	Q9VIB1
FBgn0015582	Q9V3T9
FBgn0015583	O46197
FBgn0015584	O46199
FBgn0015585	O46200
FBgn0015586	Q9VVW1
FBgn0015589	Q9VAS9
FBgn0015591	Q9VC44
FBgn0015600	Q9VQM0
FBgn0015602	Q7JN06
FBgn0015609	O15943
FBgn0015614	Q24214
FBgn0015615	Q9VXE9
FBgn0015618	Q9VT57
FBgn0015621	Q9VPT8
FBgn0015622	Q9VAL7
FBgn0015623	Q27597
FBgn0015625	Q9I7I0
FBgn0015663	Q9VQT0
FBgn0015664	Q94883
FBgn0015714	Q9V770
FBgn0015721	Q86PC9
FBgn0015737	Q9VB46
FBgn0015754	Q7KNS3
FBgn0015756	P50882
FBgn0015765	O62618
FBgn0015766	Q8IQ63
FBgn0015770	Q9VIA4
FBgn0015772	Q9VJ30
FBgn0015773	Q24567
FBgn0015774	Q24568
FBgn0015776	Q24046
FBgn0015777	Q24048
FBgn0015778	Q9VFT4
FBgn0015781	Q9V3F8
FBgn0015789	O15971
FBgn0015790	O18335
FBgn0015791	Q86BK8
FBgn0015793	O18339
FBgn0015794	Q9W4A0
FBgn0015795	O76742
FBgn0015797	O18334
FBgn0015799	Q24472
FBgn0015801	Q94913
FBgn0015803	A8DZ19
FBgn0015805	Q94517
FBgn0015808	Q9VJ43
FBgn0015818	Q9W424
FBgn0015828	O96880
FBgn0015829	O96881
FBgn0015831	Q9VIB7
FBgn0015834	O02195
FBgn0015838	A0A0B4KEN4
FBgn0015872	Q9V5Z7
FBgn0015903	A0A0B4KGD0
FBgn0015904	Q24248
FBgn0015905	Q9VPW1
FBgn0015919	P54269
FBgn0015924	Q27367
FBgn0015925	Q9U6Y9
FBgn0015926	Q24175
FBgn0015929	Q26454
FBgn0015946	Q24570
FBgn0015949	A0A0B4KG96
FBgn0016013	Q9VZI8
FBgn0016031	Q9VRK8
FBgn0016032	Q24188
FBgn0016034	Q9VNS0
FBgn0016036	Q9VS36
FBgn0016038	O77259
FBgn0016041	Q9U4L6
FBgn0016047	A1Z8J4
FBgn0016053	A8DYL7
FBgn0016054	Q0E8P0
FBgn0016059	Q7KK54
FBgn0016061	A0A0B4K7N1
FBgn0016070	Q23972
FBgn0016075	Q9VMV5
FBgn0016076	Q9VMS4
FBgn0016078	Q9V576
FBgn0016081	Q9VT28
FBgn0016119	Q24407
FBgn0016120	Q24251
FBgn0016122	Q9VLJ6
FBgn0016123	Q24238
FBgn0016126	Q7JMV3
FBgn0016131	Q7K306
FBgn0016641	Q9W2F3
FBgn0016650	Q9VEG4
FBgn0016660	Q94890
FBgn0016672	Q9VFP6
FBgn0016675	Q9VIX1
FBgn0016684	Q7JZR4
FBgn0016685	Q27415
FBgn0016687	O77460
FBgn0016691	Q24439
FBgn0016693	Q8T8W3
FBgn0016694	Q8SZT1
FBgn0016696	Q9VPC0
FBgn0016697	Q95083
FBgn0016698	Q9VQQ0
FBgn0016701	Q7KY04
FBgn0016715	Q94915
FBgn0016726	Q24154
FBgn0016754	A8JR92
FBgn0016756	Q24574
FBgn0016762	Q24239
FBgn0016794	Q9VZZ9
FBgn0016797	Q9VVX3
FBgn0016917	Q24151
FBgn0016919	Q7KRS6
FBgn0016920	Q9VMR4
FBgn0016926	Q9VPW8
FBgn0016930	Q9V3D5
FBgn0016970	Q9V574
FBgn0016975	Q24212
FBgn0016976	Q24211
FBgn0016977	Q8SX83
FBgn0016978	P17133
FBgn0016983	Q9VS62
FBgn0016984	Q9W2R3
FBgn0017414	Q7JR24
FBgn0017418	Q94981
FBgn0017429	Q9VSM4
FBgn0017430	P92204
FBgn0017448	P91659
FBgn0017456	P52487
FBgn0017457	Q94535
FBgn0017482	Q9W265
FBgn0017545	P55830
FBgn0017550	Q94547
FBgn0017551	Q9VM76
FBgn0017556	Q27575
FBgn0017558	P91622
FBgn0017561	Q94526
FBgn0017566	Q94511
FBgn0017567	Q9VF27
FBgn0017572	P91891
FBgn0017577	Q9VGW6
FBgn0017578	P91664
FBgn0017579	P55841
FBgn0017581	Q9VGI4
FBgn0017590	Q9VCT4
FBgn0019624	Q94514
FBgn0019637	Q94546
FBgn0019644	Q94516
FBgn0019650	A0A6H2EG63
FBgn0019662	Q9VS54
FBgn0019686	O61267
FBgn0019809	Q9VLA2
FBgn0019828	O01352
FBgn0019830	Q9VQG4
FBgn0019890	Q9V414
FBgn0019925	O18405
FBgn0019928	Q4V3S6
FBgn0019929	Q9W314
FBgn0019932	P91931
FBgn0019936	P55828
FBgn0019938	P91875
FBgn0019940	O01668
FBgn0019949	O17432
FBgn0019952	Q9VCA2
FBgn0019957	P91929
FBgn0019960	P91928
FBgn0019968	A0A0B4KFR5
FBgn0019972	O01382
FBgn0019982	Q94529
FBgn0019985	P91685
FBgn0019990	A0A0B4KHX7
FBgn0020018	Q9VC52
FBgn0020224	Q9VSK2
FBgn0020235	O01666
FBgn0020236	Q7KN85
FBgn0020238	P92177
FBgn0020248	Q9W0E9
FBgn0020249	Q8INQ9
FBgn0020251	Q9V3L1
FBgn0020255	Q9VZ23
FBgn0020257	A0A0B4KF28
FBgn0020258	Q7KT94
FBgn0020261	E1JJR3
FBgn0020269	Q7JY80
FBgn0020270	Q9XYZ4
FBgn0020272	O01939
FBgn0020277	O02372
FBgn0020278	Q9VCX1
FBgn0020279	Q86S05
FBgn0020280	A0A0B4LGL3
FBgn0020294	Q9VP79
FBgn0020299	Q9VFI0
FBgn0020300	Q9VVN7
FBgn0020304	E1JHR0
FBgn0020305	Q9VPU8
FBgn0020306	Q9NDJ2
FBgn0020307	Q9W268
FBgn0020309	O61360
FBgn0020312	Q7K4B6
FBgn0020369	O18413
FBgn0020370	Q9V6K1
FBgn0020371	Q9VJP1
FBgn0020372	A0A0B4KFZ4
FBgn0020376	Q9N2Q3
FBgn0020377	A1Z8V0
FBgn0020378	M9PJG1
FBgn0020379	A0A0B4K653
FBgn0020381	Q8IRY7
FBgn0020385	O96553
FBgn0020386	Q9W0V1
FBgn0020388	Q9VTZ1
FBgn0020389	Q8IQV1
FBgn0020391	Q9V6K3
FBgn0020392	O61613
FBgn0020399	Q9VEX4
FBgn0020407	Q9VEX5
FBgn0020412	Q9V3I5
FBgn0020414	Q8MLZ7
FBgn0020415	Q9V3D4
FBgn0020416	Q8MM24
FBgn0020429	Q9VMP3
FBgn0020440	B7YZL9
FBgn0020443	Q9VK85
FBgn0020445	Q7KU30
FBgn0020493	A0A6H2EEY2
FBgn0020496	O46036
FBgn0020497	Q9TVM2
FBgn0020503	Q9VJE5
FBgn0020506	O18408
FBgn0020508	Q9VY19
FBgn0020509	O46202
FBgn0020510	A0A0B4K774
FBgn0020513	Q9I7S8
FBgn0020521	Q8IRK0
FBgn0020545	O18391
FBgn0020616	Q9VM62
FBgn0020617	Q9W2Q1
FBgn0020618	O18640
FBgn0020620	A1Z9K4
FBgn0020621	A1Z7T0
FBgn0020622	Q7KTZ2
FBgn0020626	Q9VC05
FBgn0020633	Q9XYU0
FBgn0020637	C0HL65
FBgn0020638	C0HL64
FBgn0020639	P92194
FBgn0020640	P91942
FBgn0020641	P91939
FBgn0020642	P92181
FBgn0020643	C0HL63
FBgn0020644	C0HL62
FBgn0020645	P91940
FBgn0020647	Q9VCE7
FBgn0020653	P91938
FBgn0020655	Q9VTX5
FBgn0020660	Q7PLL3
FBgn0020762	Q9VQY4
FBgn0020764	O18680
FBgn0020765	P91941
FBgn0020767	A0A0B4KG11
FBgn0020880	Q9VLX5
FBgn0020887	Q9NJG9
FBgn0020906	Q9VMX7
FBgn0020907	O16158
FBgn0020908	Q8MSI2
FBgn0020909	P56175
FBgn0020910	O16797
FBgn0020912	O18400
FBgn0020930	Q7K579
FBgn0021738	Q8IRT6
FBgn0021742	Q9VZ44
FBgn0021750	Q9VF85
FBgn0021760	Q9NBD7
FBgn0021761	Q9V463
FBgn0021764	O97394
FBgn0021765	O18404
FBgn0021767	Q9W3F4
FBgn0021768	Q9VVA6
FBgn0021776	Q9VDR7
FBgn0021795	Q7KLX3
FBgn0021796	Q9VK45
FBgn0021800	Q8MRQ2
FBgn0021814	Q9V359
FBgn0021825	Q7K2D2
FBgn0021847	Q7KN74
FBgn0021856	Q9VID7
FBgn0021872	Q8MLW7
FBgn0021874	Q9VPR4
FBgn0021875	Q9W1A3
FBgn0021895	Q9W1I6
FBgn0021906	Q9VQ29
FBgn0021944	Q9V3D2
FBgn0021967	Q9VQR2
FBgn0021979	Q7K274
FBgn0021995	Q7JQN4
FBgn0022023	Q9U9Q4
FBgn0022027	Q7JXV9
FBgn0022029	Q8MQK4
FBgn0022069	Q9VJZ7
FBgn0022097	Q9V7D2
FBgn0022153	Q9VQZ1
FBgn0022160	Q7K569
FBgn0022213	Q9XZU1
FBgn0022224	Q9V998
FBgn0022238	Q7KRI2
FBgn0022288	Q8SYL1
FBgn0022338	Q9XZT6
FBgn0022343	Q8MMC4
FBgn0022344	Q9VES8
FBgn0022349	Q9V9U3
FBgn0022355	Q9VWV6
FBgn0022359	O96299
FBgn0022361	Q9V4D9
FBgn0022382	P81900
FBgn0022699	Q9VRV4
FBgn0022700	Q9W2M6
FBgn0022702	Q9W092
FBgn0022709	Q8IQG9
FBgn0022710	M9PEP2
FBgn0022724	Q9VWY6
FBgn0022740	Q0IGU7
FBgn0022764	A0A0B4K765
FBgn0022768	Q9W4H8
FBgn0022770	O17452
FBgn0022774	Q9VW26
FBgn0022786	O17468
FBgn0022787	Q9VF02
FBgn0022800	Q9VBW3
FBgn0022893	O16043
FBgn0022935	Q9VRV5
FBgn0022936	O76513
FBgn0022942	Q7K4N3
FBgn0022943	Q9V3L6
FBgn0022959	Q95RE4
FBgn0022960	A1Z6S7
FBgn0022981	A0A0B4K691
FBgn0022984	O44434
FBgn0022985	Q9W254
FBgn0022986	Q9W255
FBgn0022987	A0A0B4KFT9
FBgn0023000	O97148
FBgn0023001	Q9VS24
FBgn0023023	Q8IPQ2
FBgn0023076	O61735
FBgn0023081	Q9W1B0
FBgn0023083	A0A126GUV7
FBgn0023090	Q8INT5
FBgn0023091	B6VQA1
FBgn0023094	O61734
FBgn0023095	A0A0S0WP14
FBgn0023096	Q0E8P6
FBgn0023097	A0A0B4KGE5
FBgn0023129	Q9VSY6
FBgn0023130	O46341
FBgn0023143	Q8T0L3
FBgn0023167	O44437
FBgn0023169	O18645
FBgn0023170	O16130
FBgn0023171	Q7JY33
FBgn0023172	A1ZAN6
FBgn0023174	Q9VUJ1
FBgn0023175	Q9V5C6
FBgn0023177	O76932
FBgn0023178	O96690
FBgn0023179	Q9VBC7
FBgn0023180	Q9Y1B2
FBgn0023181	Q9W102
FBgn0023197	M9MS20
FBgn0023212	O44226
FBgn0023213	A8DZ29
FBgn0023214	Q7K119
FBgn0023215	M9NGP0
FBgn0023216	O46043
FBgn0023388	M9ND00
FBgn0023395	O16102
FBgn0023407	Q9VJX3
FBgn0023415	O46203
FBgn0023416	Q9V9R3
FBgn0023441	Q9BJZ5
FBgn0023458	Q9W425
FBgn0023477	Q9W1G0
FBgn0023479	Q9VSU2
FBgn0023489	Q9XZU0
FBgn0023495	O46108
FBgn0023496	O46107
FBgn0023506	O44424
FBgn0023507	Q7K511
FBgn0023508	O46094
FBgn0023509	Q9W542
FBgn0023510	Q9W543
FBgn0023511	M9PG98
FBgn0023512	Q9W541
FBgn0023513	O46089
FBgn0023514	Q9W550
FBgn0023515	Q7KW09
FBgn0023516	O46085
FBgn0023517	O46084
FBgn0023518	Q8IRW8
FBgn0023519	Q9W547
FBgn0023520	O46080
FBgn0023521	O46079
FBgn0023522	Q9I7X6
FBgn0023523	O46077
FBgn0023524	A0A4D6K3U9
FBgn0023525	Q95R34
FBgn0023526	O46070
FBgn0023527	Q9W4Z9
FBgn0023528	Q29R09
FBgn0023529	O46067
FBgn0023530	Q9W569
FBgn0023531	Q7KW14
FBgn0023534	Q8MYW2
FBgn0023535	O76895
FBgn0023536	Q8SWW9
FBgn0023537	Q7KW39
FBgn0023540	O46052
FBgn0023541	O46051
FBgn0023542	O46050
FBgn0023545	Q8T4E1
FBgn0023549	Q9W509
FBgn0023550	Q9W508
FBgn0024150	Q9VP76
FBgn0024177	Q9VRX6
FBgn0024179	M9PE88
FBgn0024182	Q9VRH6
FBgn0024183	Q9V426
FBgn0024184	O77215
FBgn0024187	Q9GQF1
FBgn0024188	Q9NHD5
FBgn0024189	Q0E9F2
FBgn0024191	Q9Y103
FBgn0024194	Q9VZU2
FBgn0024196	Q7KMS3
FBgn0024222	Q9VEZ5
FBgn0024227	Q9VKN7
FBgn0024230	P25722
FBgn0024232	O61366
FBgn0024234	P27091
FBgn0024236	Q9VSL7
FBgn0024238	Q8IQZ7
FBgn0024244	Q9VQS6
FBgn0024245	Q9V422
FBgn0024248	Q9XTN2
FBgn0024249	Q0IGT4
FBgn0024250	Q9XTN4
FBgn0024251	O61348
FBgn0024273	Q9VAT0
FBgn0024277	Q7KVD1
FBgn0024285	Q9VL71
FBgn0024288	Q9VA17
FBgn0024289	O97479
FBgn0024291	Q9VK34
FBgn0024293	A1Z6V5
FBgn0024294	Q7KA66
FBgn0024314	Q9VPY2
FBgn0024315	Q9V7S5
FBgn0024319	O61365
FBgn0024320	Q9VL24
FBgn0024321	Q9VFK4
FBgn0024326	O61444
FBgn0024329	Q8MSQ4
FBgn0024330	Q8MSX2
FBgn0024352	Q9VPN5
FBgn0024360	O46102
FBgn0024361	O46101
FBgn0024362	Q95RC0
FBgn0024364	O46307
FBgn0024365	O46100
FBgn0024366	O46099
FBgn0024371	O77051
FBgn0024432	Q94524
FBgn0024491	Q9VEX9
FBgn0024509	Q9V3J4
FBgn0024510	Q8T626
FBgn0024542	Q9U9Q2
FBgn0024555	Q9VFS5
FBgn0024556	A1Z9E3
FBgn0024558	Q8IN02
FBgn0024689	Q9VJD3
FBgn0024698	Q9V726
FBgn0024728	Q8MR31
FBgn0024732	A0A0B4KFQ3
FBgn0024733	O61231
FBgn0024734	O61722
FBgn0024740	Q9VKR5
FBgn0024754	O61491
FBgn0024804	O61305
FBgn0024806	Q9W0S9
FBgn0024807	Q9TW27
FBgn0024811	Q9XYM0
FBgn0024814	Q9VWA1
FBgn0024833	O62531
FBgn0024836	Q9V5N8
FBgn0024841	O76454
FBgn0024846	O61443
FBgn0024887	Q9VPH4
FBgn0024889	O76521
FBgn0024897	Q9V3N9
FBgn0024909	Q9VHY5
FBgn0024912	O76339
FBgn0024913	O61643
FBgn0024920	O76511
FBgn0024921	Q9VRV8
FBgn0024941	Q9VXA3
FBgn0024943	Q9W3E2
FBgn0024944	Q7JQF1
FBgn0024945	O76464
FBgn0024947	M9PBV2
FBgn0024956	Q7KPG8
FBgn0024957	Q9VGZ3
FBgn0024958	Q9VCV4
FBgn0024963	Q94900
FBgn0024973	O76912
FBgn0024975	Q960Q9
FBgn0024980	Q7KVY7
FBgn0024983	O76896
FBgn0024984	Q9W511
FBgn0024985	O76878
FBgn0024986	O76877
FBgn0024987	O76876
FBgn0024989	O76874
FBgn0024991	Q8IRV6
FBgn0024992	Q9W4W8
FBgn0024993	Q9W4W7
FBgn0024994	O76865
FBgn0024995	Q9W4W5
FBgn0024996	O76863
FBgn0024997	Q9W4W4
FBgn0024998	O76861
FBgn0025109	O76462
FBgn0025111	O62526
FBgn0025115	P56544
FBgn0025185	Q5BIC3
FBgn0025186	O76924
FBgn0025334	Q9W1H7
FBgn0025335	O77475
FBgn0025336	O77477
FBgn0025352	Q9W1H8
FBgn0025355	Q9VTE2
FBgn0025360	Q95RW8
FBgn0025366	O76994
FBgn0025373	Q7KN61
FBgn0025378	Q8MRL2
FBgn0025381	O76902
FBgn0025382	O76901
FBgn0025383	Q9W586
FBgn0025387	M9PJ28
FBgn0025388	Q5BI31
FBgn0025390	O76894
FBgn0025391	O76892
FBgn0025393	O76888
FBgn0025394	Q9W579
FBgn0025454	Q9V674
FBgn0025455	O96433
FBgn0025456	Q9VEK7
FBgn0025457	Q9VAJ2
FBgn0025463	Q9VYG2
FBgn0025469	Q7JVE7
FBgn0025519	A1ZAC7
FBgn0025525	Q9W0K4
FBgn0025549	Q9XYQ2
FBgn0025558	O77286
FBgn0025571	Q9VEJ1
FBgn0025573	Q7KVM5
FBgn0025574	O77237
FBgn0025578	P82384
FBgn0025582	O77410
FBgn0025583	O77150
FBgn0025592	Q9W0U0
FBgn0025595	Q7KTL9
FBgn0025608	Q9VJ58
FBgn0025612	Q9W4I5
FBgn0025613	Q9W4I6
FBgn0025615	O77277
FBgn0025616	Q9W5D2
FBgn0025620	O77436
FBgn0025621	Q9W5D3
FBgn0025624	O77262
FBgn0025625	Q9W532
FBgn0025626	Q9W531
FBgn0025627	Q9W528
FBgn0025629	O77263
FBgn0025630	O77264
FBgn0025631	Q9W534
FBgn0025632	Q9W533
FBgn0025633	Q0KHX7
FBgn0025634	Q9W5E2
FBgn0025635	O77260
FBgn0025637	O77430
FBgn0025638	Q9W5E1
FBgn0025639	Q9W5E0
FBgn0025640	O77425
FBgn0025641	M9MSM5
FBgn0025642	O77424
FBgn0025643	Q9W4V1
FBgn0025644	O76870
FBgn0025645	Q9W4U8
FBgn0025674	Q961D1
FBgn0025676	Q8IRI7
FBgn0025678	Q9V438
FBgn0025679	Q0IGQ2
FBgn0025680	O77059
FBgn0025681	Q9VQK0
FBgn0025682	Q9W0H8
FBgn0025684	Q9VQZ7
FBgn0025686	Q9VPN2
FBgn0025692	Q8T8W2
FBgn0025693	Q8T0G1
FBgn0025697	Q9VM10
FBgn0025700	Q9VL69
FBgn0025702	M9MS50
FBgn0025709	Q7K4A1
FBgn0025712	Q8T0T9
FBgn0025716	Q7K012
FBgn0025720	O96539
FBgn0025724	O62621
FBgn0025725	Q9W0B8
FBgn0025726	H9XVP2
FBgn0025739	Q9W4I7
FBgn0025740	Q9V4A7
FBgn0025741	Q9V491
FBgn0025742	Q9VMI9
FBgn0025743	Q9VXE5
FBgn0025776	Q7KUL4
FBgn0025777	Q0E8S7
FBgn0025781	Q9VCN6
FBgn0025790	Q8SXP8
FBgn0025800	O96660
FBgn0025802	Q9VGH9
FBgn0025807	O96533
FBgn0025808	O96532
FBgn0025809	Q9VXP4
FBgn0025814	Q8SY19
FBgn0025815	Q9V461
FBgn0025820	O96067
FBgn0025821	Q9VGJ2
FBgn0025825	Q7KTS4
FBgn0025827	A1ZAL1
FBgn0025832	Q7K7A9
FBgn0025833	A1ZAL4
FBgn0025835	A8JUS7
FBgn0025836	X2JC00
FBgn0025837	M9NFP5
FBgn0025838	Q9W4X1
FBgn0025839	O97418
FBgn0025864	Q9W3D3
FBgn0025865	Q9VDF4
FBgn0025866	Q9VT65
FBgn0025874	O96395
FBgn0025878	Q9W260
FBgn0025879	Q9VH14
FBgn0025885	O97477
FBgn0025936	Q9V4E5
FBgn0026015	O96651
FBgn0026056	Q9VDG2
FBgn0026058	Q9VX20
FBgn0026059	Q8INC3
FBgn0026060	Q9W438
FBgn0026061	Q9VV72
FBgn0026063	Q9VGQ0
FBgn0026064	Q9VGP9
FBgn0026076	Q9VXN1
FBgn0026077	Q9VNL0
FBgn0026079	Q9W4M9
FBgn0026080	Q960X4
FBgn0026083	Q9W4M7
FBgn0026084	O97428
FBgn0026085	Q9W4M8
FBgn0026086	Q9NII1
FBgn0026088	O97420
FBgn0026089	Q9W551
FBgn0026090	O96824
FBgn0026136	O96863
FBgn0026141	O96860
FBgn0026143	O96989
FBgn0026144	M9PHB8
FBgn0026147	Q8IPB2
FBgn0026148	Q9VKM0
FBgn0026149	O76857
FBgn0026150	Q9VJG0
FBgn0026160	A0A6J3SHB9
FBgn0026174	Q9VWC5
FBgn0026175	Q9VWC4
FBgn0026176	Q7KJ69
FBgn0026179	Q9VP80
FBgn0026181	Q9VXE3
FBgn0026189	P82295
FBgn0026190	Q9VA65
FBgn0026192	O97111
FBgn0026196	Q9VM69
FBgn0026199	Q9V4F4
FBgn0026206	M9PH32
FBgn0026207	Q9GYU8
FBgn0026238	A1Z6E0
FBgn0026239	Q9VE13
FBgn0026250	Q9VEA1
FBgn0026252	Q9VSD6
FBgn0026255	Q0E8N6
FBgn0026257	Q95RV2
FBgn0026259	Q9VZP5
FBgn0026261	Q8WTC1
FBgn0026262	Q9V4D4
FBgn0026263	Q9V457
FBgn0026268	Q9VZ19
FBgn0026309	Q9UAS6
FBgn0026313	X2JE74
FBgn0026314	Q9VGT0
FBgn0026315	Q9VGS9
FBgn0026316	Q7K738
FBgn0026319	Q9XYR0
FBgn0026320	Q9V3S6
FBgn0026323	Q9V3Q6
FBgn0026324	Q9XZT7
FBgn0026326	Q7KND8
FBgn0026361	Q7KLG8
FBgn0026369	Q7K9H6
FBgn0026371	O97143
FBgn0026372	Q9W0A8
FBgn0026373	O97183
FBgn0026374	Q9XYY9
FBgn0026375	Q9VX32
FBgn0026376	M9PCE9
FBgn0026378	Q9V8W3
FBgn0026379	Q7KMQ6
FBgn0026380	Q9XYN7
FBgn0026384	P81923
FBgn0026385	P81922
FBgn0026386	P81921
FBgn0026388	Q9V3N2
FBgn0026389	P81917
FBgn0026390	P81916
FBgn0026391	P81915
FBgn0026392	P81914
FBgn0026393	P81918
FBgn0026394	P81913
FBgn0026395	P81912
FBgn0026396	P81911
FBgn0026397	P81910
FBgn0026398	P81909
FBgn0026399	A0A0B4KGT9
FBgn0026400	Q9VAU9
FBgn0026401	Q7PLI2
FBgn0026402	Q9V7W9
FBgn0026403	A1Z877
FBgn0026404	Q9XYF4
FBgn0026409	Q0E8E8
FBgn0026411	Q9V472
FBgn0026415	Q9W303
FBgn0026417	Q9VN60
FBgn0026418	M9MSL3
FBgn0026427	A1Z9S6
FBgn0026428	M9PJN5
FBgn0026430	Q9XYP7
FBgn0026431	Q9VKU7
FBgn0026432	Q9VTS3
FBgn0026433	Q9VXU8
FBgn0026438	E1JHQ6
FBgn0026439	A0A6H2EJK0
FBgn0026441	A0A0B4KG69
FBgn0026479	Q9VQE0
FBgn0026533	Q8T0D3
FBgn0026562	O97365
FBgn0026563	Q9VI49
FBgn0026565	O97069
FBgn0026566	O97067
FBgn0026570	Q9W047
FBgn0026573	A1Z8R2
FBgn0026575	Q9VXG1
FBgn0026576	Q9VCE0
FBgn0026577	Q9VID9
FBgn0026582	Q9W2K8
FBgn0026592	Q9VZL8
FBgn0026593	D5SHT6
FBgn0026597	Q9V407
FBgn0026598	Q9Y1T2
FBgn0026602	Q7JWW6
FBgn0026616	Q9VF33
FBgn0026619	Q9V6G5
FBgn0026620	A0A0B4JD97
FBgn0026630	Q9VVX5
FBgn0026634	Q9VF78
FBgn0026666	Q8T3X9
FBgn0026679	Q9W3E1
FBgn0026702	Q7KVW2
FBgn0026713	Q9VY54
FBgn0026718	Q7KTI0
FBgn0026721	Q7KN04
FBgn0026722	Q7KNF1
FBgn0026737	A8JR14
FBgn0026738	Q9VUN9
FBgn0026741	Q7JVK1
FBgn0026751	Q9Y095
FBgn0026754	A1ZAK0
FBgn0026755	Q9VMG1
FBgn0026756	Q9VIM9
FBgn0026760	Q9VJX9
FBgn0026761	A1Z6L9
FBgn0026777	Q9V3W9
FBgn0026778	Q9VQD4
FBgn0026787	Q9VPJ1
FBgn0026869	Q9V4D8
FBgn0026872	Q9W588
FBgn0026873	Q9XZT1
FBgn0026874	Q7KW26
FBgn0026876	Q9XZS9
FBgn0026878	Q9XZS4
FBgn0026879	Q9XZS3
FBgn0027052	Q9XYW6
FBgn0027053	Q9XZ58
FBgn0027054	Q9V345
FBgn0027055	Q8SYG2
FBgn0027057	Q9VVU5
FBgn0027066	A1Z6P3
FBgn0027070	Q9VJ45
FBgn0027073	Q9W2J4
FBgn0027074	Q9VJ47
FBgn0027079	A0A0B4KF06
FBgn0027080	Q9VV60
FBgn0027081	Q9VKB0
FBgn0027082	Q9VZY9
FBgn0027083	Q9VFL5
FBgn0027084	Q9W327
FBgn0027085	Q9VZ82
FBgn0027086	Q8MSW0
FBgn0027087	Q8IQX8
FBgn0027088	Q9VUK8
FBgn0027090	Q9Y105
FBgn0027091	Q7KN90
FBgn0027093	Q9VXN4
FBgn0027094	Q9VLM8
FBgn0027095	Q9XZ63
FBgn0027101	P83102
FBgn0027106	Q9V3W6
FBgn0027107	Q9VR82
FBgn0027108	Q9V427
FBgn0027109	Q9VET0
FBgn0027111	Q9W0S5
FBgn0027259	Q9VYX4
FBgn0027279	Q9VR59
FBgn0027280	Q9W3M4
FBgn0027287	A0A4D6K5M0
FBgn0027291	Q9VWH4
FBgn0027296	Q9W501
FBgn0027329	Q9VXQ5
FBgn0027330	Q9W3C1
FBgn0027334	Q9VR89
FBgn0027335	Q9VWS3
FBgn0027338	Q9V455
FBgn0027339	M9PGG2
FBgn0027342	Q9NBW1
FBgn0027343	O77438
FBgn0027348	Q9V3S9
FBgn0027356	Q7KLE5
FBgn0027358	Q9Y0V3
FBgn0027359	Q9Y1A3
FBgn0027360	Q9W2D6
FBgn0027363	Q9XTL2
FBgn0027364	Q9Y1P6
FBgn0027375	Q9V433
FBgn0027376	Q9VBR7
FBgn0027378	Q9Y0I1
FBgn0027453	Q9VKN8
FBgn0027490	Q9VLL1
FBgn0027491	Q9V3H5
FBgn0027492	A0A6F7R657
FBgn0027493	Q9Y0Y2
FBgn0027494	Q9VB14
FBgn0027495	Q7KMH5
FBgn0027496	Q9Y0Y5
FBgn0027497	Q9Y0Y6
FBgn0027498	Q9Y0Y7
FBgn0027499	Q7KMH9
FBgn0027500	Q9VV79
FBgn0027503	Q9Y0Z1
FBgn0027504	Q7KMI3
FBgn0027505	Q9VKB9
FBgn0027506	A1ZAS8
FBgn0027507	A1Z6G6
FBgn0027508	Q9VBP3
FBgn0027509	Q9VQ78
FBgn0027512	Q9XZ32
FBgn0027513	Q9XZ31
FBgn0027514	B9A0M7
FBgn0027515	Q9XZ28
FBgn0027518	Q9XZ25
FBgn0027521	Q9XZ22
FBgn0027524	Q9XZ19
FBgn0027525	Q7KN79
FBgn0027526	Q9XZ16
FBgn0027527	Q9XZ15
FBgn0027528	Q9XZ14
FBgn0027529	Q0E910
FBgn0027532	Q9XZ11
FBgn0027535	Q9XZ08
FBgn0027537	Q9XZ06
FBgn0027538	Q7KN92
FBgn0027539	Q9VC35
FBgn0027544	Q9Y104
FBgn0027546	Q9Y106
FBgn0027547	Q9Y107
FBgn0027548	Q7KMJ6
FBgn0027549	Q9Y109
FBgn0027550	Q9Y110
FBgn0027552	Q9Y112
FBgn0027553	Q9Y113
FBgn0027554	Q9Y114
FBgn0027556	Q9Y115
FBgn0027558	Q9Y117
FBgn0027560	Q9Y119
FBgn0027561	A1Z7Q5
FBgn0027562	Q9VET1
FBgn0027563	Q9Y122
FBgn0027564	Q9Y123
FBgn0027565	Q9Y124
FBgn0027567	Q9VT61
FBgn0027568	Q9VKY2
FBgn0027569	Q9Y128
FBgn0027570	A0A0B4K692
FBgn0027572	Q7KML2
FBgn0027574	Q8IMP6
FBgn0027575	A0A0B4LHR4
FBgn0027578	Q9Y136
FBgn0027579	Q9Y137
FBgn0027580	Q0E9E2
FBgn0027581	A0A0B4KF19
FBgn0027582	Q9VKJ6
FBgn0027583	Q9Y140
FBgn0027584	Q9Y141
FBgn0027586	Q9Y143
FBgn0027587	X2JAG8
FBgn0027588	Q7KMM4
FBgn0027589	Q7KMM5
FBgn0027590	Q9XYZ9
FBgn0027592	Q9Y149
FBgn0027594	Q9W0A0
FBgn0027596	A8DYE0
FBgn0027597	Q9Y153
FBgn0027598	A0A0B4KI34
FBgn0027599	Q9W0X8
FBgn0027600	Q9Y156
FBgn0027601	Q9VXZ8
FBgn0027602	Q86B47
FBgn0027603	Q9VWK5
FBgn0027607	Q7KNA0
FBgn0027608	Q9Y164
FBgn0027609	Q9Y165
FBgn0027610	Q9Y166
FBgn0027611	Q8IPB7
FBgn0027615	Q9Y171
FBgn0027616	Q9VZQ1
FBgn0027617	Q9XYZ6
FBgn0027619	Q7K550
FBgn0027620	Q9V9T4
FBgn0027621	Q9VWH7
FBgn0027654	Q9TVP3
FBgn0027655	Q9V3N4
FBgn0027657	Q9VF15
FBgn0027660	Q8IQQ7
FBgn0027779	Q9V3J1
FBgn0027780	Q9VLL0
FBgn0027783	Q7KK96
FBgn0027784	Q9V437
FBgn0027785	Q9V3L7
FBgn0027786	Q9V3Y4
FBgn0027788	Q7KM13
FBgn0027790	Q9W080
FBgn0027791	Q9W589
FBgn0027793	Q9W591
FBgn0027794	Q9W592
FBgn0027795	Q9W593
FBgn0027835	Q7KN75
FBgn0027836	Q0E931
FBgn0027841	Q9VE52
FBgn0027843	Q9VTU8
FBgn0027844	Q9V396
FBgn0027864	Q9V3I8
FBgn0027865	A0A0B4KH03
FBgn0027866	Q9V468
FBgn0027868	Q9V466
FBgn0027872	Q9U9P7
FBgn0027873	Q9V3D6
FBgn0027889	Q7KRY6
FBgn0027903	Q9W088
FBgn0027929	M9PFV3
FBgn0027930	A0A126GUP6
FBgn0027932	Q9VLL3
FBgn0027945	Q9U616
FBgn0027948	Q9VEZ3
FBgn0027949	Q9VIT3
FBgn0027950	A0A0B4KGZ0
FBgn0027951	A0A0B4KG70
FBgn0028292	Q9W358
FBgn0028325	Q7KVX1
FBgn0028327	Q9W335
FBgn0028331	A0ACD4DAV1
FBgn0028341	Q9W323
FBgn0028342	Q9W2X6
FBgn0028343	Q8MQX9
FBgn0028360	Q9W3Y1
FBgn0028369	Q9W4T9
FBgn0028370	Q9V430
FBgn0028372	A0A0B4KFW5
FBgn0028374	Q9VG55
FBgn0028375	Q9V3R8
FBgn0028377	Q9U5V6
FBgn0028379	Q9VSD3
FBgn0028380	Q9VVY4
FBgn0028381	Q9VET9
FBgn0028382	Q9V3G3
FBgn0028387	Q9VM15
FBgn0028394	Q9VLJ4
FBgn0028396	Q8IN44
FBgn0028397	Q9VXJ9
FBgn0028398	Q9U5W9
FBgn0028399	M9PFR2
FBgn0028400	Q9U6P7
FBgn0028402	Q9VP85
FBgn0028406	Q9V3H0
FBgn0028407	Q0E9B7
FBgn0028408	A8DY77
FBgn0028410	Q9VK37
FBgn0028411	Q9V3H8
FBgn0028412	Q9VKG3
FBgn0028415	Q9V449
FBgn0028416	Q9V449
FBgn0028418	P81829
FBgn0028421	Q9VZ07
FBgn0028422	Q9TVI0
FBgn0028424	Q7K0P0
FBgn0028425	Q9VKC2
FBgn0028426	Q8MKW7
FBgn0028427	Q9V400
FBgn0028429	A8JNP7
FBgn0028430	Q8I0K8
FBgn0028434	Q7KMG7
FBgn0028436	Q9U6M0
FBgn0028467	Q9U4F8
FBgn0028468	Q9V395
FBgn0028471	Q9V3H9
FBgn0028473	Q9V411
FBgn0028474	Q9V3Y5
FBgn0028475	Q9V415
FBgn0028476	Q8I077
FBgn0028479	Q9V397
FBgn0028480	Q9V3S7
FBgn0028481	Q9V3X5
FBgn0028482	Q9U4G1
FBgn0028484	Q9VZI2
FBgn0028487	A0A0B4KG03
FBgn0028490	Q9VKG4
FBgn0028491	X2JCG8
FBgn0028494	Q0E938
FBgn0028496	A1ZB93
FBgn0028497	Q8MLR7
FBgn0028499	Q9VEB8
FBgn0028500	Q9V3C5
FBgn0028504	Q9VZZ7
FBgn0028506	Q9VJK9
FBgn0028507	M9NF32
FBgn0028509	Q9NGC3
FBgn0028513	Q9VJW8
FBgn0028514	Q8IP30
FBgn0028515	Q9V3V9
FBgn0028516	Q9V471
FBgn0028517	Q7KT71
FBgn0028518	Q9VJN8
FBgn0028520	Q9VJM3
FBgn0028523	Q7KT58
FBgn0028525	Q9VJL5
FBgn0028526	Q9V3Y7
FBgn0028527	Q7KTB0
FBgn0028530	Q9V3F3
FBgn0028531	Q9VJT3
FBgn0028532	Q9V3H6
FBgn0028533	Q9V3P4
FBgn0028534	Q9V3U5
FBgn0028537	Q7KT85
FBgn0028538	Q9VJW1
FBgn0028539	Q0E8Q7
FBgn0028540	X2JAD3
FBgn0028541	Q9V3N6
FBgn0028542	Q9VJU8
FBgn0028543	Q7KTA1
FBgn0028544	Q9V3Z9
FBgn0028546	Q9V428
FBgn0028550	Q9XZS8
FBgn0028552	Q9U6R9
FBgn0028554	Q9V3V0
FBgn0028560	Q7K2U8
FBgn0028561	Q7KJP2
FBgn0028562	Q9U622
FBgn0028563	Q7KK97
FBgn0028567	Q9W0F0
FBgn0028569	Q9VJ18
FBgn0028570	Q9VQA6
FBgn0028572	Q9VMU5
FBgn0028573	Q9VTR6
FBgn0028577	Q8T6B9
FBgn0028579	Q9V9A8
FBgn0028581	Q86B50
FBgn0028582	Q9VS85
FBgn0028583	O61351
FBgn0028622	Q7K3W4
FBgn0028644	Q9VJM4
FBgn0028645	Q9VJM9
FBgn0028646	Q9VA73
FBgn0028647	Q9VBR8
FBgn0028648	Q9V3E3
FBgn0028658	Q9V3R6
FBgn0028662	Q9VFE3
FBgn0028663	Q9VP18
FBgn0028664	Q9VZG7
FBgn0028667	Q8IQG3
FBgn0028668	Q9VTI6
FBgn0028669	A1ZBF7
FBgn0028670	Q9VE75
FBgn0028671	Q9XZ10
FBgn0028675	Q9VL32
FBgn0028683	Q9TVQ5
FBgn0028684	Q9V3V6
FBgn0028685	Q9W414
FBgn0028686	Q9V405
FBgn0028687	Q7KMQ0
FBgn0028688	Q9V3G7
FBgn0028689	Q7KLV9
FBgn0028690	Q9V3Z4
FBgn0028691	Q7KMP8
FBgn0028692	Q9V3P6
FBgn0028693	Q9V436
FBgn0028694	Q9V3H2
FBgn0028695	Q9VW54
FBgn0028697	O17445
FBgn0028699	A0A6M3Q9I2
FBgn0028700	Q9U9Q1
FBgn0028703	Q8IPJ4
FBgn0028704	Q9U6A0
FBgn0028707	Q9VKB3
FBgn0028708	Q9V451
FBgn0028717	A0A0B4LHY5
FBgn0028734	Q9NFU0
FBgn0028737	O96827
FBgn0028738	Q9W103
FBgn0028740	A1ZAZ8
FBgn0028741	O96838
FBgn0028743	Q8T017
FBgn0028744	Q7K0Y1
FBgn0028746	O97172
FBgn0028789	Q9U8L5
FBgn0028836	Q9V4S8
FBgn0028837	Q9VCY3
FBgn0028838	Q9VJR9
FBgn0028841	Q9VJK8
FBgn0028844	Q9VJS6
FBgn0028847	Q9VJW5
FBgn0028848	Q7KTA9
FBgn0028850	Q9VJP6
FBgn0028852	Q9V3I9
FBgn0028853	Q9V3T7
FBgn0028855	Q9VJS1
FBgn0028856	Q4V459
FBgn0028857	Q7KT67
FBgn0028858	Q9V3Q0
FBgn0028862	Q9V3J9
FBgn0028863	X2J9Z3
FBgn0028864	Q7KT73
FBgn0028866	Q7KT83
FBgn0028868	Q9V3Q1
FBgn0028870	Q9V3K5
FBgn0028871	Q9V3P9
FBgn0028872	M9MSI4
FBgn0028875	A0A499GGQ3
FBgn0028878	Q7KT79
FBgn0028879	Q9V416
FBgn0028880	Q9VJP0
FBgn0028884	Q9VJM2
FBgn0028886	Q9VJR4
FBgn0028887	Q9V453
FBgn0028888	Q9VJQ0
FBgn0028892	Q9V3Z7
FBgn0028893	Q8T908
FBgn0028894	Q9VJL6
FBgn0028895	Q9VJL7
FBgn0028896	Q9V3Z8
FBgn0028897	Q9VJL9
FBgn0028899	Q7KT60
FBgn0028900	Q7KT68
FBgn0028901	Q4LDP4
FBgn0028902	Q9V3M9
FBgn0028903	Q9V3B1
FBgn0028913	Q9VJS5
FBgn0028916	Q7KT91
FBgn0028919	Q9V412
FBgn0028920	Q9V3A0
FBgn0028926	Q9VJQ5
FBgn0028931	Q0E8Q6
FBgn0028932	Q9V3M2
FBgn0028935	Q9VJN2
FBgn0028936	Q9VJU6
FBgn0028938	Q9V3G8
FBgn0028939	Q86BL2
FBgn0028940	Q9V419
FBgn0028941	Q9V458
FBgn0028942	Q9VJX2
FBgn0028943	Q9V3U7
FBgn0028944	Q9VJN9
FBgn0028945	Q9V3R0
FBgn0028946	Q9V3Q2
FBgn0028947	Q9V402
FBgn0028948	Q9V421
FBgn0028949	Q9V3M3
FBgn0028950	Q9V445
FBgn0028952	F0JAI6
FBgn0028953	Q6NR30
FBgn0028955	Q7JY89
FBgn0028956	Q9V818
FBgn0028962	Q9VRJ1
FBgn0028963	Q9V6H2
FBgn0028965	Q9VK43
FBgn0028968	Q8I0G5
FBgn0028969	Q9W555
FBgn0028970	Q9XZ68
FBgn0028978	Q9V3Z1
FBgn0028979	Q9U3V5
FBgn0028980	Q8T0D4
FBgn0028982	Q9W420
FBgn0028983	Q7JV69
FBgn0028984	Q9VFC2
FBgn0028986	Q9VII7
FBgn0028987	Q9VLQ7
FBgn0028988	Q7YTY6
FBgn0028990	Q9V3N1
FBgn0028991	A1Z995
FBgn0028992	Q9VEK8
FBgn0028996	Q9NJB5
FBgn0028997	Q9VH94
FBgn0028999	Q9V3B8
FBgn0029002	M9PDI0
FBgn0029003	Q9U3W6
FBgn0029006	Q9V853
FBgn0029067	Q9VRG7
FBgn0029079	A1ZAW5
FBgn0029084	Q9U599
FBgn0029088	Q9VNJ5
FBgn0029091	Q9VNW7
FBgn0029092	Q7JUY7
FBgn0029093	Q7K485
FBgn0029094	Q9V464
FBgn0029095	Q8IPW1
FBgn0029105	A0A0C4DHD7
FBgn0029113	Q7KUA4
FBgn0029114	Q9V477
FBgn0029117	Q9U4F3
FBgn0029118	Q9V470
FBgn0029121	Q9U1H8
FBgn0029123	M9PCZ7
FBgn0029131	Q9V9C8
FBgn0029133	Q9V3P3
FBgn0029134	Q7K148
FBgn0029137	A0A4D6K4L3
FBgn0029147	Q9W288
FBgn0029148	Q9V3U2
FBgn0029152	Q9VP20
FBgn0029153	A1ZAF6
FBgn0029154	Q86NT5
FBgn0029155	E1JIZ4
FBgn0029157	Q6NN85
FBgn0029158	Q7JQW6
FBgn0029161	Q9V3U9
FBgn0029167	Q9VU94
FBgn0029170	Q9VB86
FBgn0029172	Q9VTD4
FBgn0029174	Q9VL78
FBgn0029175	Q9Y169
FBgn0029176	Q9NJH0
FBgn0029501	Q9W164
FBgn0029502	Q9W3W4
FBgn0029504	Q9W3Q5
FBgn0029506	Q7KJ73
FBgn0029507	Q7JWV7
FBgn0029508	Q7K1I4
FBgn0029512	Q7KSM5
FBgn0029514	Q9W0F9
FBgn0029518	M9PDD8
FBgn0029521	Q9W5G6
FBgn0029522	A8JUS8
FBgn0029524	Q9I7Z9
FBgn0029525	Q9I7Z8
FBgn0029529	Q9W5E7
FBgn0029531	Q8SXG9
FBgn0029532	Q9W5D7
FBgn0029535	Q9W5C9
FBgn0029539	Q9W5C5
FBgn0029552	Q9W5B8
FBgn0029568	Q9W5A7
FBgn0029573	Q9W5A2
FBgn0029580	Q9W587
FBgn0029587	B4F613
FBgn0029589	Q4V5I6
FBgn0029590	Q9W560
FBgn0029594	Q9W549
FBgn0029596	Q9W530
FBgn0029603	Q9W510
FBgn0029606	M9PDL5
FBgn0029608	Q9W503
FBgn0029629	Q9W4X7
FBgn0029639	Q9W4V3
FBgn0029642	Q9W4U9
FBgn0029643	Q9W4U7
FBgn0029644	Q9W4U6
FBgn0029645	Q9W4U5
FBgn0029646	Q9W4U4
FBgn0029647	Q9W4U3
FBgn0029648	Q9W4U2
FBgn0029649	Q9W4U0
FBgn0029657	Q8IRU2
FBgn0029658	Q9W4S5
FBgn0029659	Q9W4S4
FBgn0029660	Q9W4S3
FBgn0029661	M9PDP1
FBgn0029662	Q9W4S1
FBgn0029663	B7Z122
FBgn0029664	Q9W4R9
FBgn0029665	Q9W4R8
FBgn0029666	Q9W4R7
FBgn0029667	Q8MT08
FBgn0029669	Q9W4R4
FBgn0029672	Q9W4R1
FBgn0029676	Q86DS1
FBgn0029679	Q9W4P9
FBgn0029681	Q9W4P4
FBgn0029685	Q9W4P0
FBgn0029686	Q9W4N9
FBgn0029687	Q9W4N8
FBgn0029688	Q8MSS1
FBgn0029689	Q9W4N6
FBgn0029690	Q9W4N5
FBgn0029693	Q9W4N2
FBgn0029694	Q9W4N1
FBgn0029696	Q9W4M5
FBgn0029697	Q9W4M4
FBgn0029700	Q9W4M0
FBgn0029701	Q9W4L9
FBgn0029702	Q9W4L8
FBgn0029703	Q9W4L5
FBgn0029705	Q9W4L0
FBgn0029706	Q9W4K8
FBgn0029708	Q9W4K2
FBgn0029709	Q9W4K0
FBgn0029710	Q9W4J9
FBgn0029711	Q9W4J8
FBgn0029712	Q9W4J7
FBgn0029713	Q9W4J6
FBgn0029714	Q9W4J5
FBgn0029715	Q9W4J4
FBgn0029716	Q9W4J3
FBgn0029717	Q9W4J2
FBgn0029718	Q9W4I3
FBgn0029719	Q9W4I1
FBgn0029720	Q9W4I0
FBgn0029722	Q9W4H4
FBgn0029723	Q9W4H3
FBgn0029724	Q9W4H1
FBgn0029725	Q9W4G9
FBgn0029726	Q9W4G8
FBgn0029727	Q9W4G7
FBgn0029728	Q9W4G6
FBgn0029729	Q9W4G5
FBgn0029730	Q9W4G4
FBgn0029733	Q9W4G1
FBgn0029736	Q9W4F8
FBgn0029737	Q9W4F7
FBgn0029740	Q9W4F3
FBgn0029745	Q9W4E6
FBgn0029746	Q9W4E5
FBgn0029747	Q9W4E4
FBgn0029750	Q9W4E0
FBgn0029751	Q9W4D8
FBgn0029752	Q8IFW4
FBgn0029753	Q9W4D4
FBgn0029754	Q9W4D3
FBgn0029755	Q9I7W5
FBgn0029756	Q9W4D1
FBgn0029761	Q7KVW5
FBgn0029762	Q9W4C5
FBgn0029763	Q9W4C3
FBgn0029765	Q9W4C2
FBgn0029766	Q9W4C1
FBgn0029768	Q8SWR3
FBgn0029769	Q9W4B8
FBgn0029770	Q9W4B7
FBgn0029771	Q9W4B6
FBgn0029778	Q9W4A9
FBgn0029783	Q8IRR5
FBgn0029785	Q9W499
FBgn0029789	Q9W495
FBgn0029791	Q9W493
FBgn0029795	Q9W487
FBgn0029798	Q9W484
FBgn0029799	Q9W483
FBgn0029800	Q9W482
FBgn0029801	Q9W481
FBgn0029804	Q9W478
FBgn0029807	Q9W475
FBgn0029809	Q9W473
FBgn0029810	Q9W472
FBgn0029811	Q9W471
FBgn0029812	Q9W470
FBgn0029813	Q9W469
FBgn0029814	Q9W468
FBgn0029816	Q9W466
FBgn0029817	Q9W465
FBgn0029818	Q9W464
FBgn0029819	Q9W462
FBgn0029820	Q9W461
FBgn0029821	Q9W459
FBgn0029822	Q9W458
FBgn0029823	Q9W457
FBgn0029824	X2JDV1
FBgn0029825	Q9W455
FBgn0029826	Q9W454
FBgn0029827	Q9W453
FBgn0029828	Q9W452
FBgn0029830	Q9W450
FBgn0029831	Q9W448
FBgn0029833	Q9W445
FBgn0029834	Q9W444
FBgn0029835	Q9W443
FBgn0029836	E4NKK1
FBgn0029837	M9PDV2
FBgn0029838	Q9W440
FBgn0029839	Q9W439
FBgn0029840	Q9W437
FBgn0029843	Q9W436
FBgn0029848	Q9W430
FBgn0029849	Q9W429
FBgn0029851	X2JAM0
FBgn0029853	Q9W422
FBgn0029854	Q8IRR0
FBgn0029856	R9PY16
FBgn0029857	Q9W415
FBgn0029858	Q9W413
FBgn0029859	Q9W412
FBgn0029860	Q9W411
FBgn0029861	Q9W410
FBgn0029863	Q9W408
FBgn0029864	A8JUZ7
FBgn0029866	Q9W404
FBgn0029867	Q9W403
FBgn0029868	Q9W402
FBgn0029870	Q7YU24
FBgn0029873	Q9W3Z5
FBgn0029874	Q9W3Z4
FBgn0029877	Q9W3Y8
FBgn0029878	Q9W3Y7
FBgn0029879	Q9W3Y6
FBgn0029880	Q9W3Y5
FBgn0029881	Q9W3Y4
FBgn0029882	Q9W3Y3
FBgn0029885	Q9W3Y0
FBgn0029887	Q9W3X8
FBgn0029888	Q9W3X7
FBgn0029890	Q9W3X5
FBgn0029891	Q0KHV6
FBgn0029892	Q9W3X3
FBgn0029893	Q9W3X2
FBgn0029894	Q9W3X1
FBgn0029895	Q9W3X0
FBgn0029896	Q9W3W9
FBgn0029897	Q9W3W8
FBgn0029898	Q9W3W7
FBgn0029903	D6W4T8
FBgn0029905	Q9W3V9
FBgn0029906	Q9W3V8
FBgn0029907	Q9W3V7
FBgn0029909	Q9W3V5
FBgn0029911	Q9W3V3
FBgn0029912	Q9W3V2
FBgn0029913	Q9W3V1
FBgn0029914	E1JJF2
FBgn0029915	X2JAQ5
FBgn0029922	A0A6H2EE55
FBgn0029924	Q9W3U0
FBgn0029925	Q9W3T9
FBgn0029928	Q9W3T3
FBgn0029929	Q9W3T2
FBgn0029930	Q9W3T1
FBgn0029931	Q9W3T0
FBgn0029932	Q9W3S8
FBgn0029935	Q9W3S5
FBgn0029936	Q9W3S4
FBgn0029937	Q9W3S3
FBgn0029939	A0A499JF18
FBgn0029940	Q9W3S0
FBgn0029941	Q9W3R9
FBgn0029942	Q9W3R8
FBgn0029943	Q9W3R7
FBgn0029944	Q9W3R6
FBgn0029945	Q7KVU5
FBgn0029946	Q9W3R4
FBgn0029947	Q9W3R3
FBgn0029948	Q9W3R2
FBgn0029949	Q9W3R1
FBgn0029950	Q9W3R0
FBgn0029951	Q9I7W4
FBgn0029952	Q9W3Q7
FBgn0029955	Q9W3Q4
FBgn0029957	Q9W3Q2
FBgn0029958	Q9W3Q1
FBgn0029959	Q9W3Q0
FBgn0029961	Q9W3P8
FBgn0029962	Q9W3P7
FBgn0029963	Q9W3P6
FBgn0029964	Q9W3P5
FBgn0029965	Q9W3P4
FBgn0029966	Q9W3P2
FBgn0029968	Q9W3P0
FBgn0029969	Q9W3N9
FBgn0029970	Q9W3N8
FBgn0029971	Q9W3N7
FBgn0029974	Q9W3N2
FBgn0029975	Q9W3N1
FBgn0029976	Q9W3N0
FBgn0029977	Q9W3M9
FBgn0029979	Q9W3M7
FBgn0029980	Q9W3M6
FBgn0029986	Q9W3M2
FBgn0029987	Q9W3M1
FBgn0029989	Q9W3L5
FBgn0029990	Q9W3L4
FBgn0029992	Q9W3L1
FBgn0029993	Q9W3L0
FBgn0029994	Q9W3K9
FBgn0029995	Q9W3K8
FBgn0029996	Q7JW03
FBgn0029997	Q9W3K6
FBgn0029999	Q9W3K4
FBgn0030000	Q9W3K3
FBgn0030001	Q9W3K2
FBgn0030003	Q9W3J9
FBgn0030004	Q9W3J8
FBgn0030005	Q0IGR3
FBgn0030006	Q9W3J6
FBgn0030007	Q9W3J5
FBgn0030008	Q9W3J4
FBgn0030009	R4GRV8
FBgn0030010	Q9W3J2
FBgn0030011	Q9W3J1
FBgn0030012	Q9W3J0
FBgn0030013	Q9W3I8
FBgn0030014	Q9W3I7
FBgn0030015	Q9W3I6
FBgn0030016	Q9W3I5
FBgn0030017	M9PGY6
FBgn0030018	Q95UN8
FBgn0030025	Q9W3H5
FBgn0030026	Q9W3H4
FBgn0030027	Q9W3H0
FBgn0030028	Q9W3G9
FBgn0030029	Q9W3G8
FBgn0030030	Q9W3G7
FBgn0030033	Q9W3G3
FBgn0030034	Q9W3G1
FBgn0030035	Q9W3G0
FBgn0030037	Q9W3F7
FBgn0030038	X2JEJ0
FBgn0030039	Q9W3F5
FBgn0030040	F0JAP7
FBgn0030041	Q9W3F1
FBgn0030048	Q9W3E0
FBgn0030049	Q7KVS9
FBgn0030050	Q9W3D8
FBgn0030051	Q7K3Y1
FBgn0030052	A0A6H2EDG9
FBgn0030053	Q9W3D5
FBgn0030054	Q9W3D1
FBgn0030055	Q9W3C9
FBgn0030056	Q9W3C8
FBgn0030057	Q9W3C7
FBgn0030058	Q9W3C6
FBgn0030060	Q9W3C3
FBgn0030061	Q9W3C2
FBgn0030063	Q9W3C0
FBgn0030065	Q9W3B8
FBgn0030066	Q9W3B3
FBgn0030067	Q9W3B2
FBgn0030071	Q9W3A7
FBgn0030073	Q8IRN0
FBgn0030074	A0A4D6K2Q4
FBgn0030077	X2JD14
FBgn0030078	Q9W3A0
FBgn0030081	Q9W397
FBgn0030082	Q9W396
FBgn0030085	Q9W393
FBgn0030086	Q9W392
FBgn0030087	Q9W391
FBgn0030088	Q9W389
FBgn0030089	Q7KVR8
FBgn0030090	Q9GNL3
FBgn0030091	Q7YZA2
FBgn0030092	Q9W385
FBgn0030093	Q9W384
FBgn0030096	Q9W379
FBgn0030097	Q9I7W3
FBgn0030098	Q9W377
FBgn0030099	Q9W376
FBgn0030100	Q9I7W2
FBgn0030101	Q9W375
FBgn0030102	Q9W373
FBgn0030103	Q9W372
FBgn0030104	Q9W371
FBgn0030105	Q9W370
FBgn0030107	Q9W368
FBgn0030108	Q9W367
FBgn0030109	Q9W366
FBgn0030114	Q7K0L2
FBgn0030120	Q8T3Y1
FBgn0030121	Q9W352
FBgn0030122	Q9W351
FBgn0030136	Q9W334
FBgn0030137	Q9W333
FBgn0030141	Q9W329
FBgn0030148	Q9W322
FBgn0030151	Q8SWU7
FBgn0030156	Q9W311
FBgn0030157	Q9W310
FBgn0030158	Q9W309
FBgn0030159	Q9W308
FBgn0030160	Q9W306
FBgn0030161	A8JUN7
FBgn0030162	Q9W304
FBgn0030163	Q9W302
FBgn0030164	Q8IRM2
FBgn0030167	Q9W2Z8
FBgn0030174	M9NDT2
FBgn0030177	Q9W2Y4
FBgn0030178	Q9W2Y3
FBgn0030181	A8JUP5
FBgn0030183	Q9W2X7
FBgn0030186	Q9W2X5
FBgn0030187	Q9W2X1
FBgn0030189	Q9W2W5
FBgn0030191	Q9W2W2
FBgn0030195	Q9W2V8
FBgn0030196	Q9W2V7
FBgn0030200	Q9W2V3
FBgn0030202	Q9W2V1
FBgn0030204	Q9W2U9
FBgn0030206	Q9W2U6
FBgn0030207	Q9W2U5
FBgn0030208	Q9W2U4
FBgn0030215	Q9W2T5
FBgn0030217	Q9W2T3
FBgn0030218	Q7KVQ8
FBgn0030221	Q9W2S9
FBgn0030222	Q9W2S8
FBgn0030223	Q9W2S7
FBgn0030224	Q9W2S6
FBgn0030228	Q9W2S3
FBgn0030230	Q9W2R9
FBgn0030234	Q9VZ71
FBgn0030237	Q9VZ66
FBgn0030239	Q9VZ64
FBgn0030240	Q9VZ63
FBgn0030241	Q9VZ62
FBgn0030242	Q9VZ61
FBgn0030243	A0A6H2EEJ8
FBgn0030244	X2JEE5
FBgn0030245	X2JB52
FBgn0030246	Q9VZ55
FBgn0030247	Q9VZ54
FBgn0030251	Q9VZ49
FBgn0030257	Q9VZ41
FBgn0030258	Q9VZ40
FBgn0030259	Q9VZ39
FBgn0030260	Q9VZ38
FBgn0030261	Q9VZ37
FBgn0030262	Q9VZ35
FBgn0030263	Q9VZ34
FBgn0030266	Q9VZ30
FBgn0030268	Q960Z0
FBgn0030269	M9PEA2
FBgn0030270	Q9VZ26
FBgn0030271	Q9VZ25
FBgn0030272	Q9VZ24
FBgn0030274	Q9VZ22
FBgn0030276	Q9VZ20
FBgn0030277	Q9VZ18
FBgn0030278	Q9VZ17
FBgn0030280	Q9VZ15
FBgn0030283	Q9VZ12
FBgn0030286	Q9VZ08
FBgn0030289	Q9VZ04
FBgn0030290	Q9VZ03
FBgn0030291	Q9VZ02
FBgn0030292	Q9VZ01
FBgn0030293	Q9VZ00
FBgn0030296	Q9VYZ3
FBgn0030297	Q9VYZ2
FBgn0030298	Q9VYZ1
FBgn0030300	Q9VYY8
FBgn0030301	Q9VYY7
FBgn0030304	Q9VYY4
FBgn0030305	Q9VYY3
FBgn0030306	Q9VYY2
FBgn0030307	Q7KV35
FBgn0030309	Q9VYX8
FBgn0030310	Q9VYX7
FBgn0030311	Q9VYX5
FBgn0030313	Q9VYX3
FBgn0030314	Q9VYX2
FBgn0030316	Q9VYX0
FBgn0030317	Q7KV34
FBgn0030318	Q9VYW6
FBgn0030319	Q9VYW7
FBgn0030320	Q9VYW5
FBgn0030321	Q9VYW4
FBgn0030323	Q9VYV9
FBgn0030326	Q9VYV6
FBgn0030327	Q9VYV5
FBgn0030328	Q9VYV4
FBgn0030329	Q9VYV3
FBgn0030330	Q7K187
FBgn0030331	Q9VYV0
FBgn0030332	Q9VYU9
FBgn0030334	Q9VYU5
FBgn0030336	Q8MRI4
FBgn0030338	Q9VYT9
FBgn0030339	Q9VYT8
FBgn0030340	Q9VYT7
FBgn0030341	Q9VYT6
FBgn0030342	Q9VYT5
FBgn0030343	Q9VYT4
FBgn0030344	Q9VYT3
FBgn0030345	A0A6H2EG45
FBgn0030346	Q9VYT1
FBgn0030347	Q9VYT0
FBgn0030348	M9PJJ5
FBgn0030349	Q76NS2
FBgn0030350	Q7Z2C4
FBgn0030351	Q9VYS6
FBgn0030352	Q9VYS5
FBgn0030354	Q9VYS3
FBgn0030357	H0RNK3
FBgn0030358	Q9VYR9
FBgn0030359	Q9VYR5
FBgn0030360	Q9VYR3
FBgn0030361	Q9VYR2
FBgn0030362	Q76NR6
FBgn0030364	Q9VYR0
FBgn0030365	Q9VYQ9
FBgn0030366	Q9VYQ8
FBgn0030367	Q9VYQ7
FBgn0030369	Q9VYQ5
FBgn0030370	Q9VYQ3
FBgn0030373	Q9VYQ0
FBgn0030374	Q9VYP9
FBgn0030375	Q9VYP6
FBgn0030376	Q9VYP5
FBgn0030377	Q9I7S9
FBgn0030384	Q9VYN5
FBgn0030385	Q9VYN4
FBgn0030386	Q9VYN3
FBgn0030389	Q9VYN0
FBgn0030390	Q9VYM9
FBgn0030391	Q8IR80
FBgn0030394	Q9VYM5
FBgn0030395	Q9VYM3
FBgn0030396	Q9VYM2
FBgn0030398	Q9VYM0
FBgn0030400	B7Z143
FBgn0030403	Q9VYL5
FBgn0030406	Q8SX25
FBgn0030407	Q9VYL1
FBgn0030408	Q9VYL0
FBgn0030409	Q9VYK9
FBgn0030410	Q9VYK8
FBgn0030411	Q9VYK7
FBgn0030412	Q9VYK6
FBgn0030417	Q9VYJ8
FBgn0030418	Q9VYJ6
FBgn0030420	Q9VYJ5
FBgn0030421	Q9VYJ4
FBgn0030425	Q9VYJ1
FBgn0030429	Q9VYI8
FBgn0030431	Q9VYI5
FBgn0030432	Q9VYI4
FBgn0030433	Q9VYI3
FBgn0030434	Q9VYI2
FBgn0030435	Q9VYI1
FBgn0030437	Q9VYH9
FBgn0030438	Q9VYH8
FBgn0030439	Q9VYH7
FBgn0030440	Q9VYH6
FBgn0030441	Q9I7S5
FBgn0030443	Q9VYH4
FBgn0030447	Q9VYH3
FBgn0030449	Q9VYH1
FBgn0030451	Q9VYG8
FBgn0030452	Q9VYG7
FBgn0030455	Q9VYG4
FBgn0030456	Q9VYG3
FBgn0030457	Q9VYG1
FBgn0030459	Q7Z2C5
FBgn0030460	Q9VYF8
FBgn0030462	Q9VYF5
FBgn0030465	Q9VYF2
FBgn0030466	Q7KV24
FBgn0030467	Q9VYF0
FBgn0030468	Q9VYE9
FBgn0030474	Q9VYE3
FBgn0030477	Q9VYE0
FBgn0030478	Q9VYD9
FBgn0030479	M9MS48
FBgn0030480	Q9VYD7
FBgn0030481	Q9VYD6
FBgn0030482	Q9VYD5
FBgn0030483	Q9VYD4
FBgn0030484	Q8MRM0
FBgn0030485	Q9VYD2
FBgn0030486	Q9VYD1
FBgn0030492	Q9VYC3
FBgn0030493	Q9VYC2
FBgn0030494	Q9VYC1
FBgn0030495	M9PH18
FBgn0030499	Q9VYB2
FBgn0030500	Q9VYB1
FBgn0030501	Q9VYB0
FBgn0030502	Q9VYA9
FBgn0030503	Q9VYA8
FBgn0030504	Q9VYA7
FBgn0030505	A8JUV3
FBgn0030506	Q9VYA5
FBgn0030507	Q9VYA4
FBgn0030508	M9PHR3
FBgn0030509	Q9VYA2
FBgn0030510	Q9VYA1
FBgn0030511	Q9I7S2
FBgn0030512	Q9VYA0
FBgn0030514	Q9VY98
FBgn0030518	Q9VY93
FBgn0030519	Q9VY92
FBgn0030520	Q9VY91
FBgn0030521	Q9VY87
FBgn0030522	Q9VY86
FBgn0030524	Q9VY84
FBgn0030525	Q9VY83
FBgn0030528	Q9VY79
FBgn0030529	Q9VY78
FBgn0030530	Q9VY77
FBgn0030536	Q9VY68
FBgn0030537	Q9VY64
FBgn0030538	Q9VY63
FBgn0030539	Q9VY62
FBgn0030540	Q9VY61
FBgn0030541	Q8IR58
FBgn0030542	Q9VY59
FBgn0030543	Q9VY58
FBgn0030544	Q9VY57
FBgn0030545	Q9VY55
FBgn0030551	Q9VY49
FBgn0030552	Q9VY48
FBgn0030554	Q9VY45
FBgn0030555	Q9VY46
FBgn0030556	Q9VY44
FBgn0030558	Q9VY42
FBgn0030559	Q9VY41
FBgn0030562	Q9VY39
FBgn0030563	Q9VY38
FBgn0030566	Q9VY34
FBgn0030569	Q9VY31
FBgn0030570	Q9VY30
FBgn0030571	X2JBU2
FBgn0030572	Q9VY28
FBgn0030573	Q9VY27
FBgn0030574	Q8IR48
FBgn0030575	Q9VY24
FBgn0030576	Q9VY22
FBgn0030577	Q9VY21
FBgn0030578	Q9VY20
FBgn0030581	Q8IR46
FBgn0030582	Q9VY15
FBgn0030583	Q9VY14
FBgn0030584	Q8SXQ5
FBgn0030586	Q8SXY8
FBgn0030587	Q9VY11
FBgn0030588	Q9VY10
FBgn0030589	Q9VY09
FBgn0030590	Q9VY08
FBgn0030592	Q9VY06
FBgn0030593	Q9VY05
FBgn0030594	Q9VY04
FBgn0030595	Q9VY03
FBgn0030596	Q9VY02
FBgn0030597	Q9VY01
FBgn0030598	Q9VY00
FBgn0030599	Q9VXZ7
FBgn0030600	Q9NB71
FBgn0030603	Q9VXZ2
FBgn0030605	Q9VXZ0
FBgn0030607	Q9VXY8
FBgn0030608	Q9VXY7
FBgn0030610	Q9VXY5
FBgn0030611	Q9VXY4
FBgn0030612	Q9VXY3
FBgn0030613	Q9VXY2
FBgn0030614	Q9VXY1
FBgn0030615	Q9VXY0
FBgn0030616	Q9VXX8
FBgn0030617	A8JUX3
FBgn0030620	Q8T4F2
FBgn0030622	Q9VXX2
FBgn0030623	Q9VXX1
FBgn0030624	Q9VXX0
FBgn0030625	Q9VXW9
FBgn0030628	Q9VXW5
FBgn0030629	Q9VXW4
FBgn0030630	Q9VXW3
FBgn0030631	Q9VXW2
FBgn0030634	Q9VXV9
FBgn0030638	Q9VXV4
FBgn0030640	Q9VXV2
FBgn0030641	Q9VXV1
FBgn0030642	Q9VXV0
FBgn0030643	Q9VXU9
FBgn0030645	Q9VXU7
FBgn0030647	X2JF48
FBgn0030648	Q9VXU3
FBgn0030653	Q9VXT7
FBgn0030654	Q9VXT6
FBgn0030655	Q9VXT5
FBgn0030657	Q9VXT3
FBgn0030658	Q9VXT2
FBgn0030659	Q9VXT1
FBgn0030660	Q9VXT0
FBgn0030661	Q9VXS8
FBgn0030662	Q7KUZ9
FBgn0030663	Q9VXS6
FBgn0030664	Q9VXS5
FBgn0030665	Q9VXS4
FBgn0030666	Q9VXS3
FBgn0030667	Q9VXS2
FBgn0030668	Q9VXR9
FBgn0030669	Q9VXR8
FBgn0030670	Q8SX37
FBgn0030671	Q9VXR6
FBgn0030672	Q9VXR5
FBgn0030673	Q9VXR4
FBgn0030674	X2JF73
FBgn0030675	Q9VXR2
FBgn0030676	Q9VXR1
FBgn0030678	Q9VXQ8
FBgn0030679	Q9VXQ7
FBgn0030680	Q9VXQ6
FBgn0030683	Q9VXQ3
FBgn0030684	Q9VXQ1
FBgn0030685	X2JDY8
FBgn0030686	Q9VXQ0
FBgn0030687	A8JUY3
FBgn0030688	Q9VXP8
FBgn0030691	Q9VXP5
FBgn0030692	Q9VXP3
FBgn0030693	Q9VXP1
FBgn0030694	Q4QQ70
FBgn0030695	Q9VXN9
FBgn0030696	Q9VXN8
FBgn0030697	Q9VXN5
FBgn0030699	Q9VXN3
FBgn0030700	Q9VXN0
FBgn0030701	A0A4D6K4K0
FBgn0030703	Q9VXM4
FBgn0030704	Q8SXX0
FBgn0030706	Q9VXM0
FBgn0030707	Q9VXL9
FBgn0030710	Q9VXL5
FBgn0030711	Q9VXL4
FBgn0030715	Q9VXL0
FBgn0030716	Q9VXK9
FBgn0030717	Q9VXK8
FBgn0030718	Q9VXK7
FBgn0030719	Q9VXK6
FBgn0030720	Q9VXK5
FBgn0030721	Q9VXK3
FBgn0030722	Q9VXK2
FBgn0030723	Q9VXK1
FBgn0030724	Q9VXK0
FBgn0030725	Q9VXJ8
FBgn0030729	Q9VXJ3
FBgn0030731	Q9VXJ0
FBgn0030733	Q9VXI6
FBgn0030734	Q95TL8
FBgn0030735	Q7YU03
FBgn0030738	A8JV07
FBgn0030739	Q9VXH9
FBgn0030740	Q9VXH7
FBgn0030742	Q9VXH5
FBgn0030743	Q9VXH4
FBgn0030744	Q9VXH0
FBgn0030745	Q9VXG9
FBgn0030746	Q9VXG7
FBgn0030747	Q9VXG6
FBgn0030748	Q8IR14
FBgn0030749	Q9VXG4
FBgn0030752	Q9VXG0
FBgn0030753	Q9VXF9
FBgn0030756	Q9VXF5
FBgn0030757	Q9VXF4
FBgn0030759	Q9VXF0
FBgn0030761	M9PHS8
FBgn0030763	Q9VXE4
FBgn0030764	Q9VXE2
FBgn0030766	Q9VXD9
FBgn0030768	Q9VXD6
FBgn0030769	Q9VXD3
FBgn0030770	Q9VXD2
FBgn0030773	Q9VXC9
FBgn0030774	Q9VXC8
FBgn0030775	Q9VXC7
FBgn0030776	Q9VXC6
FBgn0030777	Q9VXC5
FBgn0030778	B7Z0Z5
FBgn0030780	Q9VXC2
FBgn0030786	Q9VXB5
FBgn0030787	Q9VXB4
FBgn0030788	Q9VXB3
FBgn0030789	Q8T4A9
FBgn0030790	Q9VXB1
FBgn0030791	Q9VXB0
FBgn0030792	Q9VXA9
FBgn0030793	Q9VXA8
FBgn0030794	Q9VXA7
FBgn0030795	Q86LG1
FBgn0030796	Q7KUX2
FBgn0030797	M9NGJ4
FBgn0030798	E1JJN4
FBgn0030799	Q8SY58
FBgn0030800	Q9VXA0
FBgn0030801	Q9VX99
FBgn0030802	Q9VX98
FBgn0030803	Q9VX97
FBgn0030804	Q9VX96
FBgn0030805	Q9VX95
FBgn0030806	Q9VX94
FBgn0030807	Q9VX93
FBgn0030808	Q9VX92
FBgn0030809	Q9VX91
FBgn0030812	Q9VX88
FBgn0030813	Q9VX87
FBgn0030814	Q9VX85
FBgn0030815	Q9VX86
FBgn0030816	Q9VX84
FBgn0030817	M9PHT8
FBgn0030823	Q9VX74
FBgn0030824	Q9VX73
FBgn0030826	Q9VX71
FBgn0030828	Q9VX69
FBgn0030829	Q8SXV9
FBgn0030830	Q9VX67
FBgn0030832	B7Z101
FBgn0030833	Q9VX63
FBgn0030834	Q9VX62
FBgn0030836	Q9VX58
FBgn0030837	Q9VX57
FBgn0030838	Q9VX56
FBgn0030839	Q9VX51
FBgn0030840	Q9VX50
FBgn0030841	Q9VX49
FBgn0030844	A8JV41
FBgn0030846	M9PHF7
FBgn0030847	M9PJQ1
FBgn0030850	Q9VX39
FBgn0030851	Q9VX38
FBgn0030853	Q9VX36
FBgn0030854	Q9VX35
FBgn0030855	Q9VX34
FBgn0030858	Q9VX31
FBgn0030859	Q9VX29
FBgn0030863	Q9VX25
FBgn0030864	Q9VX24
FBgn0030868	Q9VX19
FBgn0030869	M9PHY7
FBgn0030870	Q9VX17
FBgn0030871	Q9VX15
FBgn0030872	Q9VX14
FBgn0030873	Q9VX13
FBgn0030874	Q9VX12
FBgn0030876	Q9VX10
FBgn0030877	Q9VX09
FBgn0030878	Q9VX08
FBgn0030880	Q9VX04
FBgn0030881	Q9VX05
FBgn0030882	Q86B44
FBgn0030883	Q9VX02
FBgn0030884	Q9VX01
FBgn0030886	Q9VWZ8
FBgn0030887	Q9VWZ7
FBgn0030889	A8JUM9
FBgn0030890	Q9VWZ2
FBgn0030891	M9PHZ1
FBgn0030892	Q7KUW4
FBgn0030893	X2JCF3
FBgn0030894	Q9VWY7
FBgn0030895	Q9VWY5
FBgn0030897	P37236
FBgn0030898	Q9VWX9
FBgn0030899	Q9VWX7
FBgn0030900	Q9VWX6
FBgn0030904	Q9VWX2
FBgn0030905	Q9VWX1
FBgn0030912	Q7KUV8
FBgn0030913	Q9VWW2
FBgn0030914	Q9VWW1
FBgn0030915	Q9VWV8
FBgn0030918	Q8T4D9
FBgn0030921	Q9VWU7
FBgn0030925	A8JUP7
FBgn0030926	Q9VWU1
FBgn0030927	Q9VWU0
FBgn0030928	Q9VWT8
FBgn0030929	Q9VWT7
FBgn0030930	Q8MV48
FBgn0030931	Q9VWT5
FBgn0030932	Q9VWT3
FBgn0030933	Q9VWT2
FBgn0030936	Q9VWS9
FBgn0030937	Q9VWS8
FBgn0030938	Q9VWS7
FBgn0030940	Q9VWS5
FBgn0030941	Q9VWS4
FBgn0030943	Q9VWS2
FBgn0030944	Q9VWS1
FBgn0030945	Q9VWS0
FBgn0030946	Q9VWR8
FBgn0030947	Q9VWR6
FBgn0030949	Q9VWR2
FBgn0030951	Q9VWR1
FBgn0030952	Q9VWR0
FBgn0030954	Q7M3J6
FBgn0030955	Q9VWQ7
FBgn0030956	Q9VWQ6
FBgn0030959	Q9VWQ3
FBgn0030960	Q9VWQ1
FBgn0030961	Q9VWP9
FBgn0030963	Q9VWP7
FBgn0030964	Q9VWP6
FBgn0030966	Q9VWP4
FBgn0030968	Q9VWP2
FBgn0030969	Q9VWP1
FBgn0030970	Q9VWP0
FBgn0030973	Q9VWN5
FBgn0030974	Q9VWN4
FBgn0030975	Q9VWN3
FBgn0030976	X2JEB8
FBgn0030979	Q9VWM7
FBgn0030980	Q9VWM5
FBgn0030981	Q9VWM4
FBgn0030982	Q9VWM3
FBgn0030983	Q9VWM2
FBgn0030984	Q9VWM1
FBgn0030985	Q9VWM0
FBgn0030989	Q9VWL5
FBgn0030990	Q9VWL4
FBgn0030991	Q9VWL3
FBgn0030992	M9PI06
FBgn0030993	Q9VWL0
FBgn0030994	Q9VWK9
FBgn0030995	Q9VWK8
FBgn0030996	Q9VWK7
FBgn0030997	Q9VWK6
FBgn0030998	Q9VWK4
FBgn0030999	Q9VWK3
FBgn0031000	Q9VWK2
FBgn0031001	M9PJR1
FBgn0031002	Q9VWK0
FBgn0031003	Q9VWJ9
FBgn0031004	Q9VWJ8
FBgn0031005	Q9VWJ7
FBgn0031006	Q9VWJ6
FBgn0031008	Q9VWJ4
FBgn0031010	A8JUR0
FBgn0031011	Q9VWJ1
FBgn0031012	Q9VWJ0
FBgn0031016	Q9VWI6
FBgn0031018	Q9VWI4
FBgn0031020	Q9VWI2
FBgn0031021	Q9VWI0
FBgn0031022	Q9VWH9
FBgn0031023	Q9VWH5
FBgn0031026	Q9VWH2
FBgn0031030	Q0KHQ5
FBgn0031031	Q9VWG7
FBgn0031032	Q9VWG6
FBgn0031033	Q9VWG5
FBgn0031034	Q9VWG4
FBgn0031036	Q9VWG2
FBgn0031037	Q8IQW5
FBgn0031038	Q8IQW4
FBgn0031039	Q9VWG0
FBgn0031040	Q9VWF8
FBgn0031041	Q9VWF7
FBgn0031042	M9PHK6
FBgn0031043	M9PI14
FBgn0031044	Q9VWF4
FBgn0031045	Q9VWF3
FBgn0031047	Q7JVP2
FBgn0031048	Q9VWF0
FBgn0031049	Q9VWE9
FBgn0031050	Q9VWE8
FBgn0031051	Q9VWE7
FBgn0031052	Q9VWE6
FBgn0031053	Q9VWE5
FBgn0031054	Q9VWE4
FBgn0031055	M9NE35
FBgn0031057	Q9VWD9
FBgn0031058	Q9VWD8
FBgn0031059	Q9VWD7
FBgn0031060	Q9VWD6
FBgn0031061	Q9VWD5
FBgn0031062	Q9VWD4
FBgn0031064	Q9VWD3
FBgn0031065	A0A4D6K5P9
FBgn0031066	Q9VWD1
FBgn0031068	C0PVB3
FBgn0031069	Q9VWC8
FBgn0031070	Q9VWC7
FBgn0031074	Q9VWC3
FBgn0031077	Q9VWB9
FBgn0031078	Q8IQV9
FBgn0031080	Q9W5Y1
FBgn0031081	Q9W5Y0
FBgn0031082	Q9W5X9
FBgn0031085	Q9W5X6
FBgn0031086	Q9W5X5
FBgn0031088	Q9W5X2
FBgn0031089	Q9W5X1
FBgn0031090	Q9W5X0
FBgn0031091	Q9W5W9
FBgn0031092	Q9W5W8
FBgn0031093	Q9W5W7
FBgn0031094	Q9W5W6
FBgn0031097	Q9VR79
FBgn0031098	Q9VR80
FBgn0031099	Q9VR81
FBgn0031100	Q9VR83
FBgn0031101	Q9VR84
FBgn0031103	Q9VR87
FBgn0031104	Q9VR88
FBgn0031106	Q9VR90
FBgn0031107	Q9VR91
FBgn0031108	Q9VR92
FBgn0031109	Q9VR94
FBgn0031110	Q9VR95
FBgn0031111	Q9VR96
FBgn0031114	Q9VR99
FBgn0031115	Q9VRA1
FBgn0031116	Q8IQ31
FBgn0031117	E1JJS1
FBgn0031118	X2JEI9
FBgn0031119	Q9VRA7
FBgn0031126	Q9VRB3
FBgn0031127	Q9VRB4
FBgn0031128	Q8IQ35
FBgn0031129	Q9VRB7
FBgn0031130	Q9VRB8
FBgn0031132	Q9VRC1
FBgn0031134	Q9VRC3
FBgn0031139	Q8IQ43
FBgn0031141	Q9VRD1
FBgn0031142	Q9VRD3
FBgn0031143	Q9VRD4
FBgn0031144	B7Z152
FBgn0031145	Q9VRD6
FBgn0031146	Q9VRD7
FBgn0031148	Q9VRD9
FBgn0031149	Q9VRE0
FBgn0031150	Q9VRE2
FBgn0031155	Q9VRE7
FBgn0031157	Q9VRE9
FBgn0031161	Q9VRF3
FBgn0031164	Q9VRF6
FBgn0031168	Q9VRG1
FBgn0031169	Q9VRG3
FBgn0031170	Q9VRG4
FBgn0031171	Q9VRG5
FBgn0031174	Q9VRG8
FBgn0031176	Q9VRI1
FBgn0031178	Q9VRI3
FBgn0031181	Q9VRI8
FBgn0031182	Q9VRI9
FBgn0031183	Q9VR50
FBgn0031184	Q9VR51
FBgn0031187	Q8IQ27
FBgn0031188	Q9VR55
FBgn0031189	Q9VR56
FBgn0031190	Q9VR57
FBgn0031191	Q2PDW6
FBgn0031194	Q9VR62
FBgn0031195	M9PJS6
FBgn0031196	Q9VR64
FBgn0031197	Q9VR65
FBgn0031201	Q9VR70
FBgn0031209	Q9VPI2
FBgn0031213	Q9VPI6
FBgn0031214	Q9VPI7
FBgn0031216	Q9VPI9
FBgn0031217	Q9VPJ0
FBgn0031219	Q9VPJ6
FBgn0031220	Q9VPJ7
FBgn0031224	Q9VPK4
FBgn0031227	Q9VPK7
FBgn0031228	Q7K1C0
FBgn0031229	Q9VPL0
FBgn0031231	Q9VPL3
FBgn0031232	Q9VPL4
FBgn0031233	Q9VPL5
FBgn0031235	Q9VPL8
FBgn0031238	Q9VPM1
FBgn0031239	Q9VPM2
FBgn0031240	Q9VPM3
FBgn0031244	Q9VPM9
FBgn0031245	Q9VPN0
FBgn0031247	Q9VPN3
FBgn0031248	Q9VPN7
FBgn0031249	Q9VPN8
FBgn0031250	Q9VPP0
FBgn0031251	Q9VPP2
FBgn0031252	Q9VPP5
FBgn0031253	Q9VPP7
FBgn0031254	Q9VPP8
FBgn0031255	Q9VPP9
FBgn0031256	Q9VPQ2
FBgn0031257	Q9VPQ3
FBgn0031258	Q9VPQ4
FBgn0031260	Q9VPQ7
FBgn0031261	Q9VPQ8
FBgn0031263	Q9VPR1
FBgn0031264	Q9VPR2
FBgn0031265	Q9VPR3
FBgn0031266	Q9VPR5
FBgn0031267	Q9VPR6
FBgn0031268	Q9VPR7
FBgn0031270	Q9VPS0
FBgn0031273	Q9VPS3
FBgn0031275	Q9VPS7
FBgn0031276	Q9VPS8
FBgn0031277	Q9VPT0
FBgn0031279	Q9VPT2
FBgn0031281	Q9VPT4
FBgn0031282	Q9VPT5
FBgn0031283	Q9VPT6
FBgn0031284	Q9VPT7
FBgn0031285	Q9VPT9
FBgn0031286	Q9VPU0
FBgn0031287	Q9VPU4
FBgn0031288	Q9VPU5
FBgn0031289	Q9VPU6
FBgn0031292	Q9VPV1
FBgn0031294	Q9VPV8
FBgn0031295	Q9VPV6
FBgn0031296	Q9VPV7
FBgn0031298	Q9VPW2
FBgn0031299	Q9VPW3
FBgn0031301	Q9VPW5
FBgn0031302	Q9VPW6
FBgn0031304	Q9VPW9
FBgn0031305	Q9VPX0
FBgn0031306	M9PDX2
FBgn0031307	Q9VPX2
FBgn0031309	Q9VPX4
FBgn0031310	Q9VPX5
FBgn0031312	Q9VPX8
FBgn0031313	Q7K3E2
FBgn0031314	Q9VPY0
FBgn0031315	Q7KU06
FBgn0031317	Q9VPY3
FBgn0031318	Q9VPY4
FBgn0031319	A0A023GRW3
FBgn0031320	Q9VPY7
FBgn0031321	Q9VPY8
FBgn0031322	Q9VPY9
FBgn0031323	Q9VPZ0
FBgn0031324	Q9VPZ2
FBgn0031327	Q9VPZ5
FBgn0031331	Q9VQ00
FBgn0031332	Q9VQ01
FBgn0031333	Q9VQ02
FBgn0031335	Q9VQ04
FBgn0031337	Q9VQ06
FBgn0031343	Q0E8U8
FBgn0031344	M9PAZ8
FBgn0031345	Q9VQ17
FBgn0031347	Q9VQ22
FBgn0031351	Q9VQ27
FBgn0031356	Q9VQ34
FBgn0031357	Q9VQ35
FBgn0031359	Q9VQ37
FBgn0031360	Q9VQ39
FBgn0031361	Q9VQ40
FBgn0031364	Q9VQ43
FBgn0031365	Q9VQ44
FBgn0031367	Q9VQ46
FBgn0031372	Q9VQ51
FBgn0031373	Q9VQ53
FBgn0031374	M9PB01
FBgn0031375	Q9VQ56
FBgn0031377	Q9VQ58
FBgn0031378	Q9VQ59
FBgn0031379	Q9VQ60
FBgn0031381	Q9VQ62
FBgn0031384	Q9VQ67
FBgn0031388	Q9VQ73
FBgn0031389	Q9VQ75
FBgn0031390	E2QCS8
FBgn0031391	Q9VQ77
FBgn0031392	Q9VQ79
FBgn0031393	Q9VQ80
FBgn0031395	M9PB06
FBgn0031397	Q9VQ86
FBgn0031398	Q95TS8
FBgn0031399	Q9VQ89
FBgn0031401	Q9VQ91
FBgn0031403	A8DYT6
FBgn0031406	Q9VQA0
FBgn0031407	Q9VQA2
FBgn0031409	Q9VQA4
FBgn0031410	Q9VQA5
FBgn0031412	Q9VQA7
FBgn0031413	Q9VQA8
FBgn0031414	A0A1F4
FBgn0031417	M9PE54
FBgn0031418	Q9VQB4
FBgn0031419	Q8SXK0
FBgn0031420	Q9VQB6
FBgn0031422	Q9VQB8
FBgn0031423	Q9VQB9
FBgn0031424	Q9VQC0
FBgn0031426	Q9VQC2
FBgn0031428	Q9VQC4
FBgn0031430	Q9VQD0
FBgn0031431	Q9VQD1
FBgn0031432	Q9VQD2
FBgn0031434	Q8SYK5
FBgn0031435	Q9VQD6
FBgn0031436	Q9VQD7
FBgn0031437	Q9VQD8
FBgn0031440	Q7KU18
FBgn0031441	Q9VQE3
FBgn0031442	Q8T8U1
FBgn0031443	Q9VQE5
FBgn0031444	Q9VQE6
FBgn0031446	Q9VQE8
FBgn0031449	M9PBX3
FBgn0031450	Q960X8
FBgn0031451	Q9VQF4
FBgn0031452	Q9VQF5
FBgn0031453	Q9VQF7
FBgn0031454	Q9VQF8
FBgn0031455	Q9VQF9
FBgn0031456	Q9VQG0
FBgn0031457	Q9VQG1
FBgn0031458	Q9VQG2
FBgn0031459	Q8STA5
FBgn0031460	Q9VQG6
FBgn0031461	Q9VQG9
FBgn0031462	Q9VQH0
FBgn0031463	Q9VQH1
FBgn0031465	Q9VQH3
FBgn0031466	Q9VQH4
FBgn0031467	Q9VQH5
FBgn0031468	Q9VQH6
FBgn0031469	Q9VQH7
FBgn0031470	Q9VQH8
FBgn0031471	Q9VQH9
FBgn0031472	Q9VQI0
FBgn0031473	Q9VQI1
FBgn0031474	Q9VQI2
FBgn0031476	Q9VQI4
FBgn0031478	Q9VQI6
FBgn0031479	Q9VQI7
FBgn0031483	Q9VQJ6
FBgn0031484	Q9VQJ7
FBgn0031485	Q9VQJ8
FBgn0031488	Q9VQK1
FBgn0031489	Q0E8U4
FBgn0031490	Q9VQK3
FBgn0031491	Q9VQK4
FBgn0031492	Q9VQK5
FBgn0031493	Q9VQK7
FBgn0031494	Q9VQK8
FBgn0031495	Q9VQK9
FBgn0031496	Q9VQL0
FBgn0031497	Q9VQL1
FBgn0031498	Q9VQL2
FBgn0031500	Q8IPZ3
FBgn0031501	Q9VQL5
FBgn0031504	Q4V6K4
FBgn0031505	Q9VQM2
FBgn0031512	Q9VQN1
FBgn0031513	Q9VQN2
FBgn0031514	Q9VQN3
FBgn0031515	Q0E8U2
FBgn0031516	Q8MRL3
FBgn0031517	Q9VQN6
FBgn0031518	Q8IQ00
FBgn0031519	Q9VQN8
FBgn0031520	Q9VQN9
FBgn0031522	Q9VQP1
FBgn0031523	Q9VQP2
FBgn0031526	Q9VQP5
FBgn0031528	M9PED9
FBgn0031529	Q9VQP9
FBgn0031530	Q6WV19
FBgn0031531	Q9VQQ3
FBgn0031533	Q9VQQ5
FBgn0031534	Q9VQQ6
FBgn0031535	Q9VQQ7
FBgn0031536	Q961G1
FBgn0031538	Q9VQR0
FBgn0031540	Q9VQR3
FBgn0031542	Q9VQR5
FBgn0031544	Q9VQR9
FBgn0031545	Q9VQS0
FBgn0031546	R9PY49
FBgn0031547	Q9VQS2
FBgn0031548	Q9VQS3
FBgn0031549	Q9VQS4
FBgn0031550	Q9VQS5
FBgn0031554	Q9VQT1
FBgn0031558	Q9VQT5
FBgn0031559	Q9VQT6
FBgn0031560	Q9VQT7
FBgn0031561	Q9VQT8
FBgn0031562	Q9VQT9
FBgn0031563	Q9VQU0
FBgn0031564	Q4V4A5
FBgn0031566	Q9VQU3
FBgn0031568	Q9VQU7
FBgn0031571	M9NDE3
FBgn0031573	Q9VQV3
FBgn0031574	Q9VQV6
FBgn0031575	Q9VQV7
FBgn0031579	Q9VQW4
FBgn0031580	Q9VQW5
FBgn0031585	Q9VQX0
FBgn0031589	Q9VQX4
FBgn0031590	Q9VQX6
FBgn0031592	Q9VQX9
FBgn0031596	Q9VQY5
FBgn0031597	Q9VQY7
FBgn0031598	Q9VQY8
FBgn0031600	Q9VQZ0
FBgn0031601	Q8SZ87
FBgn0031602	Q9VQZ3
FBgn0031603	Q9VQZ5
FBgn0031604	Q9VQZ6
FBgn0031606	Q9VQZ8
FBgn0031607	Q8SXG7
FBgn0031608	Q9VR03
FBgn0031609	Q9VR04
FBgn0031610	Q9VR05
FBgn0031611	Q9VR06
FBgn0031613	Q9VR09
FBgn0031617	Q9VR13
FBgn0031619	Q9VR15
FBgn0031620	Q9VR18
FBgn0031621	Q9VR19
FBgn0031622	Q9VR20
FBgn0031623	Q9VR21
FBgn0031626	Q9VR24
FBgn0031627	Q9VR25
FBgn0031628	Q9VR26
FBgn0031630	Q9VR28
FBgn0031631	Q9VR29
FBgn0031632	Q9VR30
FBgn0031633	Q9VR31
FBgn0031634	E9NA96
FBgn0031635	Q9VR33
FBgn0031636	E1JHT4
FBgn0031637	Q9VR35
FBgn0031638	Q9VR36
FBgn0031639	Q8MSS7
FBgn0031640	Q9VR38
FBgn0031643	Q9VR42
FBgn0031644	Q9VR43
FBgn0031645	Q9VR44
FBgn0031646	Q9VR45
FBgn0031649	Q9VR48
FBgn0031650	Q9VMY2
FBgn0031651	Q9VMY1
FBgn0031652	Q9VMY0
FBgn0031653	Q9VMX9
FBgn0031654	Q9VMX8
FBgn0031655	Q9VMX6
FBgn0031657	Q9VMX3
FBgn0031659	Q9VMX1
FBgn0031660	Q9VMX0
FBgn0031661	Q9VMW9
FBgn0031662	Q9VMW8
FBgn0031663	Q9VMW7
FBgn0031664	Q7K4I5
FBgn0031668	Q9VMV7
FBgn0031670	Q9VMV6
FBgn0031673	Q7K1W8
FBgn0031675	Q9VMV0
FBgn0031676	Q9VMU8
FBgn0031677	Q9VMU7
FBgn0031678	Q9VMU6
FBgn0031681	Q6WV17
FBgn0031682	Q9VMU2
FBgn0031683	M9PB41
FBgn0031684	Q9VMU0
FBgn0031688	Q9VMT6
FBgn0031689	Q9VMT5
FBgn0031690	Q9VMT4
FBgn0031692	Q9VMT2
FBgn0031693	Q9VMS9
FBgn0031694	Q9VMS8
FBgn0031695	Q9VMS7
FBgn0031696	Q9VMS5
FBgn0031697	Q9VMS3
FBgn0031698	A8DYV5
FBgn0031700	Q9VMR9
FBgn0031701	Q9VMR8
FBgn0031702	Q7K3S3
FBgn0031703	Q9VMR6
FBgn0031707	M9PB43
FBgn0031708	Q9VMR0
FBgn0031710	Q9VMQ8
FBgn0031711	Q9VMQ7
FBgn0031713	Q9VMQ5
FBgn0031715	Q9VMQ3
FBgn0031716	Q9VMQ2
FBgn0031717	Q9VMP9
FBgn0031718	Q9VMP8
FBgn0031719	Q9VMP7
FBgn0031720	Q9VMP6
FBgn0031721	Q9VMP5
FBgn0031722	Q9VMP2
FBgn0031723	Q9VMP1
FBgn0031724	Q9VMP0
FBgn0031725	Q9VMN9
FBgn0031726	X2J9F6
FBgn0031728	Q9VMN5
FBgn0031729	Q9VMN4
FBgn0031730	Q9VMN3
FBgn0031731	Q9VMN2
FBgn0031732	Q9VMN1
FBgn0031733	Q9VMN0
FBgn0031734	Q9VMM9
FBgn0031735	Q9VMM8
FBgn0031736	Q9VMM7
FBgn0031737	Q9VMM6
FBgn0031738	Q7JRE1
FBgn0031739	Q9VMM4
FBgn0031740	Q9VMM3
FBgn0031741	Q9VMM2
FBgn0031745	Q9VML8
FBgn0031746	X2JDB2
FBgn0031747	Q9VML5
FBgn0031749	Q8T3P5
FBgn0031751	Q9I7P2
FBgn0031752	M9PCP3
FBgn0031753	Q9VMK8
FBgn0031756	Q9VMK2
FBgn0031757	Q9VMK1
FBgn0031758	Q9VMK0
FBgn0031759	Q9VMJ7
FBgn0031760	Q9VMJ6
FBgn0031762	Q9VMJ4
FBgn0031763	Q9VMJ2
FBgn0031764	Q9VMJ1
FBgn0031765	X2JDC2
FBgn0031766	Q9VMI8
FBgn0031768	Q9VMI6
FBgn0031769	Q9VMI5
FBgn0031770	Q9VMI4
FBgn0031771	Q9VMI3
FBgn0031772	Q9VMI2
FBgn0031773	Q9VMI1
FBgn0031774	Q9VMI0
FBgn0031775	Q9VMH9
FBgn0031776	Q9VMH8
FBgn0031777	Q9VMH7
FBgn0031779	Q9VMH4
FBgn0031782	Q6NL34
FBgn0031784	Q8T4D4
FBgn0031785	Q9VMG8
FBgn0031786	Q9VMG6
FBgn0031791	Q9VMG0
FBgn0031792	Q9VMF9
FBgn0031799	Q9V3V3
FBgn0031800	Q9VMF1
FBgn0031801	Q9VMF0
FBgn0031802	Q9VME9
FBgn0031803	Q9VME8
FBgn0031804	Q9VME7
FBgn0031805	Q9VME6
FBgn0031808	Q9VME3
FBgn0031811	Q9VME0
FBgn0031813	B7Z028
FBgn0031814	Q9VMD6
FBgn0031815	Q9VMD5
FBgn0031816	Q9VMD4
FBgn0031817	Q9VMD3
FBgn0031818	Q9VMD2
FBgn0031820	Q9VMD0
FBgn0031822	Q9VMC8
FBgn0031824	Q9VMC6
FBgn0031826	Q9VMC4
FBgn0031829	Q9VMC0
FBgn0031830	Q9VMB9
FBgn0031831	Q9VMB8
FBgn0031832	Q8MS69
FBgn0031834	Q9VMB5
FBgn0031835	X2J9P4
FBgn0031836	Q9VMB3
FBgn0031837	Q4V3F0
FBgn0031844	Q9VMA4
FBgn0031848	Q9VMA0
FBgn0031849	Q9VM98
FBgn0031850	Q9VM97
FBgn0031851	Q9VM95
FBgn0031853	Q9VM92
FBgn0031854	Q9VM91
FBgn0031855	Q9VM90
FBgn0031856	Q9VM89
FBgn0031857	Q8IPJ3
FBgn0031858	Q9VM87
FBgn0031859	Q8IPJ1
FBgn0031860	Q9VM80
FBgn0031861	Q9VM79
FBgn0031865	Q9VM74
FBgn0031866	Q9NGK5
FBgn0031868	Q9VM71
FBgn0031869	M9PCE3
FBgn0031871	Q9VM65
FBgn0031872	Q9VM64
FBgn0031873	Q9VM63
FBgn0031874	Q9VM61
FBgn0031875	Q9VM60
FBgn0031876	Q9VM59
FBgn0031877	Q9VM58
FBgn0031878	Q7KTL5
FBgn0031879	E1JHA6
FBgn0031881	Q9VM51
FBgn0031882	Q9VM50
FBgn0031883	Q9VM49
FBgn0031885	Q9VM47
FBgn0031886	Q9VM45
FBgn0031887	Q9VM44
FBgn0031888	Q9VM43
FBgn0031893	A2VEI2
FBgn0031894	Q9VM37
FBgn0031895	Q9VM36
FBgn0031896	Q9VM35
FBgn0031897	M9PEZ6
FBgn0031900	Q9VM30
FBgn0031902	Q9VM26
FBgn0031903	Q9VM25
FBgn0031904	Q9VM22
FBgn0031905	Q9VM21
FBgn0031906	Q9VM20
FBgn0031907	C9QPE7
FBgn0031908	Q9VM18
FBgn0031909	Q9VM17
FBgn0031910	Q9VM16
FBgn0031913	Q9VM12
FBgn0031914	Q9VM11
FBgn0031918	Q9VM07
FBgn0031920	Q9VM05
FBgn0031925	Q9VLZ7
FBgn0031926	Q9VLZ6
FBgn0031929	Q9VLZ2
FBgn0031930	Q9VLZ1
FBgn0031935	Q9VLY5
FBgn0031936	Q9VLY4
FBgn0031937	Q9VLY3
FBgn0031939	Q9I7N9
FBgn0031940	Q9VLY1
FBgn0031941	Q9VLY0
FBgn0031942	Q9VLX9
FBgn0031945	Q9VLX6
FBgn0031946	Q9VLX3
FBgn0031947	Q9VLX2
FBgn0031948	Q8T0S3
FBgn0031950	Q9VLW9
FBgn0031951	Q9VLW8
FBgn0031952	Q9VLW7
FBgn0031954	Q9VLW3
FBgn0031955	Q9VLW2
FBgn0031957	Q8SZP2
FBgn0031959	Q9VLV7
FBgn0031961	Q9VLV6
FBgn0031968	Q9VLU9
FBgn0031969	B7Z031
FBgn0031970	Q9VLU7
FBgn0031971	Q9VLU6
FBgn0031972	Q9VLU5
FBgn0031973	Q9VLU4
FBgn0031974	Q9VLU3
FBgn0031975	Q9VLU2
FBgn0031976	Q9VLU1
FBgn0031977	Q9VLU0
FBgn0031979	Q9VLT8
FBgn0031980	Q9VLT7
FBgn0031981	Q9VLT6
FBgn0031985	Q9VLT1
FBgn0031986	Q9VLT0
FBgn0031987	Q9VLS9
FBgn0031988	Q9VLS8
FBgn0031990	Q9VLS7
FBgn0031992	Q9VLS4
FBgn0031995	Q9VLS1
FBgn0031996	Q9VLS0
FBgn0031997	Q9VLR9
FBgn0031998	Q9VLR8
FBgn0031999	Q9VLR7
FBgn0032000	Q8IPG2
FBgn0032001	Q9VLR3
FBgn0032002	Q9VLR2
FBgn0032003	Q7KTJ2
FBgn0032004	Q9VLR0
FBgn0032005	M9NDI3
FBgn0032006	E1JHB7
FBgn0032008	Q9VLQ6
FBgn0032010	M9PB71
FBgn0032013	M9PF78
FBgn0032014	Q9VLP9
FBgn0032015	Q8SY53
FBgn0032016	Q9VLP7
FBgn0032017	Q9VLP6
FBgn0032018	Q9VLP5
FBgn0032020	Q9VLP3
FBgn0032021	Q9VLP2
FBgn0032022	Q9VLP1
FBgn0032023	Q9VLP0
FBgn0032024	Q9VLN9
FBgn0032025	Q9VLN8
FBgn0032026	Q9VLN6
FBgn0032029	Q7K3Z8
FBgn0032030	Q9VLN1
FBgn0032031	Q9VLN0
FBgn0032032	Q9VLM9
FBgn0032033	Q9VLM7
FBgn0032034	Q9VLM6
FBgn0032036	Q9VLM3
FBgn0032039	Q9VLL7
FBgn0032040	Q9VLL6
FBgn0032042	Q9VLL4
FBgn0032047	Q8T4E7
FBgn0032048	Q9VLK4
FBgn0032049	Q9VLK3
FBgn0032050	Q9VLK2
FBgn0032051	Q9VLK1
FBgn0032052	Q9VLK0
FBgn0032053	Q9VLJ9
FBgn0032054	Q9VLJ8
FBgn0032055	Q9VLJ7
FBgn0032057	Q9VLJ2
FBgn0032058	Q9VLJ1
FBgn0032059	Q9VLJ0
FBgn0032061	Q9VLI6
FBgn0032065	Q9VLI3
FBgn0032066	Q9VLI2
FBgn0032067	Q9VLI1
FBgn0032068	Q9VLI0
FBgn0032069	Q9VLH9
FBgn0032072	Q9VLH5
FBgn0032074	Q9VLH1
FBgn0032075	Q9VLH0
FBgn0032076	Q9VLG9
FBgn0032077	Q86BM0
FBgn0032078	Q7K237
FBgn0032079	A8DYY1
FBgn0032080	Q9VLG5
FBgn0032082	Q9VLG3
FBgn0032083	M9PCF9
FBgn0032084	Q9VLG1
FBgn0032085	Q9VLF8
FBgn0032086	Q9VLF7
FBgn0032087	Q9VLF4
FBgn0032088	Q8MT42
FBgn0032089	Q9VLF2
FBgn0032090	Q9VLF1
FBgn0032094	Q9VLE7
FBgn0032095	Q9VLE6
FBgn0032096	Q9VLE5
FBgn0032100	Q9VLE1
FBgn0032101	M9PD03
FBgn0032104	Q9VLD7
FBgn0032105	Q9VLD6
FBgn0032109	Q9VLD1
FBgn0032110	Q9VLC9
FBgn0032111	Q9VLC8
FBgn0032115	Q9VLC4
FBgn0032116	Q9VLC3
FBgn0032117	Q9VLC1
FBgn0032119	Q9VLB9
FBgn0032120	Q7KTG6
FBgn0032122	Q9VLB4
FBgn0032123	Q9VLB3
FBgn0032124	Q9VLB2
FBgn0032125	Q9VLB1
FBgn0032126	Q9VLB0
FBgn0032127	A9UN61
FBgn0032129	Q7JV09
FBgn0032130	Q9VLA6
FBgn0032131	Q9VLA4
FBgn0032132	Q9VLA3
FBgn0032135	Q9VLA1
FBgn0032136	Q7KTG2
FBgn0032138	Q9VL96
FBgn0032139	Q9VL94
FBgn0032140	Q9VL93
FBgn0032143	Q9VL87
FBgn0032144	Q9VL86
FBgn0032147	Q9VL83
FBgn0032149	Q9VL81
FBgn0032150	Q9VL80
FBgn0032151	Q7KTF8
FBgn0032153	Q9VL77
FBgn0032154	Q9VL76
FBgn0032156	Q9VL73
FBgn0032157	Q9VL72
FBgn0032160	Q9VL68
FBgn0032161	Q9VL67
FBgn0032162	Q9VL66
FBgn0032163	Q9VL65
FBgn0032166	Q7KTG0
FBgn0032167	Q9VL61
FBgn0032168	Q9VL60
FBgn0032169	Q9VL59
FBgn0032170	Q9VL57
FBgn0032171	Q9VL58
FBgn0032172	M9PD30
FBgn0032175	Q9VL48
FBgn0032176	Q9VL47
FBgn0032178	Q9VL44
FBgn0032181	Q9VL41
FBgn0032184	Q9VL37
FBgn0032187	Q9VL34
FBgn0032188	Q9VL33
FBgn0032189	Q9VL31
FBgn0032191	Q9VL28
FBgn0032192	Q9VL27
FBgn0032193	Q9VL26
FBgn0032194	Q9VL25
FBgn0032195	Q9VL22
FBgn0032196	Q9VL21
FBgn0032198	Q9VL18
FBgn0032200	Q9VL16
FBgn0032202	Q9VL14
FBgn0032204	Q95TN1
FBgn0032205	Q9VL11
FBgn0032208	Q9VL06
FBgn0032209	Q9VL05
FBgn0032210	Q8IPC5
FBgn0032211	Q9VL03
FBgn0032213	Q9VL01
FBgn0032214	Q9VL00
FBgn0032216	Q9VKZ8
FBgn0032217	Q9VKZ7
FBgn0032218	Q9VKZ6
FBgn0032219	Q9VKZ5
FBgn0032221	A8DYY6
FBgn0032222	Q9VKZ1
FBgn0032223	Q9VKZ0
FBgn0032224	Q9VKY8
FBgn0032225	Q9VKY7
FBgn0032228	Q9VKY4
FBgn0032229	Q9VKY3
FBgn0032230	Q9VKY1
FBgn0032231	Q9VKY0
FBgn0032233	Q9VKX8
FBgn0032234	Q9VKX7
FBgn0032235	Q9VKX6
FBgn0032236	Q9VKX4
FBgn0032240	Q9VKW8
FBgn0032242	Q9VKW5
FBgn0032243	Q9VKW4
FBgn0032244	Q9VKW3
FBgn0032246	Q9VKW1
FBgn0032247	Q9VKV9
FBgn0032248	Q9VKV8
FBgn0032249	Q9VKV6
FBgn0032250	Q9VKV5
FBgn0032251	Q9VKV4
FBgn0032252	Q9VKV3
FBgn0032253	Q9VKV2
FBgn0032256	Q9VKU8
FBgn0032258	Q95TN4
FBgn0032259	Q9VKU5
FBgn0032260	Q9VKU4
FBgn0032261	Q9VKU3
FBgn0032262	Q9VKU2
FBgn0032264	M9PCU5
FBgn0032265	Q9VKT8
FBgn0032266	Q9VKT7
FBgn0032268	Q8IPB6
FBgn0032269	Q9VKT4
FBgn0032271	Q9VKT2
FBgn0032280	Q9VKS3
FBgn0032281	Q9VKS2
FBgn0032282	Q9VKS1
FBgn0032283	Q8SXV4
FBgn0032284	Q9VKR9
FBgn0032285	Q9VKR8
FBgn0032286	Q9VKR7
FBgn0032287	Q9VKR4
FBgn0032289	M9MRT1
FBgn0032290	Q9VKR2
FBgn0032291	Q9VKR1
FBgn0032292	Q9VKR0
FBgn0032293	Q9VKQ9
FBgn0032294	Q9VKQ8
FBgn0032295	Q9VKQ7
FBgn0032296	Q9VKQ6
FBgn0032297	Q9VKQ5
FBgn0032298	Q9VKQ3
FBgn0032299	Q9VKQ2
FBgn0032303	Q9VKP7
FBgn0032304	Q9VKP6
FBgn0032305	Q9VKP5
FBgn0032311	Q9VKN6
FBgn0032312	Q9VKN5
FBgn0032313	Q9VKN4
FBgn0032314	Q7KTF1
FBgn0032315	Q9VKN2
FBgn0032318	Q9VKM9
FBgn0032321	Q9VKM6
FBgn0032322	M9PFK3
FBgn0032329	Q8SX32
FBgn0032330	Q9VKL0
FBgn0032331	A8DYZ1
FBgn0032335	Q9VKK6
FBgn0032336	Q9VKK5
FBgn0032337	X2J7V2
FBgn0032338	M9ND65
FBgn0032339	Q9VKK2
FBgn0032341	Q8MQS4
FBgn0032343	Q9VKJ8
FBgn0032345	Q9VKJ5
FBgn0032346	Q9VKJ4
FBgn0032348	Q9VKJ1
FBgn0032350	Q9VKI8
FBgn0032354	Q9VKI2
FBgn0032358	Q9VKH6
FBgn0032360	Q9VKH4
FBgn0032362	Q9VKG9
FBgn0032363	Q9VKG8
FBgn0032364	Q2MGK5
FBgn0032365	Q9VKG6
FBgn0032366	Q9VKG5
FBgn0032368	Q9VKG2
FBgn0032369	Q9VKG0
FBgn0032370	Q9VKF9
FBgn0032371	Q9VKF8
FBgn0032372	Q9VKF7
FBgn0032373	Q9VKF6
FBgn0032374	M9PCR1
FBgn0032375	E1JHF9
FBgn0032376	Q9VKF3
FBgn0032377	Q9VKF2
FBgn0032378	Q9VKF0
FBgn0032381	Q9VKE6
FBgn0032382	A0A4P1SA55
FBgn0032385	Q9VKE1
FBgn0032387	Q9VKD9
FBgn0032388	Q95TU2
FBgn0032390	Q9VKD6
FBgn0032391	Q9VKD5
FBgn0032393	Q9VKD3
FBgn0032394	Q9VKD2
FBgn0032395	Q9VKD0
FBgn0032397	Q9VKC8
FBgn0032398	Q9VKC7
FBgn0032399	Q9VKC6
FBgn0032400	Q9VKC5
FBgn0032401	Q9VKC4
FBgn0032402	Q9VKC3
FBgn0032404	Q9VKC1
FBgn0032405	Q9VKB8
FBgn0032406	Q9VKB7
FBgn0032407	Q8IP97
FBgn0032408	Q9VKB4
FBgn0032409	Q9VKB2
FBgn0032414	Q9VKA7
FBgn0032415	Q86BL6
FBgn0032416	Q9VKA5
FBgn0032419	Q9VKA2
FBgn0032420	Q9VKA1
FBgn0032421	Q9VKA0
FBgn0032422	Q9VK99
FBgn0032424	Q9VK96
FBgn0032428	Q9VK91
FBgn0032429	Q9VK90
FBgn0032430	Q9VK89
FBgn0032431	Q9VK88
FBgn0032433	Q9VK84
FBgn0032434	Q9VK83
FBgn0032435	Q9VK82
FBgn0032436	Q9VK81
FBgn0032439	Q9VK76
FBgn0032442	Q9VK72
FBgn0032444	Q9VK69
FBgn0032445	Q9VK68
FBgn0032446	Q9VK67
FBgn0032447	X2JDZ1
FBgn0032448	Q9VK65
FBgn0032449	Q9VK64
FBgn0032450	Q9VK63
FBgn0032451	M9PD12
FBgn0032452	Q9VK61
FBgn0032453	Q9VK60
FBgn0032454	Q9VK59
FBgn0032455	Q9VK58
FBgn0032456	Q7KTC0
FBgn0032457	Q9VK55
FBgn0032462	Q9VK49
FBgn0032464	Q9VK47
FBgn0032465	Q9VK46
FBgn0032467	Q9VK44
FBgn0032470	Q9VK41
FBgn0032471	Q9VK40
FBgn0032472	Q9VK39
FBgn0032473	Q9VK36
FBgn0032474	M9PD23
FBgn0032475	Q9VK33
FBgn0032476	Q9VK31
FBgn0032477	Q9VK30
FBgn0032478	Q9VK29
FBgn0032479	Q9VK28
FBgn0032480	Q9VK27
FBgn0032481	Q8SWW4
FBgn0032482	Q9VK25
FBgn0032483	Q9VK23
FBgn0032484	Q9VK22
FBgn0032485	Q9VK21
FBgn0032486	Q9VK20
FBgn0032487	Q9VK19
FBgn0032488	Q9VK18
FBgn0032489	Q9VK17
FBgn0032490	Q9VK16
FBgn0032491	Q9VK15
FBgn0032492	Q9VK14
FBgn0032493	Q9VK13
FBgn0032494	Q9VK12
FBgn0032495	Q9VK11
FBgn0032499	Q9VK07
FBgn0032503	Q9VK02
FBgn0032505	Q9VK00
FBgn0032506	Q9VJZ9
FBgn0032507	Q9VJZ8
FBgn0032509	Q9VJZ6
FBgn0032511	Q9VJZ4
FBgn0032512	Q9VJZ3
FBgn0032513	Q9VJZ2
FBgn0032514	Q9VJZ1
FBgn0032515	Q9VJY9
FBgn0032516	Q9VJY8
FBgn0032517	Q9VJY7
FBgn0032518	Q9VJY6
FBgn0032519	Q9VJY5
FBgn0032520	Q9VJY4
FBgn0032521	Q9VJY3
FBgn0032522	Q9VJY1
FBgn0032523	Q9VJY0
FBgn0032524	Q9VJX8
FBgn0032525	Q9VJX7
FBgn0032530	Q9VJX1
FBgn0032533	Q9VJW0
FBgn0032535	Q9VJV2
FBgn0032536	Q8SXX2
FBgn0032538	Q8SZM2
FBgn0032549	Q9VJR8
FBgn0032551	Q7KT84
FBgn0032553	Q9VJR3
FBgn0032554	M9NDP9
FBgn0032563	Q9VJP4
FBgn0032577	Q9VJM8
FBgn0032582	M9ND90
FBgn0032585	Q9VJK5
FBgn0032586	Q9V3W1
FBgn0032587	Q9VJK4
FBgn0032588	Q9VJK3
FBgn0032590	Q9VJK1
FBgn0032593	Q9VJJ7
FBgn0032595	Q9VJJ1
FBgn0032596	Q9VJJ0
FBgn0032597	Q9VJI9
FBgn0032598	Q9VJI8
FBgn0032600	M9PBC6
FBgn0032601	Q9VJI5
FBgn0032602	Q9VJI4
FBgn0032603	Q9VJI1
FBgn0032609	Q9VJH7
FBgn0032612	Q9VJH1
FBgn0032613	Q9VJH0
FBgn0032614	Q8IGQ3
FBgn0032615	Q9VJG8
FBgn0032618	Q9VJG5
FBgn0032620	Q9VJG2
FBgn0032624	Q9VJF6
FBgn0032625	Q9VJF5
FBgn0032626	Q4V424
FBgn0032629	Q8SY13
FBgn0032631	Q6IH99
FBgn0032632	Q9VJE7
FBgn0032633	Q960C5
FBgn0032634	Q9VJE4
FBgn0032635	Q9VJE3
FBgn0032636	Q9VJE1
FBgn0032637	Q9VJD8
FBgn0032638	Q9VJD7
FBgn0032639	Q9VJD6
FBgn0032640	Q9VJD4
FBgn0032642	Q9VJD2
FBgn0032643	Q9VJD1
FBgn0032644	Q9VJD0
FBgn0032645	Q9VJC8
FBgn0032646	Q9VJC7
FBgn0032647	Q9VJC5
FBgn0032648	Q9VJC4
FBgn0032649	Q9VJC3
FBgn0032650	Q9VJC2
FBgn0032651	Q9VJC1
FBgn0032652	Q9VJC0
FBgn0032654	Q9VJB9
FBgn0032656	Q8INY6
FBgn0032658	Q9VJB3
FBgn0032660	Q9VJB0
FBgn0032663	Q9VJA6
FBgn0032664	Q9VJA5
FBgn0032665	Q9VJA4
FBgn0032666	Q0E8P5
FBgn0032668	Q9VJA0
FBgn0032669	Q9VJ99
FBgn0032670	Q9VJ98
FBgn0032671	Q9VJ97
FBgn0032677	Q9VJ90
FBgn0032680	Q9VJ85
FBgn0032681	E1JHK9
FBgn0032682	Q9VJ83
FBgn0032683	Q9VJ82
FBgn0032684	Q9VJ81
FBgn0032685	Q9VJ80
FBgn0032688	X2JAA3
FBgn0032689	Q9VJ75
FBgn0032690	Q9VJ74
FBgn0032691	Q9VJ73
FBgn0032692	Q9VJ72
FBgn0032693	Q9VJ71
FBgn0032694	M9PDC4
FBgn0032698	Q8INX3
FBgn0032699	Q9VJ64
FBgn0032700	Q9VJ63
FBgn0032701	Q9VJ62
FBgn0032702	Q9VJ61
FBgn0032703	Q9VJ60
FBgn0032704	Q9VJ59
FBgn0032705	Q9VJ57
FBgn0032706	B7YZX2
FBgn0032707	Q9VJ55
FBgn0032709	Q9VJ53
FBgn0032713	Q9VJ46
FBgn0032715	Q9VJ44
FBgn0032717	B7YZX6
FBgn0032719	Q9VJ40
FBgn0032720	Q9VJ38
FBgn0032721	Q9VJ39
FBgn0032723	Q9VJ35
FBgn0032724	Q9VJ34
FBgn0032725	Q9VJ33
FBgn0032726	Q9VJ32
FBgn0032727	Q9VJ31
FBgn0032728	Q9VJ29
FBgn0032729	Q9VJ28
FBgn0032730	Q9VJ27
FBgn0032731	Q9VJ26
FBgn0032732	Q9VJ25
FBgn0032733	Q9VJ24
FBgn0032734	Q9VJ23
FBgn0032740	Q9VJ17
FBgn0032741	Q9VJ16
FBgn0032744	Q8SYD0
FBgn0032746	Q9VJ11
FBgn0032748	Q9VJ08
FBgn0032749	Q9VJ07
FBgn0032750	Q9VJ06
FBgn0032751	Q9I7M5
FBgn0032752	Q9VJ04
FBgn0032753	Q8SXE1
FBgn0032754	Q9VJ03
FBgn0032755	Q9VJ01
FBgn0032763	Q9VIY9
FBgn0032768	Q9VIY3
FBgn0032769	Q9VIY1
FBgn0032770	Q9VIY0
FBgn0032771	Q9VIX9
FBgn0032772	Q9VIX8
FBgn0032773	Q9VIX7
FBgn0032774	Q9VIX6
FBgn0032775	Q9VIX4
FBgn0032779	Q9VIW9
FBgn0032780	Q9VIW8
FBgn0032781	Q9VIW7
FBgn0032782	Q9VIW6
FBgn0032783	Q9VIW5
FBgn0032785	Q8T9G7
FBgn0032787	Q9VIV9
FBgn0032788	Q9VIV8
FBgn0032789	Q7KT36
FBgn0032790	Q9VIV6
FBgn0032791	Q9VIV5
FBgn0032793	Q9VIV3
FBgn0032796	M9PBE1
FBgn0032797	B7YZX0
FBgn0032798	Q9VIU8
FBgn0032799	Q9VIU7
FBgn0032800	Q9VIU5
FBgn0032801	Q9VIU6
FBgn0032803	Q9VIU3
FBgn0032804	Q9VIU2
FBgn0032805	Q9VIU0
FBgn0032809	Q9VIT6
FBgn0032810	Q9VIT5
FBgn0032811	Q9VIT2
FBgn0032812	M9PBE2
FBgn0032813	Q9VIT0
FBgn0032814	Q9VIS9
FBgn0032815	Q9VIS7
FBgn0032816	Q8ST61
FBgn0032817	Q9VIS5
FBgn0032818	Q9I7M2
FBgn0032819	Q9VIS4
FBgn0032820	A0A0U1RVK6
FBgn0032821	Q9VIS1
FBgn0032822	Q9VIS0
FBgn0032824	Q9VIR7
FBgn0032827	Q7KT29
FBgn0032833	Q9VIQ8
FBgn0032834	Q9VIQ7
FBgn0032835	Q9VIQ6
FBgn0032836	Q9VIQ5
FBgn0032839	Q9VIQ1
FBgn0032840	Q9VIQ0
FBgn0032843	Q9VIP6
FBgn0032845	Q9VIP3
FBgn0032846	Q9VIP2
FBgn0032847	Q9VIP1
FBgn0032848	Q9VIP0
FBgn0032849	Q9VIN9
FBgn0032850	Q9V3B5
FBgn0032851	Q7KT25
FBgn0032853	Q9VIN6
FBgn0032856	Q9VIM8
FBgn0032857	A4V0X6
FBgn0032858	Q9VIM6
FBgn0032859	Q9VIM5
FBgn0032860	Q9VIM4
FBgn0032863	Q9I7L8
FBgn0032864	Q9VIM0
FBgn0032867	Q9VIL6
FBgn0032868	Q9VIL5
FBgn0032869	Q9VIL4
FBgn0032870	Q9VIL2
FBgn0032871	Q9VIL1
FBgn0032873	Q9VIK9
FBgn0032876	Q9VIK6
FBgn0032877	Q9VIK5
FBgn0032878	Q9VIK3
FBgn0032879	Q9VIK2
FBgn0032880	Q9VIK1
FBgn0032881	Q9VIK0
FBgn0032882	Q9VIJ9
FBgn0032883	Q8SWT2
FBgn0032884	Q9VIJ5
FBgn0032886	Q9VIJ3
FBgn0032888	Q9VIJ1
FBgn0032889	Q8SZU0
FBgn0032891	Q9VII8
FBgn0032894	Q8T4H6
FBgn0032895	Q9VII3
FBgn0032896	Q9VII2
FBgn0032897	Q9VII1
FBgn0032899	Q9VIH9
FBgn0032900	M9NDC5
FBgn0032901	Q9VIH7
FBgn0032907	Q9VIH0
FBgn0032908	Q7KT22
FBgn0032910	Q9VIG6
FBgn0032911	Q9I7L6
FBgn0032913	Q9VIG3
FBgn0032914	E1JHN0
FBgn0032916	Q9VIG0
FBgn0032919	Q9VIF6
FBgn0032921	Q95PE4
FBgn0032922	Q9VIF3
FBgn0032923	Q9VIF2
FBgn0032924	Q9VIF1
FBgn0032925	Q9VIF0
FBgn0032929	Q9VIE6
FBgn0032934	Q9VIE0
FBgn0032935	Q9VIE1
FBgn0032938	Q9VID5
FBgn0032940	Q9VID4
FBgn0032943	Q9VID1
FBgn0032945	Q9VIC9
FBgn0032946	M9PDX8
FBgn0032949	Q9V9S0
FBgn0032955	Q8IMF4
FBgn0032956	Q9V9R2
FBgn0032957	Q9V9R1
FBgn0032961	Q9V9Q4
FBgn0032964	Q9V9Q1
FBgn0032965	Q9V9P9
FBgn0032966	Q9V9P8
FBgn0032967	Q9V9P7
FBgn0032968	Q9V9P6
FBgn0032969	Q9V9P5
FBgn0032971	Q9V9P3
FBgn0032972	Q9V9P1
FBgn0032973	Q9V9P0
FBgn0032974	Q9V9N9
FBgn0032979	Q9V9N4
FBgn0032981	Q9V9N3
FBgn0032986	Q9V9M8
FBgn0032987	Q9V9M7
FBgn0032988	Q9V9M6
FBgn0032997	Q5LJP9
FBgn0033000	Q5LJQ3
FBgn0033005	Q9V9E3
FBgn0033010	Q8SX87
FBgn0033015	Q7K3G5
FBgn0033017	Q7JZ62
FBgn0033019	A1Z6E8
FBgn0033020	Q8T4H8
FBgn0033021	Q7K4Q5
FBgn0033027	Q7K860
FBgn0033028	Q7JWI7
FBgn0033029	Q7K126
FBgn0033031	A1Z6G9
FBgn0033032	A1Z6H0
FBgn0033033	Q7K5M0
FBgn0033038	A1Z6H6
FBgn0033041	Q9V9I2
FBgn0033042	Q1ECC3
FBgn0033043	Q9V9I4
FBgn0033047	Q0IGX4
FBgn0033048	Q8MS84
FBgn0033050	Q7KRR5
FBgn0033051	Q7KHK9
FBgn0033052	A1Z6J2
FBgn0033054	Q7JRB2
FBgn0033055	A1Z6J5
FBgn0033056	A1Z6J6
FBgn0033058	Q4V622
FBgn0033060	Q29QN4
FBgn0033061	Q8T3Z4
FBgn0033062	Q9V9K7
FBgn0033063	A0A0B4KES9
FBgn0033065	Q9V9L1
FBgn0033067	Q7JWF7
FBgn0033069	A1Z6K7
FBgn0033072	A1Z6K9
FBgn0033074	A1Z6L1
FBgn0033076	A1Z6L4
FBgn0033079	Q7K3U4
FBgn0033081	Q7JX41
FBgn0033085	Q4QPU3
FBgn0033086	Q8MLL3
FBgn0033087	A1Z6M8
FBgn0033088	Q7K0P4
FBgn0033089	Q4V5H1
FBgn0033090	A1Z6N3
FBgn0033092	Q0E9N4
FBgn0033093	A1Z6N5
FBgn0033095	Q8T043
FBgn0033096	Q7JZR2
FBgn0033097	A1Z6P0
FBgn0033100	Q8SYQ8
FBgn0033101	Q7JVH6
FBgn0033104	Q4V665
FBgn0033108	Q0E9N0
FBgn0033110	A1Z6Q3
FBgn0033112	A1Z6R3
FBgn0033113	A1Z6R4
FBgn0033115	Q8SZF4
FBgn0033117	Q7JUN9
FBgn0033121	Q9V979
FBgn0033122	Q7JQT8
FBgn0033124	Q9NB13
FBgn0033127	Q7K010
FBgn0033128	Q7JWP5
FBgn0033129	A1Z6T8
FBgn0033130	Q7JZW3
FBgn0033132	Q7K3Z2
FBgn0033133	A1Z6U3
FBgn0033134	Q7K527
FBgn0033135	Q7JYY8
FBgn0033136	Q7JZW7
FBgn0033137	A1Z6U7
FBgn0033138	A1Z6U8
FBgn0033139	Q1EC46
FBgn0033140	A0A0B4LEE2
FBgn0033141	Q4V3S3
FBgn0033145	A8DY51
FBgn0033149	Q7K2W2
FBgn0033153	A1Z6W5
FBgn0033154	A1Z6W6
FBgn0033155	Q7JVP4
FBgn0033158	A1Z6X0
FBgn0033159	Q0E9H9
FBgn0033160	Q7K3M5
FBgn0033164	A8DY52
FBgn0033165	A1Z6Y1
FBgn0033166	Q7JRJ1
FBgn0033167	A1Z6Y2
FBgn0033168	A1Z6Y3
FBgn0033169	Q7JX95
FBgn0033170	Q6XPX3
FBgn0033174	Q6NMT8
FBgn0033177	Q6NLL1
FBgn0033178	Q7JRM5
FBgn0033179	Q7K3Z3
FBgn0033183	A1Z6Z7
FBgn0033184	Q7K3V6
FBgn0033185	Q1LZ24
FBgn0033186	Q8MSB3
FBgn0033187	A1Z705
FBgn0033188	Q961L4
FBgn0033190	A1Z707
FBgn0033191	Q7JWD3
FBgn0033192	A1Z709
FBgn0033194	A1Z713
FBgn0033195	Q6NR22
FBgn0033196	Q7K1D7
FBgn0033199	Q7K4J7
FBgn0033202	Q9V4Q0
FBgn0033203	Q8MZG9
FBgn0033204	Q7JYX2
FBgn0033205	A1Z729
FBgn0033206	Q7K130
FBgn0033207	A1Z731
FBgn0033208	Q7JWG9
FBgn0033209	Q7JXE4
FBgn0033210	Q9V4Q8
FBgn0033212	A0A0B4KEE7
FBgn0033214	Q7JYK2
FBgn0033215	Q7K1C2
FBgn0033216	A1Z739
FBgn0033221	Q4V4P2
FBgn0033222	A8DY57
FBgn0033224	Q0E9G3
FBgn0033225	Q7JVG6
FBgn0033226	Q5U191
FBgn0033229	A1Z759
FBgn0033232	A1Z765
FBgn0033233	Q9V333
FBgn0033234	Q8MS66
FBgn0033235	Q7K3W2
FBgn0033236	Q7K0S1
FBgn0033238	Q7K049
FBgn0033240	A8DY65
FBgn0033241	Q0E9F9
FBgn0033243	Q7K035
FBgn0033244	A1Z782
FBgn0033246	A1Z784
FBgn0033247	Q7K2X8
FBgn0033248	A1Z787
FBgn0033249	Q7JVQ2
FBgn0033250	D0Z756
FBgn0033252	A0A0B4LFS0
FBgn0033257	Q7JZM1
FBgn0033258	Q7JQU5
FBgn0033259	Q6NP91
FBgn0033260	Q5BI50
FBgn0033261	A1Z7A5
FBgn0033264	Q7K0D8
FBgn0033265	A1Z7A8
FBgn0033266	Q7JVF1
FBgn0033268	Q7K084
FBgn0033271	Q7JRF9
FBgn0033272	Q7K519
FBgn0033273	Q7K5K0
FBgn0033274	Q4V5I9
FBgn0033275	Q7JRA5
FBgn0033277	A1Z7C5
FBgn0033278	A1Z7C7
FBgn0033279	Q7JWT0
FBgn0033280	Q7JRQ4
FBgn0033283	Q5BI51
FBgn0033285	Q4V3X2
FBgn0033286	Q8T8W0
FBgn0033287	Q7K2U6
FBgn0033289	B7YZU1
FBgn0033292	Q9V4T3
FBgn0033294	A1Z7E8
FBgn0033296	A1Z7F2
FBgn0033297	A1Z7F3
FBgn0033301	A0ZWY4
FBgn0033302	Q9V4U7
FBgn0033304	Q9V4U9
FBgn0033307	A1Z7G2
FBgn0033308	Q8MYV9
FBgn0033309	Q7K2N0
FBgn0033312	A1Z7G6
FBgn0033313	A1Z7G7
FBgn0033315	A1Z7G9
FBgn0033316	Q9V4W1
FBgn0033317	Q7JWR9
FBgn0033320	A1Z7H7
FBgn0033321	A1Z7H8
FBgn0033322	Q7JY68
FBgn0033323	Q8SZV0
FBgn0033324	A1Z7I1
FBgn0033326	A1Z7I2
FBgn0033327	C0HK98
FBgn0033330	A1Z7J0
FBgn0033337	A0A0B4KEH1
FBgn0033339	A0A0B4LEZ1
FBgn0033340	Q7K078
FBgn0033341	Q7K003
FBgn0033344	A1Z7K3
FBgn0033347	A1Z7K4
FBgn0033348	Q8SYP8
FBgn0033349	A1Z7K6
FBgn0033350	Q7JXC6
FBgn0033351	A1Z7K8
FBgn0033352	A1Z7K9
FBgn0033353	A1Z7L0
FBgn0033354	A1Z7L1
FBgn0033355	A1Z7L2
FBgn0033356	A1Z7L6
FBgn0033357	Q7K036
FBgn0033358	A1Z7M0
FBgn0033362	A8DY75
FBgn0033363	A1Z7M5
FBgn0033364	A1Z7M6
FBgn0033365	A1Z7M7
FBgn0033366	A1Z7M8
FBgn0033367	Q9V521
FBgn0033368	Q8MRD1
FBgn0033369	A1Z7N0
FBgn0033371	A1Z7N3
FBgn0033372	A0A0B4KEF7
FBgn0033373	A0A0B4KEG0
FBgn0033374	A1Z7N6
FBgn0033375	Q7JWW5
FBgn0033376	Q6NNB2
FBgn0033377	A1Z7P1
FBgn0033378	Q9V535
FBgn0033379	Q7KKH3
FBgn0033380	A1Z7P3
FBgn0033381	Q7JVI6
FBgn0033382	A1Z7Q7
FBgn0033387	B7YZU3
FBgn0033388	A1Z7R6
FBgn0033389	A1Z7R8
FBgn0033391	A1Z7S4
FBgn0033392	A1Z7S7
FBgn0033395	Q9V557
FBgn0033397	Q9V559
FBgn0033400	Q7K0K1
FBgn0033401	Q9V564
FBgn0033402	Q7K105
FBgn0033403	A1Z7T9
FBgn0033404	Q9V568
FBgn0033405	A1Z7U1
FBgn0033408	A1Z7U2
FBgn0033412	A1Z7U5
FBgn0033413	Q9V579
FBgn0033421	Q7JWH6
FBgn0033422	Q9V589
FBgn0033423	Q7K3X8
FBgn0033426	A1Z7V9
FBgn0033427	A1Z7W1
FBgn0033428	Q9V595
FBgn0033429	A1Z7W3
FBgn0033431	Q8MR45
FBgn0033434	Q7K1M4
FBgn0033437	A1Z7X8
FBgn0033438	Q8MPP3
FBgn0033439	Q7K2L4
FBgn0033440	A1Z7Y4
FBgn0033442	Q7JY31
FBgn0033443	Q7K330
FBgn0033446	A1Z7Z4
FBgn0033447	A1Z7Z9
FBgn0033448	Q7K568
FBgn0033449	Q4V6W8
FBgn0033450	A1Z802
FBgn0033451	A1Z803
FBgn0033453	A0A0B4LFY9
FBgn0033454	Q7JQT9
FBgn0033457	Q6NN40
FBgn0033458	Q7JZC5
FBgn0033459	Q7JUR5
FBgn0033460	A1Z813
FBgn0033461	A1Z815
FBgn0033463	A1Z814
FBgn0033464	Q7K3T3
FBgn0033467	Q4QQ01
FBgn0033468	A1Z823
FBgn0033469	A1Z824
FBgn0033471	Q7JZ37
FBgn0033473	A1Z830
FBgn0033474	A0A0B4LF16
FBgn0033475	Q7JW66
FBgn0033476	Q6NN55
FBgn0033479	A1Z838
FBgn0033480	Q7K0A0
FBgn0033481	Q7JQR2
FBgn0033482	A1Z843
FBgn0033483	Q8MUJ1
FBgn0033484	A1Z847
FBgn0033485	Q7K1Q7
FBgn0033486	Q7K2J4
FBgn0033490	Q4V3G1
FBgn0033491	Q7K1V0
FBgn0033494	A1Z856
FBgn0033497	Q0IGZ2
FBgn0033498	Q8T4G7
FBgn0033499	Q29QP5
FBgn0033500	A1Z863
FBgn0033501	A0A0B4LF44
FBgn0033502	Q7K2R1
FBgn0033504	A0A6M3QH40
FBgn0033507	Q7K0D3
FBgn0033508	A1Z875
FBgn0033512	Q7JWU6
FBgn0033515	A1Z882
FBgn0033516	A1Z884
FBgn0033518	Q7JX87
FBgn0033519	A0A0B4KEI1
FBgn0033520	A1Z892
FBgn0033521	A1Z893
FBgn0033523	A1Z897
FBgn0033524	Q9V5L3
FBgn0033526	A1Z898
FBgn0033527	Q8MKJ6
FBgn0033528	Q7JVK6
FBgn0033529	Q7K2L7
FBgn0033538	A8DY95
FBgn0033539	Q95RG8
FBgn0033540	Q7K4B3
FBgn0033541	A1Z8B1
FBgn0033542	Q8MS78
FBgn0033543	Q7JZB1
FBgn0033544	A1Z8B5
FBgn0033547	Q7JW07
FBgn0033548	Q9V5P6
FBgn0033549	A1Z8C0
FBgn0033550	Q7JV61
FBgn0033551	Q7K2B1
FBgn0033554	A1Z8C4
FBgn0033555	Q7KR04
FBgn0033556	Q9V5Q4
FBgn0033557	Q5U0X8
FBgn0033558	Q8SWZ1
FBgn0033564	A1Z8D1
FBgn0033566	A1Z8D5
FBgn0033569	Q7JW60
FBgn0033570	Q7JZK1
FBgn0033571	Q7JZF5
FBgn0033572	Q4V5R4
FBgn0033573	A1Z8E3
FBgn0033574	Q7K508
FBgn0033578	A1Z8E9
FBgn0033579	Q7JVS8
FBgn0033580	A1Z8F1
FBgn0033581	Q7K4G8
FBgn0033582	A0A0B4KEL2
FBgn0033584	A0A0B4LET0
FBgn0033587	A1Z8G1
FBgn0033588	A1Z8G2
FBgn0033589	A1Z8G3
FBgn0033590	Q7JWM4
FBgn0033591	Q7K0A3
FBgn0033592	A1Z8G6
FBgn0033593	A1Z8G7
FBgn0033594	A1Z8G8
FBgn0033597	A1Z8H1
FBgn0033598	Q7K0A2
FBgn0033599	A1Z8H3
FBgn0033600	A1Z8H4
FBgn0033601	A1Z8H5
FBgn0033602	A1Z8H6
FBgn0033603	A1Z8H7
FBgn0033605	A1Z8I0
FBgn0033607	Q1LZ08
FBgn0033608	Q6NP72
FBgn0033609	Q494G8
FBgn0033610	Q7JRP4
FBgn0033614	A1Z8I9
FBgn0033615	A1Z8J0
FBgn0033616	Q7K3E9
FBgn0033623	A1Z8J9
FBgn0033624	Q7JRC0
FBgn0033627	A1Z8K2
FBgn0033628	A1Z8K5
FBgn0033629	A1Z8K7
FBgn0033631	Q7JR71
FBgn0033633	A1Z8L3
FBgn0033635	D3DMU9
FBgn0033636	A8DYA3
FBgn0033638	Q7JXG9
FBgn0033639	A8DYA6
FBgn0033640	A1Z8N0
FBgn0033644	Q8MKK4
FBgn0033645	Q7JUW8
FBgn0033648	A1Z8N9
FBgn0033649	B9ZW35
FBgn0033650	A1Z8P1
FBgn0033651	A1Z8P2
FBgn0033652	Q6Q7I9
FBgn0033653	Q1WWB7
FBgn0033654	Q95TY2
FBgn0033656	Q7JZ56
FBgn0033657	Q5U154
FBgn0033658	A1Z8Q0
FBgn0033659	Q7KHI6
FBgn0033661	A8DYB0
FBgn0033663	Q3YMU0
FBgn0033665	Q8SWW2
FBgn0033667	A1Z8Q9
FBgn0033668	A1Z8R1
FBgn0033669	Q9V637
FBgn0033672	A1Z8R8
FBgn0033673	Q7JY99
FBgn0033677	Q7K0Q0
FBgn0033679	Q7K3N4
FBgn0033680	Q7JWU2
FBgn0033683	A1Z8T3
FBgn0033685	A1Z8T6
FBgn0033686	Q7K175
FBgn0033687	A1Z8T9
FBgn0033688	A1Z8U0
FBgn0033691	Q9V668
FBgn0033692	Q7JW27
FBgn0033693	A1Z8U7
FBgn0033696	Q9V675
FBgn0033697	Q9V676
FBgn0033698	Q9V677
FBgn0033699	Q0E9B6
FBgn0033701	Q4QPW4
FBgn0033702	A1Z8V2
FBgn0033703	A1Z8V3
FBgn0033705	A1Z8V5
FBgn0033706	A1Z8V7
FBgn0033708	A1Z8V9
FBgn0033710	Q7K3Y9
FBgn0033712	A0A384ZD34
FBgn0033713	Q0E9B5
FBgn0033715	A1Z8X0
FBgn0033716	E1JH43
FBgn0033717	Q7K2E1
FBgn0033720	A0A0B4KEL4
FBgn0033721	Q7JWN2
FBgn0033723	A1Z8Y4
FBgn0033724	A1Z8Y5
FBgn0033725	Q7JR69
FBgn0033726	A1Z8Y8
FBgn0033727	Q9V6A9
FBgn0033728	Q95RB2
FBgn0033729	A1Z8Z2
FBgn0033730	A1Z8Z3
FBgn0033731	A1Z8Z7
FBgn0033732	A1Z8Z8
FBgn0033733	A1Z8Z9
FBgn0033734	Q7K4T8
FBgn0033735	Q7K209
FBgn0033736	A1Z902
FBgn0033737	Q9V6B9
FBgn0033738	Q7JQI1
FBgn0033739	A8DYB7
FBgn0033740	Q7K4B4
FBgn0033741	A1Z909
FBgn0033742	A1Z910
FBgn0033744	E2QCM9
FBgn0033748	A1Z913
FBgn0033749	A1Z916
FBgn0033750	A1Z917
FBgn0033751	Q7K2X0
FBgn0033752	Q7K264
FBgn0033753	Q9V6D6
FBgn0033754	Q7JYV7
FBgn0033755	Q7JZ25
FBgn0033756	Q8MQV5
FBgn0033757	Q0E9A5
FBgn0033760	Q7K2W3
FBgn0033761	A1Z934
FBgn0033762	A1Z935
FBgn0033763	Q8SZ72
FBgn0033766	A0A0B4K859
FBgn0033767	Q0E9A0
FBgn0033769	Q8T0N5
FBgn0033770	A1Z949
FBgn0033773	Q1EC11
FBgn0033774	Q7JYV3
FBgn0033775	Q9V6H1
FBgn0033777	A0A0B4K769
FBgn0033778	Q961J5
FBgn0033781	Q7JWR4
FBgn0033782	Q7K0S9
FBgn0033783	A1Z971
FBgn0033784	Q8T8S1
FBgn0033785	Q7JQL2
FBgn0033787	Q7JZZ3
FBgn0033788	Q4V4H7
FBgn0033789	A1Z979
FBgn0033791	Q7JQT0
FBgn0033792	Q7JY04
FBgn0033793	Q7K2X4
FBgn0033794	Q7JYM7
FBgn0033798	E2QCN8
FBgn0033799	A1Z991
FBgn0033802	A0A0B4KEP6
FBgn0033806	Q7K0L8
FBgn0033807	Q7KY01
FBgn0033808	Q059A4
FBgn0033809	A0A0B4KFK6
FBgn0033810	A1Z9A2
FBgn0033812	Q7JRD4
FBgn0033813	A1Z9A5
FBgn0033814	Q7JQR3
FBgn0033815	Q0IGS7
FBgn0033816	A1Z9A8
FBgn0033817	Q7JYX0
FBgn0033818	A1Z9B0
FBgn0033819	A1Z9B2
FBgn0033820	Q7JRN6
FBgn0033821	A1Z9B5
FBgn0033826	A1Z9B8
FBgn0033827	A1Z9B9
FBgn0033828	Q4QPY0
FBgn0033830	Q7K4A8
FBgn0033834	A1Z9C4
FBgn0033836	Q5BIL9
FBgn0033842	Q7K284
FBgn0033844	A0A0B4K7Y4
FBgn0033845	Q7K3L1
FBgn0033846	A1Z9E2
FBgn0033848	A1Z9E4
FBgn0033850	A1Z9E8
FBgn0033851	A1Z9E9
FBgn0033853	Q6IDH2
FBgn0033855	Q7K275
FBgn0033856	A1Z9F8
FBgn0033859	A1Z9G2
FBgn0033860	A1Z9G3
FBgn0033861	A1Z9G4
FBgn0033862	A1Z9G6
FBgn0033863	A1Z9G7
FBgn0033864	A1Z9G8
FBgn0033865	A1Z9G9
FBgn0033866	A1Z9H0
FBgn0033867	Q7JZ94
FBgn0033868	Q500X4
FBgn0033869	Q7K2P1
FBgn0033871	A1Z9H7
FBgn0033872	Q7K188
FBgn0033873	Q7JYA0
FBgn0033874	Q7K0S6
FBgn0033875	A1Z9I0
FBgn0033876	Q7JYV2
FBgn0033879	Q7JR58
FBgn0033880	Q4V6B0
FBgn0033883	Q9V6U9
FBgn0033884	A1Z9I6
FBgn0033885	A1Z9J4
FBgn0033886	Q7K2G1
FBgn0033887	A1Z9J8
FBgn0033888	Q7K2Q5
FBgn0033889	A1Z9K0
FBgn0033890	Q494K2
FBgn0033891	Q7K1S1
FBgn0033893	Q4V6I0
FBgn0033897	A0A0B4KF25
FBgn0033899	A1Z9L5
FBgn0033900	Q7K3P0
FBgn0033901	Q9V6X7
FBgn0033902	Q7JVI3
FBgn0033903	Q7JZE8
FBgn0033904	A1Z9L9
FBgn0033905	A1Z9M0
FBgn0033906	A1Z9M2
FBgn0033907	Q9V6Y3
FBgn0033911	A1Z9M6
FBgn0033912	Q8T3U2
FBgn0033913	Q7K1L4
FBgn0033915	Q0E981
FBgn0033916	Q7JW61
FBgn0033917	Q7K561
FBgn0033918	Q7K0W1
FBgn0033919	Q0E980
FBgn0033921	A1Z9P1
FBgn0033924	Q5BIA9
FBgn0033925	Q7K4P0
FBgn0033926	Q7K1U0
FBgn0033928	Q7JV70
FBgn0033929	Q960E8
FBgn0033931	A1Z9Q6
FBgn0033932	A1Z9Q8
FBgn0033933	A1Z9Q9
FBgn0033934	Q4V6X9
FBgn0033935	Q9V719
FBgn0033936	A1Z9R1
FBgn0033942	Q7JZW0
FBgn0033943	A0A6M3QH83
FBgn0033945	Q4V4P1
FBgn0033948	A1Z9S8
FBgn0033949	Q5U1B0
FBgn0033950	A1Z9T0
FBgn0033951	Q7K5M2
FBgn0033952	Q7KGG1
FBgn0033953	Q8T465
FBgn0033954	A1Z9T6
FBgn0033955	A0A0B4LFF4
FBgn0033958	A1Z9U2
FBgn0033960	B7YZH1
FBgn0033961	Q6IDF5
FBgn0033963	Q7JWV5
FBgn0033968	Q7JVV8
FBgn0033969	A1Z9V3
FBgn0033970	A1Z9V4
FBgn0033971	A0A0B4KEQ7
FBgn0033972	Q7K1Y4
FBgn0033973	Q7K3N1
FBgn0033978	Q9V771
FBgn0033979	P82711
FBgn0033980	Q9V773
FBgn0033982	Q9V776
FBgn0033983	Q9V778
FBgn0033984	Q9V780
FBgn0033985	Q8SWZ6
FBgn0033987	Q7JQG5
FBgn0033988	Q9V785
FBgn0033989	Q9V784
FBgn0033990	Q7K2K2
FBgn0033993	Q4V3F5
FBgn0033994	Q7K3B9
FBgn0033995	Q3ZAN1
FBgn0033996	Q7K490
FBgn0033998	A0A0B4KER0
FBgn0033999	Q4V6L4
FBgn0034000	Q7K1H5
FBgn0034001	Q7JZM8
FBgn0034002	Q7K0W0
FBgn0034005	Q9V7A4
FBgn0034007	A1Z9Z7
FBgn0034008	Q9V7A7
FBgn0034009	Q5BI03
FBgn0034010	A1Z9Z9
FBgn0034011	Q8SZ23
FBgn0034012	A1ZA01
FBgn0034013	Q95TU8
FBgn0034021	A0A0B4LFF6
FBgn0034022	Q29QW0
FBgn0034023	A1ZA14
FBgn0034025	Q6WV20
FBgn0034027	Q7K1W5
FBgn0034029	A1ZA22
FBgn0034030	A1ZA23
FBgn0034031	A0A0B4K878
FBgn0034032	Q7K3M9
FBgn0034033	A1ZA28
FBgn0034035	Q8SXU3
FBgn0034045	A1ZA52
FBgn0034046	Q7K2Y9
FBgn0034047	A1ZA55
FBgn0034049	Q0E961
FBgn0034050	Q7JXE1
FBgn0034051	Q9NKV0
FBgn0034052	A1ZA64
FBgn0034053	Q9V7G5
FBgn0034054	Q8SXR5
FBgn0034057	Q7K3T4
FBgn0034058	Q7JZE1
FBgn0034059	A1ZA77
FBgn0034060	Q9V7H4
FBgn0034061	Q7K1Z5
FBgn0034062	Q4V5A5
FBgn0034063	Q0E960
FBgn0034065	Q29QQ9
FBgn0034066	A1ZA83
FBgn0034067	Q8MSU3
FBgn0034068	Q7JUP3
FBgn0034069	A1ZA86
FBgn0034070	A1ZA87
FBgn0034071	Q7K4L9
FBgn0034072	A0A0C4DHF6
FBgn0034073	A1ZA92
FBgn0034075	A0A0B4KFS5
FBgn0034076	A1ZA97
FBgn0034081	A1ZAA9
FBgn0034082	Q29QS8
FBgn0034083	A1ZAB1
FBgn0034084	Q7JVH0
FBgn0034085	A1ZAB3
FBgn0034086	Q7K1V1
FBgn0034087	A1ZAB5
FBgn0034091	A8DYF7
FBgn0034092	A1ZAB8
FBgn0034093	Q8MRB2
FBgn0034094	A1ZAC0
FBgn0034095	Q7JR82
FBgn0034096	A1ZAC2
FBgn0034097	Q7JYP8
FBgn0034098	A1ZAC4
FBgn0034099	Q8T419
FBgn0034103	Q7JWE4
FBgn0034104	Q4QPV3
FBgn0034105	A1ZAD2
FBgn0034106	A1ZAD3
FBgn0034109	Q7K231
FBgn0034110	A0A0B4KF86
FBgn0034113	A1ZAE2
FBgn0034114	Q8T092
FBgn0034117	Q7K127
FBgn0034118	Q7JXF5
FBgn0034120	Q4V6W7
FBgn0034121	A1ZAE9
FBgn0034122	A1ZAF4
FBgn0034126	A1ZAG1
FBgn0034127	Q7K3R0
FBgn0034128	A1ZAG3
FBgn0034129	A1ZAG4
FBgn0034131	A1ZAG7
FBgn0034132	Q7K5K9
FBgn0034135	A1ZAH3
FBgn0034136	Q7K4Y6
FBgn0034137	A1ZAH6
FBgn0034138	Q7JZW2
FBgn0034139	Q4V3U8
FBgn0034140	A0A0B4K762
FBgn0034141	A1ZAI1
FBgn0034142	Q960W6
FBgn0034143	A1ZAI3
FBgn0034144	Q8T0U2
FBgn0034145	A1ZAI5
FBgn0034151	A1ZAI8
FBgn0034152	Q6GUT7
FBgn0034153	Q6GUR9
FBgn0034154	A1ZAJ3
FBgn0034156	A1ZAJ4
FBgn0034157	Q9V7U0
FBgn0034158	Q0E949
FBgn0034159	A1ZAJ7
FBgn0034160	A0A0B4K7T3
FBgn0034162	Q7JYZ0
FBgn0034165	Q4V625
FBgn0034166	A1ZAL5
FBgn0034168	A1ZAL6
FBgn0034172	A1ZAM0
FBgn0034173	Q7JY07
FBgn0034175	A1ZAM7
FBgn0034176	Q7K172
FBgn0034177	Q7JZR5
FBgn0034179	Q7K161
FBgn0034180	A4UZL3
FBgn0034181	Q7K581
FBgn0034182	Q5U179
FBgn0034183	A1ZAP0
FBgn0034184	A1ZAP1
FBgn0034186	Q7JVW5
FBgn0034187	A1ZAP7
FBgn0034191	Q7K1C3
FBgn0034194	A1ZAQ4
FBgn0034195	Q4V3G2
FBgn0034196	A1ZAQ6
FBgn0034197	A1ZAQ7
FBgn0034198	Q7JV39
FBgn0034199	A1ZAQ9
FBgn0034200	Q7K533
FBgn0034201	Q7JZR0
FBgn0034202	A1ZAR2
FBgn0034204	Q7JQV9
FBgn0034205	A1ZAR6
FBgn0034206	A1ZAR7
FBgn0034210	Q8MRA9
FBgn0034214	Q7K4W1
FBgn0034215	Q9V813
FBgn0034217	Q95RV3
FBgn0034218	Q8SZN4
FBgn0034219	Q9V817
FBgn0034221	A1ZAT2
FBgn0034223	A1ZAT5
FBgn0034224	Q7JZ51
FBgn0034225	Q7K0L5
FBgn0034229	A1ZAU4
FBgn0034230	A1ZAU6
FBgn0034231	Q9V831
FBgn0034232	Q7JZ53
FBgn0034237	Q0E940
FBgn0034240	A1ZAV3
FBgn0034242	Q7JWU9
FBgn0034243	Q7JXU4
FBgn0034245	Q500Y7
FBgn0034246	A1ZAW0
FBgn0034247	Q7K3P6
FBgn0034248	Q4QPR8
FBgn0034249	A1ZAW3
FBgn0034251	A1ZAW7
FBgn0034253	Q7JWM6
FBgn0034255	A1ZAW9
FBgn0034258	A1ZAX1
FBgn0034259	Q7JXC4
FBgn0034261	A1ZAX8
FBgn0034262	Q8SXT3
FBgn0034263	Q7K1B3
FBgn0034264	A1ZAY1
FBgn0034265	Q7JR96
FBgn0034266	B7YZJ4
FBgn0034267	E1JGK3
FBgn0034269	Q7K1C5
FBgn0034270	Q7JUM3
FBgn0034271	A1ZAY8
FBgn0034272	A1ZAY9
FBgn0034274	Q1RKU8
FBgn0034275	Q7K4I4
FBgn0034276	A1ZAZ2
FBgn0034277	Q7K110
FBgn0034278	A1ZAZ6
FBgn0034279	A1ZAZ7
FBgn0034281	A1ZB08
FBgn0034282	Q9V895
FBgn0034283	A1ZB12
FBgn0034284	A1ZB13
FBgn0034286	A1ZB15
FBgn0034288	A1ZB17
FBgn0034289	A1ZB18
FBgn0034290	A1ZB19
FBgn0034291	Q7JYK5
FBgn0034292	A1ZB21
FBgn0034293	A1ZB23
FBgn0034294	A1ZB24
FBgn0034295	Q7JW48
FBgn0034296	Q7K1H9
FBgn0034299	A1ZB29
FBgn0034300	Q6AWG9
FBgn0034301	A1ZB32
FBgn0034304	A0A0B4KFB5
FBgn0034307	Q8SZ15
FBgn0034308	Q8SX68
FBgn0034310	A1YK02
FBgn0034312	Q7K1R6
FBgn0034313	Q7JRH5
FBgn0034314	Q7K2X1
FBgn0034315	Q7K486
FBgn0034317	A0A0B4KEZ3
FBgn0034318	A1ZB48
FBgn0034321	Q7K174
FBgn0034322	A1ZB54
FBgn0034323	A1ZB55
FBgn0034324	A1ZB56
FBgn0034325	A1ZB57
FBgn0034326	A1ZB58
FBgn0034327	Q9V8F3
FBgn0034328	Q9V8F5
FBgn0034329	P82706
FBgn0034330	Q8SYA4
FBgn0034331	A1ZB61
FBgn0034335	Q7KK90
FBgn0034345	A0A0B4K897
FBgn0034346	A1ZB84
FBgn0034350	Q9V8I2
FBgn0034351	Q7JUX9
FBgn0034352	A1ZB91
FBgn0034354	Q7JVZ8
FBgn0034356	Q7JXB5
FBgn0034360	Q7K157
FBgn0034361	A1ZBA5
FBgn0034362	Q7JVK8
FBgn0034363	Q7JY26
FBgn0034364	A1ZBA8
FBgn0034365	A1ZBB1
FBgn0034366	Q7JY94
FBgn0034371	Q7KIS4
FBgn0034372	Q7K0S5
FBgn0034377	A1ZBC3
FBgn0034379	A1ZBC5
FBgn0034380	Q8MSY4
FBgn0034381	A1ZBC7
FBgn0034382	Q6NN18
FBgn0034383	A1ZBD2
FBgn0034387	Q9V8M2
FBgn0034389	A1ZBD6
FBgn0034390	Q9V8M5
FBgn0034391	A1ZBD8
FBgn0034392	A1ZBD9
FBgn0034394	Q5BIE4
FBgn0034396	A0A0B4KEU3
FBgn0034397	Q4QQ49
FBgn0034398	Q4QQB9
FBgn0034399	Q7JYX3
FBgn0034400	A1ZBE8
FBgn0034401	A1ZBE9
FBgn0034402	Q7K0F0
FBgn0034403	A1ZBF1
FBgn0034405	Q7KB18
FBgn0034406	Q7K1W4
FBgn0034407	A1ZBF6
FBgn0034408	A0A0B4LFU3
FBgn0034411	A0A0B4JD40
FBgn0034413	A1ZBG2
FBgn0034415	Q4V6H2
FBgn0034416	A1ZBG4
FBgn0034417	A1ZBG9
FBgn0034418	Q7K4M9
FBgn0034419	A1ZBH3
FBgn0034420	B7YZL3
FBgn0034422	Q7K2B0
FBgn0034423	Q4V5A7
FBgn0034425	Q8SXZ6
FBgn0034426	A1ZBI6
FBgn0034427	A1ZBI7
FBgn0034428	A1ZBI8
FBgn0034429	A1ZBI9
FBgn0034430	Q7K159
FBgn0034432	A1ZBJ2
FBgn0034433	Q8SYD9
FBgn0034435	A1ZBJ8
FBgn0034436	Q4U2G8
FBgn0034437	A1ZBK1
FBgn0034438	Q8MT48
FBgn0034439	A0A0B4KEU8
FBgn0034440	A0A0B4KFC9
FBgn0034441	Q4V5E4
FBgn0034442	A1ZBK6
FBgn0034443	A1ZBK7
FBgn0034446	A1ZBK9
FBgn0034447	A1ZBL2
FBgn0034451	A1ZBM2
FBgn0034452	A1ZBM3
FBgn0034454	A1ZBM4
FBgn0034455	Q7JW12
FBgn0034456	A1ZBM7
FBgn0034457	A1ZBM8
FBgn0034458	A1ZBM9
FBgn0034459	A1ZBN5
FBgn0034460	A1ZBN7
FBgn0034461	Q4V5L1
FBgn0034462	A1ZBN9
FBgn0034463	A0A0B4LG30
FBgn0034464	Q7JXG2
FBgn0034467	A1ZBP5
FBgn0034468	Q9V8Y2
FBgn0034470	Q8SY61
FBgn0034471	Q7K088
FBgn0034472	Q7K037
FBgn0034473	Q9V8Y7
FBgn0034474	A1ZBQ4
FBgn0034475	Q9V8Y9
FBgn0034476	Q7KIN0
FBgn0034477	A1ZBQ7
FBgn0034478	Q4QPW2
FBgn0034479	Q7K3M6
FBgn0034480	A1ZBR1
FBgn0034481	A1ZBR3
FBgn0034483	A1ZBR5
FBgn0034484	A1ZBR6
FBgn0034485	Q7JXU8
FBgn0034486	A1ZBR8
FBgn0034487	Q7K2N1
FBgn0034488	Q7K3B7
FBgn0034489	Q86LH3
FBgn0034490	Q494G1
FBgn0034491	Q7JR83
FBgn0034493	A1ZBS3
FBgn0034494	Q8SWV5
FBgn0034495	Q4V3Z5
FBgn0034497	Q7JUS9
FBgn0034498	Q5BI42
FBgn0034499	Q7JZJ3
FBgn0034500	Q7K0F7
FBgn0034501	A1ZBT2
FBgn0034502	A1ZBT3
FBgn0034503	A1ZBT5
FBgn0034504	Q960E4
FBgn0034505	Q4V671
FBgn0034506	A1ZBT8
FBgn0034507	A1ZBU1
FBgn0034509	Q9V931
FBgn0034510	A1ZBU4
FBgn0034511	A1ZBU5
FBgn0034512	A1ZBU8
FBgn0034513	A1ZBU9
FBgn0034514	A1ZBV0
FBgn0034515	Q4QPX2
FBgn0034517	Q7K5J8
FBgn0034518	Q7K1E3
FBgn0034519	A1ZBV5
FBgn0034520	Q8MZ02
FBgn0034521	Q60GL7
FBgn0034523	Q7JZC9
FBgn0034527	Q7JYQ4
FBgn0034528	A1ZBW6
FBgn0034529	A1ZBW7
FBgn0034530	Q7JR73
FBgn0034532	A1ZBX0
FBgn0034534	A0A0B4LH09
FBgn0034535	Q4QQ12
FBgn0034537	Q7K3D8
FBgn0034538	A1ZBX6
FBgn0034539	A1ZBX7
FBgn0034540	D0IQL1
FBgn0034541	A1ZBX9
FBgn0034542	A1ZBY1
FBgn0034543	Q9V968
FBgn0034545	A1ZBY2
FBgn0034546	A1ZBY4
FBgn0034548	A1ZBY5
FBgn0034551	Q9W2R5
FBgn0034552	Q9W2R2
FBgn0034553	Q9W2R1
FBgn0034554	Q9W2R0
FBgn0034558	Q9W2Q5
FBgn0034560	Q9W2Q2
FBgn0034563	Q4V664
FBgn0034564	Q9W2P5
FBgn0034565	Q9W2P4
FBgn0034566	A0A0B4LG18
FBgn0034567	Q9W2P2
FBgn0034568	Q8MLX0
FBgn0034569	Q9W2P0
FBgn0034570	A0A6M3Q7L9
FBgn0034572	Q9W2N6
FBgn0034573	Q9W2N5
FBgn0034576	Q7JYH3
FBgn0034578	Q9W2M9
FBgn0034579	Q9W2M8
FBgn0034580	Q9W2M7
FBgn0034582	Q9W2M5
FBgn0034583	Q9W2M4
FBgn0034585	Q9W2M0
FBgn0034588	Q9W2L6
FBgn0034590	Q9W2L2
FBgn0034592	Q9W2L0
FBgn0034595	Q9W2K7
FBgn0034598	A8DYK5
FBgn0034599	Q9W2K3
FBgn0034601	Q9W2K0
FBgn0034602	Q9W2J7
FBgn0034605	Q9W2J3
FBgn0034606	Q86BG1
FBgn0034611	Q8MLW5
FBgn0034612	Q9W2I5
FBgn0034614	Q9W2I2
FBgn0034617	Q9W2H9
FBgn0034618	Q9W2H8
FBgn0034622	B7YZM8
FBgn0034623	Q9W2H4
FBgn0034624	Q9W2H3
FBgn0034626	Q9W2H1
FBgn0034627	Q9W2H0
FBgn0034628	Q9W2G9
FBgn0034629	Q9W2G8
FBgn0034631	Q9W2G5
FBgn0034634	Q9W2G2
FBgn0034636	D5SHR0
FBgn0034638	Q9W2F6
FBgn0034639	Q9W2F5
FBgn0034641	Q9W2F2
FBgn0034642	Q9W2F1
FBgn0034643	A0A0B4KFE8
FBgn0034644	Q9W2E9
FBgn0034645	Q9W2E8
FBgn0034646	Q9W2E7
FBgn0034647	Q9W2E6
FBgn0034649	Q9W2E4
FBgn0034650	Q9W2E3
FBgn0034651	Q8T965
FBgn0034654	Q9W2D9
FBgn0034655	Q9W2D7
FBgn0034657	Q8MLV1
FBgn0034658	Q9W2D1
FBgn0034659	Q9W2D0
FBgn0034660	Q9W2C9
FBgn0034661	Q9W2C8
FBgn0034662	Q8MLU9
FBgn0034663	Q9W2C5
FBgn0034664	Q9W2C4
FBgn0034665	Q9W2C3
FBgn0034666	Q7KVM3
FBgn0034667	Q9W2C1
FBgn0034670	A0A0B4LH44
FBgn0034671	Q8MZA7
FBgn0034674	Q9W2B3
FBgn0034681	Q9W2A6
FBgn0034683	Q9W2A4
FBgn0034684	Q9W2A3
FBgn0034687	Q9W2A0
FBgn0034688	Q9W299
FBgn0034689	Q9W298
FBgn0034691	Q5U0V7
FBgn0034692	Q9W295
FBgn0034693	Q9W294
FBgn0034694	Q9W293
FBgn0034697	Q9W289
FBgn0034700	Q9W286
FBgn0034703	Q9W282
FBgn0034704	Q9W281
FBgn0034705	Q9W280
FBgn0034706	Q9W279
FBgn0034707	Q9W278
FBgn0034708	Q9W277
FBgn0034709	Q7JWQ7
FBgn0034710	Q9W275
FBgn0034712	Q9W273
FBgn0034713	Q9W272
FBgn0034715	Q9W270
FBgn0034716	Q9W269
FBgn0034717	Q7JWP9
FBgn0034718	Q9W266
FBgn0034720	A8DYM0
FBgn0034721	Q9W262
FBgn0034722	Q9W261
FBgn0034723	Q9W259
FBgn0034724	Q9W258
FBgn0034725	Q9W257
FBgn0034726	Q9W256
FBgn0034727	Q9W253
FBgn0034728	Q9W252
FBgn0034729	Q9W251
FBgn0034730	Q9W250
FBgn0034731	Q9W249
FBgn0034733	Q9W247
FBgn0034734	Q9W246
FBgn0034735	Q9W245
FBgn0034736	Q9W243
FBgn0034737	Q9W242
FBgn0034739	Q9W240
FBgn0034740	Q9W224
FBgn0034741	Q9W239
FBgn0034742	Q9W238
FBgn0034743	Q9W237
FBgn0034744	Q9W236
FBgn0034745	Q9W235
FBgn0034748	Q9W232
FBgn0034750	Q9W230
FBgn0034753	Q9W227
FBgn0034755	Q9W225
FBgn0034756	Q9W223
FBgn0034758	Q9W221
FBgn0034759	Q9W220
FBgn0034761	A0A0B4K8A8
FBgn0034763	Q9W215
FBgn0034766	Q86BF9
FBgn0034768	Q9W209
FBgn0034769	Q9W208
FBgn0034770	Q9W207
FBgn0034774	Q9W200
FBgn0034776	A0A0B4LH86
FBgn0034782	Q9W1Z2
FBgn0034783	Q9W1Z1
FBgn0034784	Q9W1Z0
FBgn0034785	Q9W1Y9
FBgn0034786	Q9W1Y8
FBgn0034788	Q9W1Y4
FBgn0034789	A0A6M3Q9L5
FBgn0034791	Q9W1Y1
FBgn0034792	F3YDF1
FBgn0034793	Q9W1X9
FBgn0034795	Q9W1X7
FBgn0034796	Q9W1X6
FBgn0034797	Q9W1X5
FBgn0034800	Q8T8S2
FBgn0034802	Q8T8R1
FBgn0034803	Q9W1W9
FBgn0034804	A0A0B4KFG3
FBgn0034807	Q9W1W5
FBgn0034808	Q9W1W4
FBgn0034814	Q9W1V7
FBgn0034816	Q9W1V2
FBgn0034817	Q9W1V1
FBgn0034819	Q9W1U9
FBgn0034820	Q9W1U8
FBgn0034821	Q9W1U7
FBgn0034822	Q9W1U6
FBgn0034824	Q9W1U4
FBgn0034825	Q9W1U3
FBgn0034826	Q9W1U2
FBgn0034827	Q9W1U1
FBgn0034828	Q9W1U0
FBgn0034829	Q9W1T9
FBgn0034833	Q9W1T5
FBgn0034834	Q9W1T4
FBgn0034835	Q9W1T3
FBgn0034837	Q9W1T1
FBgn0034838	Q9W1T0
FBgn0034839	Q9W1S9
FBgn0034840	Q9W1S7
FBgn0034841	Q9W1S6
FBgn0034842	Q9W1S5
FBgn0034844	Q9W1S3
FBgn0034846	Q7KVJ1
FBgn0034849	Q9W1R8
FBgn0034850	Q8MSH5
FBgn0034853	Q9W1R4
FBgn0034854	Q9W1R3
FBgn0034856	Q9W1R0
FBgn0034858	Q9W1Q8
FBgn0034859	Q9W1Q5
FBgn0034860	Q9W1Q4
FBgn0034861	A8DYN5
FBgn0034863	Q9W1Q0
FBgn0034865	Q9W1P8
FBgn0034866	Q9W1P7
FBgn0034867	Q9W1P5
FBgn0034869	Q9W1P1
FBgn0034870	Q9W1P0
FBgn0034871	Q9W1N9
FBgn0034876	Q9W1N4
FBgn0034877	Q9W1N3
FBgn0034878	Q95RQ8
FBgn0034879	Q9W1M9
FBgn0034880	Q9W1M8
FBgn0034882	Q9W1M4
FBgn0034883	A0A0C4DHF9
FBgn0034884	Q9W1M2
FBgn0034885	A0A0B4KFZ1
FBgn0034887	Q9W1L8
FBgn0034893	Q9W1L1
FBgn0034894	Q7KVH9
FBgn0034897	Q9W1K5
FBgn0034898	Q9W1K6
FBgn0034899	Q9W1K3
FBgn0034900	Q9W1K2
FBgn0034901	Q9W1K1
FBgn0034902	Q9W1K0
FBgn0034903	B7YZP6
FBgn0034904	Q9W1J7
FBgn0034906	Q9W1J6
FBgn0034907	Q9W1J5
FBgn0034908	Q9W1J3
FBgn0034909	Q8MLQ7
FBgn0034910	Q9W1J1
FBgn0034911	Q9W1J0
FBgn0034914	A0A0B4LHC9
FBgn0034915	P56538
FBgn0034918	P82804
FBgn0034919	Q9W1H9
FBgn0034920	Q9W1H6
FBgn0034921	Q9W1H5
FBgn0034923	Q9W1H3
FBgn0034924	Q9W1H2
FBgn0034925	Q9W1H1
FBgn0034928	A0A0B4K8B1
FBgn0034931	Q9W1G4
FBgn0034933	Q9W1G1
FBgn0034935	Q9W1F8
FBgn0034936	Q9W1F7
FBgn0034937	Q9W1F6
FBgn0034938	Q9W1F5
FBgn0034939	Q9W1F4
FBgn0034940	Q9W1F2
FBgn0034942	Q9W1F0
FBgn0034943	Q9W1E9
FBgn0034945	Q9W1E7
FBgn0034946	Q2MGN0
FBgn0034948	Q9W1E4
FBgn0034950	Q95SH0
FBgn0034951	A0A0B4LGH8
FBgn0034956	Q8SYM5
FBgn0034957	Q9W1D3
FBgn0034958	Q6IDE2
FBgn0034959	Q9W1D1
FBgn0034961	Q9W1C8
FBgn0034962	Q7JRE4
FBgn0034963	Q8MLP8
FBgn0034964	Q9W1C5
FBgn0034965	A8DYP1
FBgn0034966	Q9W1C1
FBgn0034968	Q9W1B9
FBgn0034970	Q45VV3
FBgn0034971	A0A0B4LGJ9
FBgn0034972	Q9W1B3
FBgn0034973	Q9W1B2
FBgn0034974	Q7JRF0
FBgn0034975	Q9W1A9
FBgn0034976	Q9W1A8
FBgn0034978	Q9W1A6
FBgn0034982	Q9W1A2
FBgn0034985	A0A0B4LGG8
FBgn0034986	Q9W199
FBgn0034988	Q9W197
FBgn0034989	Q9W196
FBgn0034990	Q59E63
FBgn0034994	Q9W191
FBgn0034996	Q9W189
FBgn0034997	D6W4U0
FBgn0034998	Q9W187
FBgn0034999	Q8SXR7
FBgn0035000	Q4V4I1
FBgn0035001	Q9W179
FBgn0035003	Q9W174
FBgn0035004	Q9W173
FBgn0035005	Q9W172
FBgn0035006	Q9W171
FBgn0035007	Q9W170
FBgn0035008	Q0E8W8
FBgn0035009	Q9W168
FBgn0035010	A0A0B4KG01
FBgn0035011	Q9W166
FBgn0035012	Q9W165
FBgn0035014	Q9W161
FBgn0035016	Q9W158
FBgn0035019	Q9W155
FBgn0035020	Q0E8W6
FBgn0035021	Q2PE14
FBgn0035022	Q9W152
FBgn0035023	Q0E8W5
FBgn0035024	Q9W149
FBgn0035025	Q9W148
FBgn0035026	Q9W147
FBgn0035027	Q960Q8
FBgn0035028	Q9W145
FBgn0035031	Q9W142
FBgn0035032	Q9W141
FBgn0035033	Q9W140
FBgn0035034	Q9W139
FBgn0035035	Q9W138
FBgn0035036	Q9W137
FBgn0035039	Q9W133
FBgn0035040	Q9W134
FBgn0035041	Q9W131
FBgn0035042	Q9W129
FBgn0035043	Q9W128
FBgn0035044	Q9W127
FBgn0035046	Q9W125
FBgn0035047	Q9W123
FBgn0035049	Q9W122
FBgn0035050	Q9GU23
FBgn0035056	Q9W116
FBgn0035057	Q9W115
FBgn0035059	Q9W112
FBgn0035060	Q9W111
FBgn0035063	Q9W108
FBgn0035064	Q9W107
FBgn0035065	Q9W106
FBgn0035068	Q9W101
FBgn0035069	Q9W100
FBgn0035070	Q9W0Z7
FBgn0035073	Q9W0Z4
FBgn0035076	Q9W0Z1
FBgn0035077	Q7KVF3
FBgn0035078	Q9W0Y9
FBgn0035082	Q9W0Y2
FBgn0035083	Q9W0Y1
FBgn0035084	Q9W0Y0
FBgn0035085	Q9W0X9
FBgn0035086	Q9W0X7
FBgn0035087	Q9W0X5
FBgn0035088	Q9W0X3
FBgn0035089	Q9W0X2
FBgn0035090	Q9W0X1
FBgn0035091	Q961K6
FBgn0035092	Q9W0W6
FBgn0035094	Q0E8V8
FBgn0035097	Q9W0V5
FBgn0035099	Q9W0V0
FBgn0035101	A4IJ58
FBgn0035102	Q9W0U6
FBgn0035103	Q0E8K8
FBgn0035104	Q9W0U4
FBgn0035106	Q7YZH1
FBgn0035107	Q0E8K5
FBgn0035109	Q9W0T9
FBgn0035110	Q8IRJ8
FBgn0035111	Q8IRJ7
FBgn0035112	Q9W0T6
FBgn0035113	Q9W0T5
FBgn0035120	Q9W0S8
FBgn0035121	Q9W0S7
FBgn0035122	Q9W0S6
FBgn0035124	Q9W0S3
FBgn0035131	Q9W0R6
FBgn0035132	Q9W0R5
FBgn0035134	Q9W0R2
FBgn0035137	Q9I7U7
FBgn0035138	Q9W0Q8
FBgn0035139	Q9W0Q5
FBgn0035140	Q9W0Q3
FBgn0035141	Q9W0Q2
FBgn0035142	A0A6M3Q6U2
FBgn0035143	Q9W0Q0
FBgn0035144	Q9W0P9
FBgn0035145	Q9W0P8
FBgn0035146	Q8SYC4
FBgn0035147	Q9W0P5
FBgn0035148	Q9W0P4
FBgn0035149	Q9W0P3
FBgn0035150	Q9W0P2
FBgn0035151	Q9W0P1
FBgn0035152	Q9W0P0
FBgn0035153	Q9W0N9
FBgn0035154	Q9W0N8
FBgn0035155	M9PE35
FBgn0035157	Q9W0N5
FBgn0035158	M9PDR6
FBgn0035159	M9PGM1
FBgn0035160	Q9W0N1
FBgn0035161	Q9W0M9
FBgn0035162	Q9W0M7
FBgn0035164	Q9W0M5
FBgn0035165	Q9W0M4
FBgn0035166	Q9W0M3
FBgn0035167	Q9W0M2
FBgn0035168	Q9W0M1
FBgn0035169	Q9W0M0
FBgn0035170	Q9W0L9
FBgn0035171	Q9W0L8
FBgn0035173	Q9W0L6
FBgn0035176	Q9W0L3
FBgn0035179	Q7KVC9
FBgn0035181	Q9W0K9
FBgn0035186	Q9W0K3
FBgn0035187	Q9W0K2
FBgn0035189	Q9W0J9
FBgn0035192	Q9W0J0
FBgn0035193	Q9W0I9
FBgn0035194	Q9W0I7
FBgn0035196	Q9W0I5
FBgn0035197	Q8IRH9
FBgn0035198	Q9W0I3
FBgn0035199	Q8IRH8
FBgn0035203	Q9W0H6
FBgn0035204	Q961B3
FBgn0035205	Q7K0X3
FBgn0035206	Q9W0H3
FBgn0035207	E8NHA2
FBgn0035208	Q9W0H1
FBgn0035209	Q9W0G7
FBgn0035210	Q9W0G6
FBgn0035211	Q8MSC8
FBgn0035213	Q8IRH5
FBgn0035216	Q9W0F7
FBgn0035217	Q9W0F6
FBgn0035218	Q9W0F5
FBgn0035227	Q9W0E3
FBgn0035228	Q9W0E2
FBgn0035229	Q9W0E1
FBgn0035231	Q9W0D9
FBgn0035232	Q9W0D8
FBgn0035233	Q9W0D7
FBgn0035234	Q8MSA5
FBgn0035235	Q9W0D6
FBgn0035236	A1A714
FBgn0035237	Q9W0D3
FBgn0035238	Q9W0D2
FBgn0035239	Q2MGL7
FBgn0035240	Q95T35
FBgn0035241	Q9W0C9
FBgn0035243	Q9W0C7
FBgn0035244	Q9W0C5
FBgn0035245	Q9W0C4
FBgn0035246	Q9W0C3
FBgn0035247	Q86BS6
FBgn0035248	Q9W0B7
FBgn0035249	Q9W0B6
FBgn0035251	Q9W0B3
FBgn0035252	A0A0S0WGR0
FBgn0035253	A8JNI2
FBgn0035254	Q9W0A9
FBgn0035255	Q9W0A7
FBgn0035256	Q9W0A6
FBgn0035257	Q8SZ38
FBgn0035258	Q4V4Q7
FBgn0035260	Q9W0A2
FBgn0035262	Q9W099
FBgn0035263	Q9W098
FBgn0035264	Q9W097
FBgn0035265	Q9W096
FBgn0035266	Q9W095
FBgn0035267	A0A4D6K3Y7
FBgn0035268	Q9W091
FBgn0035270	Q9W089
FBgn0035271	Q9W087
FBgn0035272	Q9W086
FBgn0035273	Q9W083
FBgn0035279	Q9W079
FBgn0035280	Q9W078
FBgn0035281	Q9W077
FBgn0035282	Q9W076
FBgn0035283	Q8SZU6
FBgn0035285	Q9W073
FBgn0035286	M9MRP4
FBgn0035287	Q8IRG5
FBgn0035290	A8JNI3
FBgn0035293	Q961Q9
FBgn0035294	Q9W062
FBgn0035295	Q9I7U5
FBgn0035298	Q9W058
FBgn0035299	Q9W057
FBgn0035300	Q9W056
FBgn0035308	B7Z0I2
FBgn0035309	Q9W048
FBgn0035312	Q9W045
FBgn0035313	Q9W044
FBgn0035315	Q9W042
FBgn0035316	Q9W041
FBgn0035317	Q9W040
FBgn0035318	Q9W039
FBgn0035321	Q9I7U1
FBgn0035323	Q9W033
FBgn0035325	Q8SXL5
FBgn0035328	Q9W028
FBgn0035331	M9PEC0
FBgn0035332	Q9W024
FBgn0035333	Q9W023
FBgn0035334	Q9W022
FBgn0035335	Q9W021
FBgn0035336	Q9W020
FBgn0035337	Q9W019
FBgn0035343	Q9W012
FBgn0035344	Q9W011
FBgn0035346	Q9W009
FBgn0035348	M9PE19
FBgn0035355	Q9VZZ6
FBgn0035356	Q9VZZ5
FBgn0035357	Q0E8J0
FBgn0035358	Q9VZZ2
FBgn0035359	Q9VZZ1
FBgn0035360	Q9VZZ0
FBgn0035370	Q9VZY0
FBgn0035371	Q9VZX9
FBgn0035372	Q9VZX8
FBgn0035374	Q9VZX6
FBgn0035375	Q6WV16
FBgn0035379	Q9VZX1
FBgn0035380	Q9VZX0
FBgn0035382	Q9VZW8
FBgn0035383	Q9VZW7
FBgn0035384	Q9VZW6
FBgn0035385	Q9VZW5
FBgn0035388	E1JIB4
FBgn0035390	Q9VZW1
FBgn0035392	Q9VZV9
FBgn0035393	Q9VZV8
FBgn0035397	Q95RR8
FBgn0035398	Q9VZV2
FBgn0035400	Q6NLL3
FBgn0035401	Q9VZU8
FBgn0035402	Q9VZU7
FBgn0035405	Q9VZU3
FBgn0035407	Q9VZU1
FBgn0035409	Q9VZT9
FBgn0035410	Q9VZT8
FBgn0035412	Q9VZT6
FBgn0035413	Q9VZT5
FBgn0035414	Q960J7
FBgn0035415	Q9VZT2
FBgn0035420	Q9VZS7
FBgn0035421	Q9VZS6
FBgn0035422	Q9VZS5
FBgn0035423	Q9VZS3
FBgn0035424	Q9I7T7
FBgn0035425	Q9VZS1
FBgn0035426	Q9VZS0
FBgn0035427	Q7KV71
FBgn0035428	Q9VZR8
FBgn0035429	Q9VZR7
FBgn0035430	Q9VZR6
FBgn0035431	Q9VZR5
FBgn0035432	M9PEG6
FBgn0035434	Q9VZR2
FBgn0035435	A0A2U8U156
FBgn0035436	Q9VZR0
FBgn0035437	Q8IRD5
FBgn0035438	Q8IRD3
FBgn0035439	Q9VZQ7
FBgn0035440	Q95SH7
FBgn0035443	Q8IRD1
FBgn0035444	Q9VZP9
FBgn0035445	Q9VZP8
FBgn0035449	Q9VZP2
FBgn0035452	B7Z0B2
FBgn0035453	Q9VZN6
FBgn0035455	Q9I7T6
FBgn0035458	Q9VZN1
FBgn0035461	Q8SX86
FBgn0035462	Q9VZM7
FBgn0035464	Q9VZM5
FBgn0035468	Q9VZL7
FBgn0035469	Q9VZL6
FBgn0035470	Q9VZL5
FBgn0035471	Q9VZL3
FBgn0035473	Q9VZL1
FBgn0035475	Q9VZK9
FBgn0035476	Q9VZK8
FBgn0035477	Q9VZK7
FBgn0035478	Q9VZK6
FBgn0035479	Q9VZK5
FBgn0035480	Q9VZK4
FBgn0035481	Q29R14
FBgn0035482	Q9VZK1
FBgn0035483	Q9VZJ9
FBgn0035484	Q9VZJ8
FBgn0035486	Q9VZJ6
FBgn0035488	Q9VZJ4
FBgn0035490	Q9VZJ2
FBgn0035491	Q9VZJ1
FBgn0035495	A8WHD3
FBgn0035496	Q9VZI5
FBgn0035497	Q9VZI4
FBgn0035498	Q9VZI3
FBgn0035499	Q9VZI1
FBgn0035501	Q9VZH5
FBgn0035504	Q4V5U6
FBgn0035505	B6IDT8
FBgn0035508	Q9VZG4
FBgn0035510	Q9VZG2
FBgn0035511	Q9VZG1
FBgn0035512	Q9VZG0
FBgn0035513	Q9VZF9
FBgn0035515	Q9VZF6
FBgn0035517	Q9VZF3
FBgn0035518	Q9VZF2
FBgn0035519	Q9VZF1
FBgn0035520	Q9VZF0
FBgn0035521	Q9VZE9
FBgn0035522	Q9VZE8
FBgn0035523	Q9VZE7
FBgn0035524	Q9VZE6
FBgn0035526	Q9VZE4
FBgn0035528	Q9VZE2
FBgn0035529	Q8SZA8
FBgn0035532	Q9VZD8
FBgn0035533	A8JNK4
FBgn0035534	Q9VZD5
FBgn0035537	Q9VZD2
FBgn0035538	Q9VZD1
FBgn0035539	Q95RQ1
FBgn0035540	M9PEM1
FBgn0035541	Q9VZC8
FBgn0035542	M9NFM7
FBgn0035543	Q9VZC5
FBgn0035544	Q9VZC2
FBgn0035545	Q8SXX8
FBgn0035546	Q9VZC0
FBgn0035547	Q8SWU6
FBgn0035548	Q9VZB8
FBgn0035550	Q9VZB5
FBgn0035551	Q9VZB4
FBgn0035552	Q9VZB3
FBgn0035553	Q9VZB2
FBgn0035554	Q9VZB1
FBgn0035555	Q9VZB0
FBgn0035557	Q9VZA7
FBgn0035558	Q9VZA6
FBgn0035563	Q9VZ99
FBgn0035567	Q9VZ94
FBgn0035568	Q9VZ93
FBgn0035569	Q9VZ92
FBgn0035570	Q9VZ90
FBgn0035571	Q9VZ88
FBgn0035572	Q9VZ87
FBgn0035574	Q9VZ85
FBgn0035575	Q9VZ84
FBgn0035577	Q9VZ81
FBgn0035578	M9NE27
FBgn0035581	Q9VZ77
FBgn0035582	Q8SX23
FBgn0035583	Q8SXS4
FBgn0035584	Q9VZ73
FBgn0035585	Q9VZ72
FBgn0035586	Q9VRJ2
FBgn0035587	Q9VRJ3
FBgn0035588	Q9VRJ4
FBgn0035589	Q9VRJ5
FBgn0035590	Q9VRJ6
FBgn0035591	Q9VRJ7
FBgn0035592	Q9VRJ8
FBgn0035593	Q9VRJ9
FBgn0035594	Q9VRK2
FBgn0035598	Q9VRK6
FBgn0035600	Q9VRL0
FBgn0035601	Q9VRL1
FBgn0035603	Q9VRL3
FBgn0035604	Q9VRL4
FBgn0035607	Q9VRL7
FBgn0035608	Q9VRL8
FBgn0035610	Q9VRM0
FBgn0035611	Q9VRM1
FBgn0035612	B7Z0B9
FBgn0035617	Q9VRM6
FBgn0035619	Q9VRM8
FBgn0035620	Q9VRM9
FBgn0035621	Q9VRN0
FBgn0035622	Q9VRN1
FBgn0035623	Q9VRN2
FBgn0035624	Q9VRN3
FBgn0035625	M9PBR0
FBgn0035626	Q9VRN5
FBgn0035627	Q9VRN6
FBgn0035630	Q9VRP2
FBgn0035631	Q9VRP3
FBgn0035632	Q9VRP4
FBgn0035636	Q9VRP8
FBgn0035638	Q8T3Z0
FBgn0035639	M9PHI7
FBgn0035640	Q9VRQ2
FBgn0035641	Q9VRQ4
FBgn0035642	Q9VRQ5
FBgn0035643	M9PEQ7
FBgn0035644	Q9VRQ7
FBgn0035645	Q9VRQ8
FBgn0035647	Q9VRR0
FBgn0035648	M9PEG2
FBgn0035649	Q9VRR2
FBgn0035656	M9PEA4
FBgn0035657	Q9VRS0
FBgn0035661	Q9VRS3
FBgn0035663	Q9VRS5
FBgn0035665	Q9VRS7
FBgn0035666	Q9VRS8
FBgn0035667	Q9VRS9
FBgn0035669	Q9VRT1
FBgn0035670	Q9VRT2
FBgn0035673	Q9VRT5
FBgn0035674	Q9VRT6
FBgn0035675	Q9VRT7
FBgn0035676	Q9VRT8
FBgn0035677	M9PER3
FBgn0035678	Q9VRU0
FBgn0035679	Q9VRU1
FBgn0035685	Q9VRU8
FBgn0035686	Q9VRU9
FBgn0035687	Q9VRV0
FBgn0035688	M9PEH8
FBgn0035689	Q9VRV2
FBgn0035690	A8JNL9
FBgn0035691	Q9VRV6
FBgn0035692	Q9VRV7
FBgn0035693	Q9VRV9
FBgn0035694	Q9VRW1
FBgn0035695	Q9VRW2
FBgn0035696	Q9VRW4
FBgn0035697	Q9VRW5
FBgn0035699	Q9VRW7
FBgn0035702	Q9VRX0
FBgn0035703	Q9VRX1
FBgn0035704	Q9VRX2
FBgn0035708	A0A4D6K4X9
FBgn0035709	Q9VRY0
FBgn0035710	Q0E8H7
FBgn0035711	Q9VRY2
FBgn0035713	Q9VRY4
FBgn0035714	Q9VRY5
FBgn0035715	Q9VRY6
FBgn0035718	Q9VRZ3
FBgn0035719	M9PET2
FBgn0035720	Q8MZI3
FBgn0035721	Q9VRZ6
FBgn0035722	Q9VRZ7
FBgn0035724	Q9VS00
FBgn0035725	Q9VS01
FBgn0035726	Q9VS02
FBgn0035727	Q9VS03
FBgn0035730	Q9VS07
FBgn0035733	Q9VS10
FBgn0035734	Q9VS11
FBgn0035735	Q9VS12
FBgn0035736	Q8MZ06
FBgn0035737	Q9VS14
FBgn0035741	Q9VS19
FBgn0035742	Q9VS20
FBgn0035743	Q9VS21
FBgn0035750	Q9VS31
FBgn0035751	Q9VS32
FBgn0035753	Q9VS34
FBgn0035754	Q9VS38
FBgn0035755	Q9VS39
FBgn0035756	Q9VS41
FBgn0035760	Q9VS44
FBgn0035761	Q9VS45
FBgn0035762	Q9VS46
FBgn0035763	Q9VS47
FBgn0035766	Q9VS50
FBgn0035767	Q9VS51
FBgn0035768	Q9VS52
FBgn0035769	Q9VS55
FBgn0035770	Q8IQ80
FBgn0035771	Q9VS57
FBgn0035772	Q9NFP5
FBgn0035776	M9PEV1
FBgn0035777	Q9VS64
FBgn0035779	Q9VS66
FBgn0035780	Q9VS67
FBgn0035781	Q961J8
FBgn0035782	Q9VS70
FBgn0035785	Q9VS73
FBgn0035786	M9PEE6
FBgn0035787	Q9VS75
FBgn0035788	Q9VS76
FBgn0035789	Q9VS77
FBgn0035790	Q9VS78
FBgn0035791	Q9VS80
FBgn0035792	Q9VS81
FBgn0035793	B7Z0D3
FBgn0035795	Q9VS86
FBgn0035797	Q8IQ88
FBgn0035798	Q9VS89
FBgn0035799	Q9VS90
FBgn0035800	Q9VS91
FBgn0035802	Q7KU89
FBgn0035805	Q95SS8
FBgn0035806	Q9VS97
FBgn0035807	Q9VS98
FBgn0035811	Q9VSA3
FBgn0035812	Q9VSA4
FBgn0035813	Q9VSA5
FBgn0035815	E1JI63
FBgn0035816	A0A0S0WPM5
FBgn0035817	Q9VSA9
FBgn0035823	Q9VSB6
FBgn0035824	Q9VSB8
FBgn0035825	Q9VSB9
FBgn0035827	Q9VSC1
FBgn0035829	Q8IQ92
FBgn0035830	Q9VSC5
FBgn0035831	Q9VSC6
FBgn0035833	Q9VSC9
FBgn0035838	Q9VSD7
FBgn0035839	Q9VSD8
FBgn0035842	B7Z0D7
FBgn0035844	Q9VSE3
FBgn0035845	M9PEI0
FBgn0035847	Q9VSE7
FBgn0035848	Q9VSE8
FBgn0035849	Q8WS79
FBgn0035850	M9PER1
FBgn0035851	Q9VSF2
FBgn0035852	Q8SZX1
FBgn0035853	Q9VSF3
FBgn0035854	Q9VSF4
FBgn0035855	Q9VSF5
FBgn0035856	Q8SZ49
FBgn0035857	Q9VSF7
FBgn0035858	Q9VSF9
FBgn0035859	Q9VSG0
FBgn0035861	Q9VSG2
FBgn0035865	Q9VSG7
FBgn0035866	Q9VSG8
FBgn0035867	Q9VSG9
FBgn0035868	Q9VSH0
FBgn0035870	Q9VSH2
FBgn0035871	Q9VSH3
FBgn0035872	Q9VSH4
FBgn0035873	Q9VSH5
FBgn0035875	Q9VSH7
FBgn0035876	Q9VSH8
FBgn0035877	Q9VSH9
FBgn0035878	Q9VSI1
FBgn0035879	A8JNN5
FBgn0035880	Q8IQA9
FBgn0035886	Q9VSJ1
FBgn0035887	Q9VSJ2
FBgn0035888	M9PEJ0
FBgn0035889	Q95U58
FBgn0035890	Q9VSJ5
FBgn0035896	Q9VSK4
FBgn0035900	Q9VSK8
FBgn0035901	Q9VSK9
FBgn0035902	Q9VSL0
FBgn0035903	Q9VSL1
FBgn0035904	Q9VSL2
FBgn0035906	Q9VSL5
FBgn0035907	Q9VSL6
FBgn0035909	Q9V3A8
FBgn0035911	Q9VSL9
FBgn0035914	M9PET5
FBgn0035915	Q9VSM6
FBgn0035916	Q9VSM8
FBgn0035917	Q8IQB4
FBgn0035918	Q9VSM9
FBgn0035921	B7Z0E3
FBgn0035922	Q9VSN7
FBgn0035923	Q9VSP0
FBgn0035924	Q9VSP8
FBgn0035926	Q9VSP9
FBgn0035928	Q9VSQ2
FBgn0035929	Q9VSQ3
FBgn0035931	Q9VSQ5
FBgn0035932	Q9VSQ6
FBgn0035933	Q9VSQ7
FBgn0035934	Q7Z020
FBgn0035936	Q9V3E5
FBgn0035941	Q9VSR6
FBgn0035942	Q9VSR7
FBgn0035943	Q9VSR8
FBgn0035944	Q8IQC1
FBgn0035945	Q8SZY7
FBgn0035947	Q9VSS2
FBgn0035948	Q9VSS3
FBgn0035949	Q9VSS4
FBgn0035951	Q95R98
FBgn0035952	Q9VSS7
FBgn0035953	Q9VSS9
FBgn0035954	Q9VST0
FBgn0035955	Q9VST1
FBgn0035956	Q9VST2
FBgn0035957	Q9VST4
FBgn0035959	Q9VST7
FBgn0035960	Q9VST8
FBgn0035964	Q9VSU6
FBgn0035965	Q9VSU7
FBgn0035968	Q9VSV1
FBgn0035969	Q9VSV2
FBgn0035970	Q9VSV3
FBgn0035971	Q9VSV4
FBgn0035975	Q95T64
FBgn0035976	Q9GNK5
FBgn0035977	Q8SXQ7
FBgn0035978	Q9VSW1
FBgn0035980	Q9VSW4
FBgn0035981	Q9VSW7
FBgn0035982	Q9VSX2
FBgn0035983	Q9VSX7
FBgn0035985	Q9VSY0
FBgn0035986	Q9VSY1
FBgn0035988	Q9VSY3
FBgn0035989	Q9VSY4
FBgn0035993	Q9VSY9
FBgn0035995	Q9VSZ1
FBgn0035996	Q9VSZ2
FBgn0035997	Q9VSZ3
FBgn0035998	Q9VSZ4
FBgn0035999	Q9VSZ5
FBgn0036000	Q9VSZ6
FBgn0036004	Q9VT00
FBgn0036005	Q9VT01
FBgn0036007	Q9VT04
FBgn0036008	Q9VT05
FBgn0036009	Q9VT08
FBgn0036010	Q9VT09
FBgn0036014	Q9VT14
FBgn0036015	Q9VT15
FBgn0036016	Q9VT16
FBgn0036018	Q9VT19
FBgn0036019	Q9VT20
FBgn0036020	Q9VT21
FBgn0036022	Q9VT23
FBgn0036023	Q9VT24
FBgn0036024	Q9VT25
FBgn0036028	Q9VT29
FBgn0036029	Q9VT31
FBgn0036030	Q9VT33
FBgn0036031	Q9VT34
FBgn0036032	Q9VT35
FBgn0036035	Q9VT38
FBgn0036036	Q9VT39
FBgn0036038	Q9VT41
FBgn0036039	Q95SX8
FBgn0036040	Q9VT44
FBgn0036043	Q9VT48
FBgn0036044	Q9VT49
FBgn0036046	Q9VT51
FBgn0036052	Q9VT59
FBgn0036053	Q7KUD4
FBgn0036056	Q9VT66
FBgn0036057	Q9VT67
FBgn0036058	Q9VT69
FBgn0036059	Q9VT70
FBgn0036062	Q9VT73
FBgn0036063	Q9VT74
FBgn0036066	Q9VT78
FBgn0036070	Q9VT82
FBgn0036072	Q9VT84
FBgn0036075	Q9VT87
FBgn0036080	Q9VT92
FBgn0036082	Q9VT94
FBgn0036083	Q9VT95
FBgn0036085	Q9VT97
FBgn0036089	Q9VTA1
FBgn0036090	Q8T0B1
FBgn0036091	Q9VTA5
FBgn0036093	Q9VTA7
FBgn0036094	Q9VTA8
FBgn0036096	Q9VTB0
FBgn0036099	Q9VTB3
FBgn0036101	Q8MPP0
FBgn0036102	Q9VTB7
FBgn0036104	Q9VTC1
FBgn0036105	Q9VTC2
FBgn0036106	Q9VTC3
FBgn0036107	Q9VTC4
FBgn0036108	Q9VTC6
FBgn0036109	Q9VTC7
FBgn0036110	Q9VTC8
FBgn0036111	Q7JVG2
FBgn0036112	Q9VTD2
FBgn0036116	Q9VTD7
FBgn0036117	Q9VTD9
FBgn0036118	Q9VTE0
FBgn0036121	Q8T4C9
FBgn0036124	Q9VTE6
FBgn0036126	Q9VTE8
FBgn0036128	A8JNR0
FBgn0036131	Q9VTF3
FBgn0036133	Q9VTF5
FBgn0036134	M9PF47
FBgn0036135	Q9VTF8
FBgn0036136	Q9VTF9
FBgn0036138	R9PY30
FBgn0036139	Q7KUE8
FBgn0036141	Q95ST2
FBgn0036142	Q9VTG5
FBgn0036143	Q9VTG6
FBgn0036144	Q9VTG7
FBgn0036145	Q9VTG8
FBgn0036146	Q8SX06
FBgn0036147	Q9VTH0
FBgn0036150	Q9VTH3
FBgn0036152	M9PC68
FBgn0036153	Q8MS56
FBgn0036154	Q9VTH7
FBgn0036155	Q9VTH8
FBgn0036156	Q9VTH9
FBgn0036157	Q9VTI0
FBgn0036158	Q9VTI1
FBgn0036159	Q9VTI2
FBgn0036160	Q9VTI3
FBgn0036161	Q8T4I0
FBgn0036162	Q9VTI5
FBgn0036165	Q9VTI8
FBgn0036168	Q9VTJ3
FBgn0036170	Q9VTJ5
FBgn0036173	Q9VTJ8
FBgn0036176	Q7KUG1
FBgn0036177	Q7KUG0
FBgn0036178	Q9VTK5
FBgn0036179	Q9VTK6
FBgn0036180	Q9VTK7
FBgn0036181	Q7KUH2
FBgn0036183	Q9VTL0
FBgn0036184	Q9VTL1
FBgn0036186	Q9VTL4
FBgn0036187	Q9VTL5
FBgn0036188	Q9VTL6
FBgn0036191	Q9VTL9
FBgn0036192	Q9VTM0
FBgn0036193	M9PF64
FBgn0036194	Q9VTM2
FBgn0036195	M9PC80
FBgn0036196	Q9VTM4
FBgn0036198	Q9VTM6
FBgn0036199	Q7K566
FBgn0036202	A0A6J3SW69
FBgn0036203	Q9VTN2
FBgn0036204	Q9VTN3
FBgn0036205	Q9VTN4
FBgn0036206	Q9VTN6
FBgn0036207	Q9VTN7
FBgn0036208	Q9VTN9
FBgn0036210	Q9VTP1
FBgn0036211	X2JGK6
FBgn0036212	Q95TV5
FBgn0036213	Q9VTP4
FBgn0036214	Q9VTP5
FBgn0036217	Q9VTQ1
FBgn0036218	E1JHY2
FBgn0036219	Q9VTQ3
FBgn0036220	B7FNL9
FBgn0036221	Q9VTQ5
FBgn0036222	Q8SX97
FBgn0036224	Q9VTQ9
FBgn0036225	Q9VTR0
FBgn0036226	Q9VTR1
FBgn0036227	Q9VTR2
FBgn0036228	Q9VTR3
FBgn0036229	Q9VTR4
FBgn0036230	M9NF90
FBgn0036232	M9PFC1
FBgn0036235	M9PI24
FBgn0036236	Q9VTS1
FBgn0036237	Q8MR62
FBgn0036239	X2JCC3
FBgn0036240	Q7K155
FBgn0036242	Q9VTS7
FBgn0036246	Q9VTT1
FBgn0036248	Q9VTT3
FBgn0036249	A0A0S0WNE9
FBgn0036250	Q9VTT6
FBgn0036254	Q9VTU0
FBgn0036255	Q9VTU1
FBgn0036257	Q9VTU3
FBgn0036258	Q9VTU4
FBgn0036259	M9PFD5
FBgn0036260	Q9VTU7
FBgn0036262	Q9VTU9
FBgn0036263	Q9VTV1
FBgn0036264	Q9VTV2
FBgn0036266	Q9VTV4
FBgn0036271	Q9VTV9
FBgn0036272	X2JGL7
FBgn0036273	Q9VTW2
FBgn0036274	Q9VTW3
FBgn0036277	Q9VTW6
FBgn0036278	M9PF00
FBgn0036279	M9PI37
FBgn0036282	Q9VTX2
FBgn0036285	Q8T0M4
FBgn0036286	Q9VTX8
FBgn0036287	A8JNS0
FBgn0036288	Q9VTY0
FBgn0036289	Q9VTY1
FBgn0036290	Q9VTY2
FBgn0036291	Q9VTY4
FBgn0036292	Q9VTY5
FBgn0036294	M9PFA9
FBgn0036298	Q9VTZ4
FBgn0036299	Q9VTZ5
FBgn0036300	Q9VTZ6
FBgn0036301	Q9VTZ7
FBgn0036302	B7Z0B0
FBgn0036305	Q8IQI3
FBgn0036306	Q95RI2
FBgn0036309	Q8MQJ8
FBgn0036310	Q9VU11
FBgn0036311	Q8IQI1
FBgn0036314	Q9VU15
FBgn0036316	Q9VU17
FBgn0036317	Q9VU18
FBgn0036318	Q9VU19
FBgn0036319	Q9VU20
FBgn0036320	Q9VU21
FBgn0036321	Q9VU22
FBgn0036323	Q9VU24
FBgn0036324	Q9VU25
FBgn0036325	Q9VU26
FBgn0036327	Q9VU28
FBgn0036328	Q9VU29
FBgn0036329	Q9VU30
FBgn0036330	Q9VU31
FBgn0036332	Q9VU33
FBgn0036333	Q9VU34
FBgn0036334	Q9VU35
FBgn0036335	Q9VU36
FBgn0036336	Q9VU37
FBgn0036337	Q9VU38
FBgn0036340	Q9VU43
FBgn0036341	Q9VU45
FBgn0036342	Q9VU46
FBgn0036343	Q9VU47
FBgn0036345	Q9VU49
FBgn0036346	Q9VU50
FBgn0036348	Q9VU57
FBgn0036349	Q9VU59
FBgn0036350	Q9VU60
FBgn0036351	Q9VU61
FBgn0036352	Q8SXH1
FBgn0036353	Q8IQJ7
FBgn0036354	Q9VU65
FBgn0036356	Q9VU67
FBgn0036359	Q9VU70
FBgn0036360	Q9VU71
FBgn0036361	Q9VU72
FBgn0036362	Q8IQJ4
FBgn0036363	Q9VU74
FBgn0036364	Q9VU75
FBgn0036365	Q9VU76
FBgn0036366	Q9VU77
FBgn0036367	Q9VU78
FBgn0036368	Q9VU79
FBgn0036369	M9PI51
FBgn0036372	Q9VU84
FBgn0036373	Q9VU85
FBgn0036374	Q9VU86
FBgn0036376	Q9VU88
FBgn0036377	Q9VU89
FBgn0036380	Q9VU92
FBgn0036381	Q9VU95
FBgn0036382	Q9VU96
FBgn0036386	Q9VUA0
FBgn0036389	Q9VUA5
FBgn0036390	Q9VUA6
FBgn0036391	Q86BI1
FBgn0036393	Q9VUB0
FBgn0036394	Q9VUB1
FBgn0036395	Q8SZ13
FBgn0036396	Q9VUB3
FBgn0036397	Q9VUB4
FBgn0036398	Q9VUB5
FBgn0036402	Q9VUB9
FBgn0036403	Q95TY8
FBgn0036405	Q9VUC3
FBgn0036406	Q9VUC4
FBgn0036410	Q9VUC9
FBgn0036411	M9PFG6
FBgn0036414	M9PI57
FBgn0036415	Q7K2I4
FBgn0036416	Q9VUD8
FBgn0036417	M9PF81
FBgn0036419	Q9VUE1
FBgn0036421	Q9VUE3
FBgn0036422	Q9VUE4
FBgn0036423	M9PF86
FBgn0036426	Q9VUE9
FBgn0036427	Q9VUF0
FBgn0036428	Q9VUF3
FBgn0036433	Q9VUF9
FBgn0036436	Q9VUG2
FBgn0036437	Q9VUG3
FBgn0036438	Q9VUG4
FBgn0036439	Q9VUG5
FBgn0036440	Q9VUG6
FBgn0036441	Q7KUL3
FBgn0036442	Q9VUG9
FBgn0036443	Q9VUH0
FBgn0036446	Q9VUH4
FBgn0036447	Q9VUH5
FBgn0036448	Q9VUH6
FBgn0036449	E1JI03
FBgn0036450	Q9VUH8
FBgn0036451	Q9VUH9
FBgn0036454	Q7KUK9
FBgn0036459	Q9VUI7
FBgn0036460	M9NE98
FBgn0036461	A4IJ72
FBgn0036462	Q9VUJ0
FBgn0036463	Q9VUJ2
FBgn0036465	Q9VUJ4
FBgn0036466	Q9VUJ7
FBgn0036467	Q9VUJ8
FBgn0036468	Q9VUJ9
FBgn0036469	Q9VUK0
FBgn0036470	Q9VUK1
FBgn0036471	Q9VUK2
FBgn0036474	Q9VUK5
FBgn0036476	Q9VUK7
FBgn0036479	Q9VUL2
FBgn0036480	M9MSL4
FBgn0036481	Q9VUL4
FBgn0036482	Q8IQM0
FBgn0036483	Q9VUL6
FBgn0036484	Q9VUL8
FBgn0036485	Q9VUL9
FBgn0036486	Q9VUM0
FBgn0036487	Q9VUM1
FBgn0036488	Q9VUM2
FBgn0036489	Q9VUM3
FBgn0036490	Q9VUM4
FBgn0036491	Q9VUM6
FBgn0036492	Q9VUM7
FBgn0036493	Q2PDY3
FBgn0036494	Q9VUN0
FBgn0036495	Q7KUM2
FBgn0036496	Q9VUN2
FBgn0036497	Q9VUN3
FBgn0036498	Q9VUN5
FBgn0036499	Q7KUM9
FBgn0036500	Q9VUN7
FBgn0036501	Q9VUN8
FBgn0036502	Q9VUP0
FBgn0036503	Q9VUP6
FBgn0036504	Q9VUP8
FBgn0036505	Q95RY2
FBgn0036509	Q9VUQ7
FBgn0036510	Q9VUQ8
FBgn0036512	Q9VUR0
FBgn0036514	Q9VUR2
FBgn0036515	Q9VUR3
FBgn0036516	Q9VUR4
FBgn0036518	B7Z058
FBgn0036519	Q9VUR7
FBgn0036520	Q9VUR8
FBgn0036522	Q9VUS0
FBgn0036527	Q8IA44
FBgn0036528	Q8IA41
FBgn0036529	Q9VUT6
FBgn0036531	Q7KUN6
FBgn0036532	Q9VUU1
FBgn0036534	Q5U127
FBgn0036536	Q9VUU6
FBgn0036537	Q9VUU7
FBgn0036538	Q9VUU8
FBgn0036544	Q9VUV4
FBgn0036545	Q9VUV6
FBgn0036547	Q9VUV8
FBgn0036549	Q9VUW0
FBgn0036550	Q9VUW1
FBgn0036551	Q9VUW2
FBgn0036552	Q9VUW3
FBgn0036553	Q9VUW4
FBgn0036556	M9PFN0
FBgn0036557	Q9VUX1
FBgn0036560	Q9VUX4
FBgn0036563	Q9VUX8
FBgn0036565	Q9VUY0
FBgn0036566	Q9VUY1
FBgn0036567	Q9VUY2
FBgn0036568	Q8T4C4
FBgn0036569	Q9VUY4
FBgn0036570	Q95TS5
FBgn0036571	Q9VUY8
FBgn0036574	Q86BP6
FBgn0036575	Q9VUZ3
FBgn0036576	Q9VUZ4
FBgn0036577	Q8IQN0
FBgn0036579	Q961B9
FBgn0036580	Q9VUZ8
FBgn0036581	Q9GYU7
FBgn0036583	Q9VV01
FBgn0036584	Q9VV02
FBgn0036585	M9MRW7
FBgn0036586	Q9VV06
FBgn0036587	Q9VV09
FBgn0036588	Q9VV10
FBgn0036589	Q9VV11
FBgn0036590	Q9VV13
FBgn0036591	Q9VV14
FBgn0036592	Q8SWS3
FBgn0036593	Q9VV17
FBgn0036594	Q9VV18
FBgn0036595	Q9VV19
FBgn0036596	Q9VV20
FBgn0036597	Q9VV21
FBgn0036598	Q9VV22
FBgn0036599	Q9VV23
FBgn0036600	Q9VV24
FBgn0036601	Q9VV25
FBgn0036602	Q9VV26
FBgn0036603	Q9VV27
FBgn0036605	Q9VV29
FBgn0036606	Q9VV30
FBgn0036607	Q9VV31
FBgn0036608	Q9VV32
FBgn0036609	Q9VV33
FBgn0036610	Q9VV35
FBgn0036612	Q0E8E2
FBgn0036614	Q9VV40
FBgn0036617	Q9VV44
FBgn0036618	Q9VV45
FBgn0036619	Q9VV46
FBgn0036620	Q9VV47
FBgn0036621	Q9VV48
FBgn0036622	Q9VV49
FBgn0036623	D5AEK7
FBgn0036624	Q9VV52
FBgn0036627	Q9VV55
FBgn0036629	Q9VV59
FBgn0036638	Q9VV70
FBgn0036639	Q9VV71
FBgn0036640	Q9VV73
FBgn0036641	Q9VV74
FBgn0036643	Q9VV76
FBgn0036648	Q9VV83
FBgn0036652	Q9VV90
FBgn0036654	Q86BI7
FBgn0036655	Q9VV94
FBgn0036656	Q9VV95
FBgn0036659	Q9VV98
FBgn0036661	Q9VVA0
FBgn0036662	A0A4D6K3L8
FBgn0036663	M9NFH8
FBgn0036665	M9NEC4
FBgn0036666	Q9VVA7
FBgn0036667	Q9VVA8
FBgn0036668	Q9VVA9
FBgn0036670	Q8IQN9
FBgn0036671	Q9VVB4
FBgn0036676	Q7KUQ4
FBgn0036677	Q9VVC0
FBgn0036678	Q9VVC1
FBgn0036679	Q9VVC2
FBgn0036680	Q9VVC3
FBgn0036681	Q7KUQ3
FBgn0036684	E3CTN7
FBgn0036685	Q9VVC8
FBgn0036686	Q9VVC9
FBgn0036687	Q9VVD0
FBgn0036688	Q9VVD2
FBgn0036689	Q9VVD3
FBgn0036690	Q4V5V6
FBgn0036691	Q8T3L6
FBgn0036695	Q9VVD9
FBgn0036696	Q9VVE0
FBgn0036697	Q9VVE2
FBgn0036698	Q9VVE3
FBgn0036702	Q8T4G5
FBgn0036703	Q9VVE7
FBgn0036704	Q9VVE8
FBgn0036705	Q9VVE9
FBgn0036706	Q9VVF0
FBgn0036707	Q9VVF1
FBgn0036708	Q9VVF2
FBgn0036709	Q9VVF3
FBgn0036710	Q9VVF4
FBgn0036711	Q9VVF5
FBgn0036712	Q8T8Z2
FBgn0036713	Q9VVF7
FBgn0036714	Q9VVF8
FBgn0036715	Q9VVG0
FBgn0036716	Q9VVG1
FBgn0036717	Q9VVG2
FBgn0036723	Q9VVH0
FBgn0036725	Q9VVH2
FBgn0036726	Q9VVH3
FBgn0036727	Q9VVH4
FBgn0036728	Q9VVH5
FBgn0036729	Q9VVH6
FBgn0036730	Q9VVH7
FBgn0036731	Q9VVH8
FBgn0036732	Q9VVH9
FBgn0036733	Q9VVI0
FBgn0036734	Q9VVI1
FBgn0036735	Q9VVI2
FBgn0036738	Q8T4A8
FBgn0036740	Q9VVI9
FBgn0036741	M9PFK5
FBgn0036742	Q9VVJ1
FBgn0036745	Q9VVJ7
FBgn0036746	M9PFU2
FBgn0036747	Q9VVJ9
FBgn0036749	Q9VVK1
FBgn0036750	Q9VVK2
FBgn0036751	Q9VVK4
FBgn0036752	Q9VVK5
FBgn0036754	Q9VVK8
FBgn0036756	Q9VVL0
FBgn0036757	Q9VVL1
FBgn0036759	Q8SXC0
FBgn0036760	Q9VVL5
FBgn0036761	Q9VVL6
FBgn0036763	Q9VVL8
FBgn0036764	Q9VVM0
FBgn0036765	Q9VVM1
FBgn0036766	Q9VVM2
FBgn0036767	Q9VVM3
FBgn0036768	Q9VVM4
FBgn0036769	Q7JZI2
FBgn0036770	Q9VVM6
FBgn0036771	Q9VVM7
FBgn0036772	Q9VVM8
FBgn0036773	Q9VVN1
FBgn0036774	Q9VVN2
FBgn0036775	Q8SYM9
FBgn0036777	Q7K121
FBgn0036778	Q9VVN6
FBgn0036780	Q9VVN9
FBgn0036781	Q9VVP0
FBgn0036782	Q9VVP2
FBgn0036783	Q9VVP3
FBgn0036784	Q9VVP4
FBgn0036785	M9PI93
FBgn0036786	Q9VVP8
FBgn0036787	Q9VVP9
FBgn0036789	A0A0S0WMT8
FBgn0036790	Q9VVQ1
FBgn0036791	Q9VVQ2
FBgn0036793	Q9VVQ4
FBgn0036795	Q9VVQ6
FBgn0036796	Q9VVQ7
FBgn0036799	Q9VVR0
FBgn0036801	Q8SY34
FBgn0036804	Q9VVR6
FBgn0036805	Q95SH2
FBgn0036806	Q9VVR9
FBgn0036807	A0A6M3Q724
FBgn0036808	Q9VVS1
FBgn0036809	Q9VVS2
FBgn0036810	Q9VVS3
FBgn0036811	Q9VVS4
FBgn0036812	Q9VVS5
FBgn0036813	Q9VVS6
FBgn0036814	Q8IQT4
FBgn0036815	Q7JWP6
FBgn0036816	Q9VVT2
FBgn0036817	M9NDV6
FBgn0036818	Q9VVT4
FBgn0036819	Q9VVT5
FBgn0036820	Q9VVT6
FBgn0036821	Q9VVT8
FBgn0036822	Q9VVT9
FBgn0036824	Q9VVU1
FBgn0036825	Q9VVU2
FBgn0036826	Q8SWX0
FBgn0036827	Q9VVU4
FBgn0036828	Q9VVU6
FBgn0036829	Q9VVU7
FBgn0036830	Q9VVU8
FBgn0036831	Q9VVU9
FBgn0036832	Q9VVV0
FBgn0036833	Q9VVV1
FBgn0036834	Q9VVV2
FBgn0036835	Q9VVV3
FBgn0036836	Q9VVV4
FBgn0036837	Q86BI9
FBgn0036838	Q9VVV7
FBgn0036839	Q9VVV8
FBgn0036842	Q9VVW2
FBgn0036843	Q9VVW3
FBgn0036844	Q9VVW5
FBgn0036846	M9PI97
FBgn0036847	Q9VVW7
FBgn0036848	Q9VVW8
FBgn0036849	Q9VVW9
FBgn0036850	Q9VVX0
FBgn0036851	M9PFM8
FBgn0036853	Q9VVX4
FBgn0036856	Q8MSW4
FBgn0036857	Q8SXQ1
FBgn0036858	Q9VVX9
FBgn0036859	Q9VVY0
FBgn0036860	Q9VVY1
FBgn0036861	Q9VVY2
FBgn0036862	Q9VVY3
FBgn0036868	Q9VVZ0
FBgn0036870	Q9VVZ4
FBgn0036871	Q9VVZ5
FBgn0036872	Q9VVZ6
FBgn0036873	Q9VVZ7
FBgn0036874	Q9VVZ8
FBgn0036875	B7Z080
FBgn0036876	Q9VW00
FBgn0036877	Q9VW01
FBgn0036878	Q9VW02
FBgn0036879	Q9VW03
FBgn0036880	Q4V6L8
FBgn0036881	M9PFX4
FBgn0036882	Q7JQV2
FBgn0036886	Q9VW10
FBgn0036887	Q9VW12
FBgn0036888	Q9VW13
FBgn0036889	Q9VW14
FBgn0036890	Q9VW17
FBgn0036891	Q9VW19
FBgn0036892	Q7KUT2
FBgn0036893	Q9VW21
FBgn0036895	Q9VW23
FBgn0036896	Q9VW24
FBgn0036897	B7Z078
FBgn0036899	Q9VW27
FBgn0036900	Q9VW28
FBgn0036905	Q9VW36
FBgn0036906	Q9VW38
FBgn0036908	Q9VW40
FBgn0036909	Q9VW41
FBgn0036910	Q9VW43
FBgn0036911	Q8WR19
FBgn0036913	M9PD06
FBgn0036915	Q9VW52
FBgn0036916	Q9VW53
FBgn0036918	Q9VW56
FBgn0036919	Q9VW57
FBgn0036920	Q9VW58
FBgn0036921	Q9VW59
FBgn0036922	Q9VW61
FBgn0036923	M9MS64
FBgn0036924	Q8T3W6
FBgn0036925	Q9VW64
FBgn0036926	Q9VW66
FBgn0036927	Q9VW68
FBgn0036928	Q95RF6
FBgn0036929	Q9VW70
FBgn0036931	Q9VW72
FBgn0036932	Q9VW73
FBgn0036934	Q9VW75
FBgn0036935	Q9VW76
FBgn0036936	Q9VW77
FBgn0036937	Q9VW78
FBgn0036938	Q9VW79
FBgn0036939	Q9VW80
FBgn0036940	Q9VW81
FBgn0036941	Q9VW82
FBgn0036942	Q9VW84
FBgn0036945	Q9VW87
FBgn0036947	Q9VW89
FBgn0036948	Q9VW90
FBgn0036949	Q9VW91
FBgn0036950	Q9VW92
FBgn0036951	Q9VW93
FBgn0036952	Q9VW94
FBgn0036953	Q9VW95
FBgn0036956	Q9VW98
FBgn0036958	Q9VWA0
FBgn0036959	Q9VWA2
FBgn0036962	Q9VWA6
FBgn0036964	Q9VWA8
FBgn0036967	Q9VWB1
FBgn0036969	Q9VWB4
FBgn0036970	Q9VPH9
FBgn0036973	Q9VPH8
FBgn0036974	Q9VPH7
FBgn0036975	Q9VPH6
FBgn0036977	M9NFL7
FBgn0036978	Q9VPH1
FBgn0036979	Q9VPG9
FBgn0036980	M9PG08
FBgn0036984	Q9VPG2
FBgn0036985	Q9VPG1
FBgn0036986	Q9VPG0
FBgn0036987	Q9VPF9
FBgn0036988	Q9VPF8
FBgn0036990	Q9VPF6
FBgn0036991	Q9VPF5
FBgn0036992	Q9VPF3
FBgn0036993	Q9VPF2
FBgn0036994	Q9VPF1
FBgn0036995	Q9VPF0
FBgn0036996	Q9VPE9
FBgn0036997	Q9VPE8
FBgn0036998	Q9VPE4
FBgn0036999	Q86PD7
FBgn0037000	Q9VPE3
FBgn0037001	Q9VPE2
FBgn0037003	Q9VPE0
FBgn0037004	Q9VPD9
FBgn0037005	Q9VPD8
FBgn0037007	Q9VPD6
FBgn0037008	Q9VPD5
FBgn0037009	Q9VPD4
FBgn0037011	Q9VPD2
FBgn0037012	Q8SXY5
FBgn0037013	Q9VPD0
FBgn0037014	Q9VPC7
FBgn0037015	A8JNW3
FBgn0037016	Q9VPC4
FBgn0037017	Q9VPC3
FBgn0037018	Q9VPC1
FBgn0037019	Q9VPB9
FBgn0037020	Q9VPB8
FBgn0037021	Q9VPB7
FBgn0037022	Q9VPB6
FBgn0037023	Q9VPB4
FBgn0037024	Q8IPU3
FBgn0037025	M9PIC9
FBgn0037026	Q9VPB1
FBgn0037027	Q9VPB0
FBgn0037028	Q9VPA9
FBgn0037030	Q9VPA5
FBgn0037031	Q9VPA2
FBgn0037035	Q9VP96
FBgn0037036	Q9VP95
FBgn0037037	Q9VP94
FBgn0037038	Q8T429
FBgn0037039	B7Z091
FBgn0037040	B7Z092
FBgn0037042	Q9VP89
FBgn0037044	Q9VP87
FBgn0037045	Q9VP86
FBgn0037046	Q9VP84
FBgn0037050	Q9VP78
FBgn0037051	Q9VP77
FBgn0037057	Q9VP68
FBgn0037059	Q9VP67
FBgn0037060	M9PFU5
FBgn0037061	Q9VP65
FBgn0037063	Q7KTW5
FBgn0037064	Q9VP62
FBgn0037065	Q7KTW4
FBgn0037067	Q9VP56
FBgn0037068	Q9VP55
FBgn0037069	Q9VP53
FBgn0037070	Q9VP51
FBgn0037071	Q9VP50
FBgn0037073	Q9VP47
FBgn0037074	Q9VP46
FBgn0037076	Q9VP44
FBgn0037078	M9PD67
FBgn0037081	Q7K204
FBgn0037082	Q9VP36
FBgn0037084	Q7JY00
FBgn0037085	B6VQ99
FBgn0037086	Q9VP30
FBgn0037087	Q9VP29
FBgn0037090	Q9VP25
FBgn0037092	M9PGC0
FBgn0037093	Q9VP22
FBgn0037094	Q7K0L4
FBgn0037098	M9PGC5
FBgn0037099	Q9VP16
FBgn0037100	Q8ITC7
FBgn0037101	Q8T4A3
FBgn0037102	Q9VP13
FBgn0037105	Q9VP10
FBgn0037106	B5RJJ4
FBgn0037107	Q9VP08
FBgn0037108	Q9VP06
FBgn0037109	Q9VP05
FBgn0037110	Q9VP04
FBgn0037114	Q9VP00
FBgn0037115	Q9VNZ9
FBgn0037116	Q9VNZ8
FBgn0037117	Q9VNZ7
FBgn0037120	Q9VNZ4
FBgn0037121	Q9VNZ3
FBgn0037122	Q9VNZ2
FBgn0037123	Q9VNZ1
FBgn0037124	Q9VNZ0
FBgn0037125	Q9VNY9
FBgn0037126	Q9VNY8
FBgn0037127	Q9VNY7
FBgn0037128	Q9VNY6
FBgn0037129	Q9VNY5
FBgn0037130	Q9VNY2
FBgn0037131	Q9VNY3
FBgn0037133	Q9VNY1
FBgn0037134	Q9VNX9
FBgn0037135	Q9VNX8
FBgn0037137	M9PFZ1
FBgn0037138	Q9VNX4
FBgn0037139	Q9VNX3
FBgn0037140	Q9VNX2
FBgn0037141	Q9VNX1
FBgn0037142	Q9VNX0
FBgn0037144	Q9VNW8
FBgn0037146	Q9VNW6
FBgn0037147	Q9VNW4
FBgn0037149	Q9VNW2
FBgn0037150	Q9VNW1
FBgn0037151	Q9VNW0
FBgn0037153	Q6NP60
FBgn0037156	Q9VNV2
FBgn0037162	Q9VNU3
FBgn0037163	Q9VNU2
FBgn0037164	Q9VNU1
FBgn0037165	Q9VNU0
FBgn0037166	Q9VNT9
FBgn0037167	Q9VNT8
FBgn0037169	Q9VNT6
FBgn0037170	Q9VNT5
FBgn0037171	A0A0S0WP43
FBgn0037172	Q9VNT3
FBgn0037174	Q59E08
FBgn0037175	Q9VNS9
FBgn0037176	B7Z0A0
FBgn0037177	Q9VNS7
FBgn0037178	Q9VNS4
FBgn0037179	Q9VNS5
FBgn0037180	Q9VNS4
FBgn0037181	Q9VNS3
FBgn0037182	A8JNX0
FBgn0037183	Q9VNS1
FBgn0037184	Q9VNR9
FBgn0037185	Q9VNR8
FBgn0037186	A8E6R2
FBgn0037188	Q7KTU3
FBgn0037191	Q9VNR1
FBgn0037195	Q8T452
FBgn0037197	Q9VNQ5
FBgn0037199	Q9VNQ3
FBgn0037200	Q8IPS4
FBgn0037202	Q9VNP8
FBgn0037203	Q9VNP7
FBgn0037204	Q9VNP6
FBgn0037205	Q9VNP5
FBgn0037206	Q9VNP4
FBgn0037207	Q9VNP3
FBgn0037213	Q9VMY3
FBgn0037215	Q9VMY5
FBgn0037217	Q9VMY7
FBgn0037218	Q9VMY8
FBgn0037220	Q95RB1
FBgn0037222	Q9VMZ3
FBgn0037224	Q9VMZ5
FBgn0037225	Q9VMZ6
FBgn0037227	Q9VMZ8
FBgn0037228	Q9VMZ9
FBgn0037229	A8JQS3
FBgn0037230	Q9VN01
FBgn0037231	Q9VN02
FBgn0037232	Q9VN03
FBgn0037234	Q8IPM6
FBgn0037235	Q960K3
FBgn0037236	Q7YZ95
FBgn0037238	Q9VN12
FBgn0037239	Q9VN13
FBgn0037240	Q9VN14
FBgn0037241	Q9VN16
FBgn0037242	Q9VN18
FBgn0037244	B9A0N7
FBgn0037248	Q8IPM1
FBgn0037249	Q9VN25
FBgn0037250	Q960G1
FBgn0037251	Q9VN27
FBgn0037252	Q9VN28
FBgn0037254	Q9VN30
FBgn0037255	Q9VN31
FBgn0037260	Q9VN36
FBgn0037261	Q9VN39
FBgn0037262	Q8IH24
FBgn0037263	Q9VN41
FBgn0037265	Q9VN45
FBgn0037270	Q9VN50
FBgn0037275	Q9VN56
FBgn0037276	Q9VN57
FBgn0037279	Q7JZB4
FBgn0037280	Q9I7P3
FBgn0037282	Q9VN63
FBgn0037283	Q9VN64
FBgn0037284	Q9VN65
FBgn0037288	Q9VN71
FBgn0037290	Q9VN73
FBgn0037291	Q9VN74
FBgn0037292	Q9VN75
FBgn0037293	Q9VN77
FBgn0037294	Q9VN80
FBgn0037295	A0A0B4LGN7
FBgn0037296	Q8T915
FBgn0037297	A0A0C4DHA5
FBgn0037298	Q9VN86
FBgn0037299	Q9VN88
FBgn0037301	Q95U54
FBgn0037304	Q9VN94
FBgn0037305	Q9VN95
FBgn0037307	Q9VN97
FBgn0037310	Q9VNA0
FBgn0037312	Q9VNA3
FBgn0037313	Q9VNA4
FBgn0037315	Q9VNA6
FBgn0037317	Q59E05
FBgn0037320	Q9VNB1
FBgn0037322	Q9VNB3
FBgn0037323	Q8I099
FBgn0037324	Q9VNB5
FBgn0037325	Q7JWT4
FBgn0037326	Q9VNB7
FBgn0037327	Q9NIV1
FBgn0037328	Q9VNB9
FBgn0037329	Q8IPQ6
FBgn0037330	Q9VNC1
FBgn0037332	A0A0B4LGM5
FBgn0037336	Q9VNC9
FBgn0037338	Q9VND2
FBgn0037339	Q9VND3
FBgn0037340	Q9VND4
FBgn0037341	Q8IGV3
FBgn0037342	Q9VND7
FBgn0037344	Q9VNE0
FBgn0037345	Q9VNE1
FBgn0037347	Q9VNE3
FBgn0037350	Q9VNE8
FBgn0037351	Q9VNE9
FBgn0037354	Q9VNF3
FBgn0037356	Q9VNF5
FBgn0037358	Q9VNF9
FBgn0037359	Q9VNG0
FBgn0037360	Q9VNG1
FBgn0037363	Q7KTS2
FBgn0037364	Q9VNG6
FBgn0037365	Q9VNG7
FBgn0037368	Q9VNH1
FBgn0037369	Q9VNH2
FBgn0037370	Q8I725
FBgn0037371	Q8MSU4
FBgn0037372	Q9VNH5
FBgn0037374	Q7K1V5
FBgn0037375	Q4QPP5
FBgn0037376	Q0KIB3
FBgn0037377	Q9VNI3
FBgn0037378	Q9VNI4
FBgn0037379	Q9VNI5
FBgn0037382	Q9VNI8
FBgn0037383	Q9VNI9
FBgn0037384	Q9VNJ0
FBgn0037385	Q9I7P6
FBgn0037386	A8JQU1
FBgn0037387	Q7JVN6
FBgn0037388	Q9VNJ3
FBgn0037391	Q960F7
FBgn0037395	A0A0B4K600
FBgn0037396	Q9VNK6
FBgn0037398	Q9VNK8
FBgn0037399	Q9VNK9
FBgn0037402	Q9VNL3
FBgn0037405	Q9VNL6
FBgn0037406	Q9VNL8
FBgn0037408	Q9VNM1
FBgn0037409	Q9VNM2
FBgn0037410	Q9VNM3
FBgn0037411	Q9VNM4
FBgn0037412	A0A0B4KF52
FBgn0037413	Q9VNM6
FBgn0037414	Q9VNM7
FBgn0037415	Q9VNM8
FBgn0037416	Q9VNM9
FBgn0037418	Q9VNN1
FBgn0037419	Q9VNN2
FBgn0037420	Q9VNN3
FBgn0037421	Q8IPR5
FBgn0037422	Q9VNN5
FBgn0037424	Q9VNN7
FBgn0037427	A0A0B4KGL7
FBgn0037428	Q9VNP0
FBgn0037429	Q9VI06
FBgn0037430	Q9VI07
FBgn0037431	Q9I7L3
FBgn0037432	Q9VI08
FBgn0037433	Q9VI09
FBgn0037435	Q8SX24
FBgn0037436	Q9VI12
FBgn0037439	Q9VI15
FBgn0037440	Q9VI16
FBgn0037442	Q9VI20
FBgn0037443	E1JJ71
FBgn0037445	A0A0B4KGM5
FBgn0037446	Q9VI24
FBgn0037447	Q9VI25
FBgn0037448	A0A0B4K6A7
FBgn0037449	Q9VI27
FBgn0037454	Q9VI32
FBgn0037455	Q9VI33
FBgn0037456	Q9VI34
FBgn0037460	Q4V5H8
FBgn0037461	Q9VI39
FBgn0037462	Q9VI40
FBgn0037463	Q9VI51
FBgn0037464	Q86BB0
FBgn0037465	Q9VI53
FBgn0037466	Q9VI54
FBgn0037467	Q9VI55
FBgn0037468	Q9VI56
FBgn0037469	Q9VI57
FBgn0037470	Q9VI58
FBgn0037472	Q9VI64
FBgn0037473	Q9VI65
FBgn0037475	A0A0B4KFD8
FBgn0037477	Q9VI69
FBgn0037478	Q9VI70
FBgn0037481	Q9I7L4
FBgn0037482	Q9VI74
FBgn0037483	Q8T3W3
FBgn0037485	A0A1Z1CGZ4
FBgn0037486	Q9VI79
FBgn0037487	Q9VI80
FBgn0037488	Q9VI81
FBgn0037489	Q9VI82
FBgn0037490	Q9VI83
FBgn0037491	Q9VI84
FBgn0037492	Q9VI85
FBgn0037498	Q9VI96
FBgn0037500	Q9VI98
FBgn0037501	Q9VIA5
FBgn0037502	Q9VIA6
FBgn0037503	Q9VIA7
FBgn0037504	Q8STI6
FBgn0037506	Q9VIB2
FBgn0037512	Q9VI05
FBgn0037513	Q9VI04
FBgn0037514	Q9VI03
FBgn0037515	Q9V3Z2
FBgn0037516	Q9VI02
FBgn0037517	Q8SYU5
FBgn0037518	Q9VI00
FBgn0037519	Q9VHZ9
FBgn0037520	Q9VHZ8
FBgn0037521	A0A0B4KGD9
FBgn0037525	A8JQV3
FBgn0037526	Q8SXK2
FBgn0037529	Q8SXF0
FBgn0037530	Q9VHY6
FBgn0037531	Q9VHY2
FBgn0037533	A0A0B4KGE4
FBgn0037534	Q9VHX7
FBgn0037535	Q9VHX6
FBgn0037536	A0A0B4K6B9
FBgn0037537	Q9VHX4
FBgn0037538	Q9VHX2
FBgn0037539	Q9VHX1
FBgn0037540	Q9VHX0
FBgn0037541	A0A0B4KGF6
FBgn0037543	Q9VHW6
FBgn0037544	Q9VHW5
FBgn0037546	Q9VHW1
FBgn0037547	Q9VHW0
FBgn0037548	Q9VHV9
FBgn0037549	Q7K4L8
FBgn0037550	Q9VHV6
FBgn0037551	Q9VHV5
FBgn0037552	Q9VHV3
FBgn0037553	E1JJ89
FBgn0037554	Q9VHV1
FBgn0037555	Q8I8V0
FBgn0037556	Q95T08
FBgn0037561	Q9VHU1
FBgn0037562	Q9VHT9
FBgn0037563	Q9VHT8
FBgn0037565	Q9VHT6
FBgn0037566	Q9VHT5
FBgn0037569	Q9VHT2
FBgn0037570	A0A0B4K6X8
FBgn0037571	Q9VHT0
FBgn0037572	Q8MSM9
FBgn0037573	Q9VHS8
FBgn0037574	Q9VHS7
FBgn0037576	Q9VHS4
FBgn0037577	Q9VHS3
FBgn0037578	Q9VHS0
FBgn0037579	Q9VHR9
FBgn0037580	Q9VHR8
FBgn0037581	Q9VHR7
FBgn0037583	Q9VHR5
FBgn0037584	Q9VHR4
FBgn0037589	A0A1Z1CGZ7
FBgn0037590	Q9VHQ7
FBgn0037591	Q9VHQ6
FBgn0037592	Q9VHQ5
FBgn0037594	Q9VHQ2
FBgn0037601	Q9VHP4
FBgn0037602	Q9VHP3
FBgn0037603	Q9VHP1
FBgn0037606	Q9VHN8
FBgn0037607	Q9VHN7
FBgn0037608	Q9VHN6
FBgn0037609	Q9VHN5
FBgn0037610	Q9VHN4
FBgn0037611	Q9VHN3
FBgn0037612	Q8MYW9
FBgn0037613	Q9VHN1
FBgn0037614	Q9VHN0
FBgn0037615	Q8INQ3
FBgn0037616	Q9VHM8
FBgn0037617	Q9VHM7
FBgn0037618	Q9VHM6
FBgn0037619	Q9VHM5
FBgn0037620	Q9VHM4
FBgn0037621	Q9VHM3
FBgn0037622	Q9VHM2
FBgn0037623	Q0KIA2
FBgn0037624	Q9I7K6
FBgn0037625	Q9VHM0
FBgn0037626	Q9VHL9
FBgn0037627	Q8SZ60
FBgn0037630	Q9VHL4
FBgn0037632	Q9VHL2
FBgn0037633	Q9VHL1
FBgn0037634	Q9VHL0
FBgn0037635	Q9VHK9
FBgn0037637	Q9VHK6
FBgn0037638	Q7KSU3
FBgn0037643	Q95U38
FBgn0037644	Q9VHJ7
FBgn0037646	Q9VHJ5
FBgn0037647	Q9VHJ4
FBgn0037648	Q9VHJ2
FBgn0037650	Q9VHJ0
FBgn0037652	Q8INP9
FBgn0037653	Q9VHI7
FBgn0037654	Q9VHI6
FBgn0037655	Q95RX5
FBgn0037656	Q9VHI3
FBgn0037657	Q9VHI1
FBgn0037659	Q9VHH9
FBgn0037660	Q9VHH8
FBgn0037661	Q9VHH7
FBgn0037662	Q9VHH5
FBgn0037664	Q9VHH1
FBgn0037665	Q9VHH0
FBgn0037667	Q9VHG8
FBgn0037668	Q9VHG7
FBgn0037669	Q9VHG6
FBgn0037670	Q9VHG5
FBgn0037671	Q9VHG4
FBgn0037672	Q9VHG3
FBgn0037675	Q9VHG0
FBgn0037676	Q9VHF9
FBgn0037677	Q9VHF8
FBgn0037678	Q9VHF7
FBgn0037679	Q9VHF6
FBgn0037680	Q9VHF5
FBgn0037683	Q9VHF2
FBgn0037684	Q9VHF0
FBgn0037685	Q9VHE6
FBgn0037686	Q9VHE5
FBgn0037687	Q9VHE4
FBgn0037688	Q9VHE3
FBgn0037689	Q8MRQ4
FBgn0037690	Q9VHE0
FBgn0037696	Q9VHD3
FBgn0037697	Q9VHD2
FBgn0037698	Q9VHD1
FBgn0037700	Q9VHC8
FBgn0037702	Q6AWD5
FBgn0037703	Q9VHC5
FBgn0037705	Q9VHC2
FBgn0037707	Q9VHC0
FBgn0037708	Q9VHB9
FBgn0037709	Q9VHB8
FBgn0037710	Q9VHB6
FBgn0037712	Q9VHB4
FBgn0037713	Q9VHB3
FBgn0037714	Q9VHB2
FBgn0037715	Q9VHB1
FBgn0037716	Q9VHB0
FBgn0037717	Q9VHA9
FBgn0037718	Q9VHA8
FBgn0037719	Q709R6
FBgn0037720	Q9VHA6
FBgn0037721	Q9VHA5
FBgn0037722	Q9VHA4
FBgn0037723	Q9VHA1
FBgn0037724	Q9VH99
FBgn0037727	Q9VH96
FBgn0037728	Q9VH95
FBgn0037730	Q9VH93
FBgn0037731	Q9I7K4
FBgn0037734	Q9VH90
FBgn0037736	Q9VH85
FBgn0037737	A8JQW3
FBgn0037739	Q9VH82
FBgn0037741	Q9VH80
FBgn0037742	Q9VH79
FBgn0037743	Q9VH78
FBgn0037746	E1JIH4
FBgn0037747	Q59DX8
FBgn0037749	Q9VH72
FBgn0037750	Q0KI93
FBgn0037751	Q9VH70
FBgn0037753	A8JQW5
FBgn0037754	Q9VH66
FBgn0037755	Q9VH65
FBgn0037756	Q9VH64
FBgn0037757	Q9VH63
FBgn0037758	A0A6H2EG81
FBgn0037759	Q9VH61
FBgn0037760	Q9VH60
FBgn0037761	Q9VH59
FBgn0037762	Q9VH58
FBgn0037763	Q9VH57
FBgn0037764	Q4V3H4
FBgn0037765	Q9VH55
FBgn0037766	A0A0B4KGN9
FBgn0037770	Q9VH48
FBgn0037772	Q9VH46
FBgn0037773	Q9VH45
FBgn0037777	Q9VH39
FBgn0037778	Q9VH38
FBgn0037779	Q9VH37
FBgn0037780	Q9VH36
FBgn0037781	Q8T913
FBgn0037782	Q9VH32
FBgn0037783	Q9VH31
FBgn0037786	Q9VH28
FBgn0037788	Q9VH26
FBgn0037792	Q9VH20
FBgn0037794	Q9VH18
FBgn0037796	A0A0B4KFK4
FBgn0037797	Q9VH13
FBgn0037798	Q0KI91
FBgn0037801	Q9VH09
FBgn0037802	Q9VH08
FBgn0037807	Q9VH02
FBgn0037809	Q9VH00
FBgn0037810	Q8INM3
FBgn0037811	Q9VGZ8
FBgn0037812	V9HVU8
FBgn0037814	Q9VGZ4
FBgn0037815	Q9VGZ2
FBgn0037816	Q9VGZ1
FBgn0037817	Q9VGZ0
FBgn0037818	Q9I7K3
FBgn0037819	Q9VGY8
FBgn0037822	Q9VGY5
FBgn0037824	Q9VGY3
FBgn0037826	Q9VGY1
FBgn0037827	Q9VGY0
FBgn0037828	Q9VGX9
FBgn0037829	Q9VGX7
FBgn0037831	Q8INL2
FBgn0037832	Q9VGX0
FBgn0037834	Q9VGW7
FBgn0037835	Q9VGW5
FBgn0037836	Q9VGW4
FBgn0037837	A0A0B4KGS5
FBgn0037838	Q9VGW2
FBgn0037841	Q9VGW0
FBgn0037842	Q9VGV9
FBgn0037843	Q9VGV8
FBgn0037844	Q9VGV7
FBgn0037845	Q9VGV6
FBgn0037846	Q9VGV5
FBgn0037848	A0A0B4KFQ5
FBgn0037849	Q9VGV1
FBgn0037850	Q9VGV0
FBgn0037852	Q7K0L7
FBgn0037853	Q9VGU7
FBgn0037855	Q9VGU5
FBgn0037856	Q9VGU4
FBgn0037857	Q9VGU3
FBgn0037860	Q9VGT9
FBgn0037862	Q8T4D6
FBgn0037870	Q9VGS6
FBgn0037873	Q9VGS3
FBgn0037874	Q9VGS2
FBgn0037875	Q9VGS1
FBgn0037876	A8JQX6
FBgn0037877	Q9VGR8
FBgn0037878	Q9VGR7
FBgn0037879	Q8T3W8
FBgn0037880	Q9VGR2
FBgn0037881	Q9VGR1
FBgn0037882	Q9VGR0
FBgn0037883	Q9VGQ9
FBgn0037884	Q9VGQ8
FBgn0037885	A0A0B4K658
FBgn0037888	Q8T3W8
FBgn0037889	Q9VGQ3
FBgn0037890	A0A0B4K6E6
FBgn0037891	Q9VGQ1
FBgn0037892	Q9VGP7
FBgn0037894	Q9VGP4
FBgn0037895	Q9VGP3
FBgn0037896	Q9VGP2
FBgn0037897	Q9VGP1
FBgn0037898	Q9VGP0
FBgn0037899	Q9VGN9
FBgn0037900	Q9VGN8
FBgn0037901	Q9VGN7
FBgn0037902	Q9VGN6
FBgn0037906	Q8INK6
FBgn0037908	Q961T8
FBgn0037910	Q9VGM5
FBgn0037911	Q9VGM4
FBgn0037912	Q7KSQ0
FBgn0037913	Q8INK3
FBgn0037915	Q9VGM0
FBgn0037916	Q9VGL9
FBgn0037917	Q9VGL8
FBgn0037918	Q8T007
FBgn0037920	Q7KSP9
FBgn0037921	Q7YZ91
FBgn0037922	Q9VGL2
FBgn0037923	E1JII8
FBgn0037924	Q9VGL0
FBgn0037926	Q9VGK7
FBgn0037930	Q9VGK3
FBgn0037931	Q9VGK1
FBgn0037933	Q9VGJ9
FBgn0037934	Q9VGJ8
FBgn0037935	Q9VGJ7
FBgn0037936	Q9VGJ6
FBgn0037937	Q9VGJ5
FBgn0037939	Q9VGJ3
FBgn0037940	Q9VGJ1
FBgn0037941	Q9VGJ0
FBgn0037942	Q8T4A5
FBgn0037943	Q8T088
FBgn0037944	A0A0B4KFN6
FBgn0037949	Q9VGI1
FBgn0037950	Q9VGI0
FBgn0037955	Q8SXC2
FBgn0037956	Q9VGH2
FBgn0037958	Q9VGH0
FBgn0037960	Q9VGG8
FBgn0037962	Q9VGG6
FBgn0037963	Q9VGG5
FBgn0037964	Q9VGG4
FBgn0037970	Q8INJ3
FBgn0037972	Q8MYX4
FBgn0037973	Q9VGF3
FBgn0037974	Q9VGF2
FBgn0037975	Q9VGF1
FBgn0037976	Q9VGE8
FBgn0037978	Q9VGE5
FBgn0037979	Q9VGE4
FBgn0037980	Q9VGE3
FBgn0037981	Q9VGE2
FBgn0037985	Q9VGD8
FBgn0037986	Q9VGD7
FBgn0037987	Q9VGD6
FBgn0037988	Q95TZ4
FBgn0037989	Q9VGD4
FBgn0037992	A0A0B4K6G0
FBgn0037993	Q9VGD0
FBgn0037994	Q9VGC7
FBgn0037995	Q8T3U8
FBgn0037996	Q9VGC5
FBgn0037997	A0A0B4K759
FBgn0037998	Q9VGC3
FBgn0037999	Q9VGC2
FBgn0038000	Q9VGC1
FBgn0038001	Q9VGC0
FBgn0038002	Q9VGB9
FBgn0038003	Q9VGB8
FBgn0038005	Q9VGB5
FBgn0038006	Q9VGB4
FBgn0038007	Q9VGB3
FBgn0038008	Q9VGB2
FBgn0038009	Q9VGB1
FBgn0038011	Q9VGA8
FBgn0038012	Q9VGA7
FBgn0038013	Q95RN0
FBgn0038014	Q9VGA5
FBgn0038016	Q9VGA4
FBgn0038017	Q9VGA3
FBgn0038018	Q9VGA2
FBgn0038020	Q9VGA0
FBgn0038028	Q9VG91
FBgn0038029	B7Z0S9
FBgn0038032	Q9VG87
FBgn0038033	Q9VG86
FBgn0038034	A0A2U8U1P3
FBgn0038037	Q9VG82
FBgn0038038	Q9VG81
FBgn0038039	Q9VG80
FBgn0038042	Q9VG77
FBgn0038043	Q9VG76
FBgn0038045	Q9VG74
FBgn0038046	Q9VG73
FBgn0038047	Q9VG72
FBgn0038049	Q9VG69
FBgn0038051	Q7KSM4
FBgn0038053	Q9VG64
FBgn0038054	Q9VG63
FBgn0038055	Q9VG62
FBgn0038056	Q9VG61
FBgn0038057	Q9VG60
FBgn0038058	Q9VG59
FBgn0038063	Q4LBB9
FBgn0038065	Q9VG51
FBgn0038067	Q0KI77
FBgn0038068	Q9VG48
FBgn0038069	Q9VG47
FBgn0038070	Q9VG46
FBgn0038071	Q9VG45
FBgn0038072	Q9VG44
FBgn0038073	Q9VG43
FBgn0038074	Q9VG42
FBgn0038076	Q9VG40
FBgn0038078	Q9VG36
FBgn0038079	A8JQY7
FBgn0038080	Q9VG33
FBgn0038082	Q9VG30
FBgn0038083	Q9VG29
FBgn0038084	Q9VG28
FBgn0038087	Q9VG24
FBgn0038088	Q86PF4
FBgn0038089	Q9VG22
FBgn0038090	Q9VG21
FBgn0038092	Q9VG19
FBgn0038095	Q9VG17
FBgn0038097	Q8INI2
FBgn0038098	Q9VG15
FBgn0038099	Q9VG14
FBgn0038100	Q9VG13
FBgn0038102	Q9VG11
FBgn0038105	Q9VG08
FBgn0038106	Q9VG07
FBgn0038107	Q9VG06
FBgn0038108	Q9VG05
FBgn0038109	Q9VG03
FBgn0038110	Q9VG04
FBgn0038113	Q8MS90
FBgn0038114	A0A6F7RXE0
FBgn0038115	Q9VFZ4
FBgn0038118	Q8INH7
FBgn0038122	Q9VFY6
FBgn0038123	Q9VFY5
FBgn0038124	Q9VFY4
FBgn0038125	Q9VFY3
FBgn0038126	Q9VFY2
FBgn0038127	Q9VFY1
FBgn0038128	Q9VFX8
FBgn0038129	Q9VFX6
FBgn0038130	Q9VFX5
FBgn0038131	Q9VFX4
FBgn0038132	Q9VFX3
FBgn0038133	Q9VFX2
FBgn0038134	Q9VFX1
FBgn0038135	Q9VFX0
FBgn0038136	Q9VFW9
FBgn0038139	Q9VFW6
FBgn0038140	Q9VFW5
FBgn0038142	Q9VFW3
FBgn0038143	A0A0B4KFY8
FBgn0038144	Q9VFW0
FBgn0038145	Q9VFV9
FBgn0038146	Q9VFV8
FBgn0038147	Q8SXL2
FBgn0038148	Q9VFV5
FBgn0038149	Q95RA9
FBgn0038150	Q9VFV3
FBgn0038151	Q9VFV2
FBgn0038153	Q9VFV0
FBgn0038156	Q9VFU7
FBgn0038157	Q9VFU4
FBgn0038158	Q9VFU3
FBgn0038159	Q9VFU2
FBgn0038160	Q9VFU1
FBgn0038161	Q9VFT9
FBgn0038163	Q9VFT7
FBgn0038165	Q9VFS9
FBgn0038166	Q9VFS8
FBgn0038167	Q8T9L5
FBgn0038168	Q9VFS6
FBgn0038170	Q9VFS4
FBgn0038172	Q9VFS1
FBgn0038173	Q9VFS0
FBgn0038179	Q9VFR4
FBgn0038180	Q9VFR3
FBgn0038181	Q8I0D4
FBgn0038183	Q9VFR0
FBgn0038186	Q9VFQ4
FBgn0038188	Q9VFP9
FBgn0038189	Q9VFP8
FBgn0038190	Q9VFP7
FBgn0038191	Q9VFP5
FBgn0038194	Q9VFP1
FBgn0038195	Q9VFP0
FBgn0038196	Q9VFN9
FBgn0038197	Q95V55
FBgn0038198	Q9VFN7
FBgn0038199	Q4V4I9
FBgn0038200	Q9VFN5
FBgn0038201	Q8ITC9
FBgn0038202	A0A126GUT7
FBgn0038203	Q9VFN2
FBgn0038204	Q9VFN1
FBgn0038205	Q7KSK2
FBgn0038206	Q9VFM9
FBgn0038207	Q9VFM6
FBgn0038208	Q9VFM5
FBgn0038209	Q9VFM3
FBgn0038210	Q9VFM2
FBgn0038211	Q9VFM0
FBgn0038213	Q9VFL8
FBgn0038214	Q9VFL7
FBgn0038217	Q9VFL4
FBgn0038218	Q9VFL3
FBgn0038219	Q9VFL2
FBgn0038221	Q9VFL0
FBgn0038223	A0A4D6K2J4
FBgn0038224	O77134
FBgn0038225	Q9VFK3
FBgn0038233	Q9VFJ3
FBgn0038234	Q9VFJ2
FBgn0038235	Q9VFJ1
FBgn0038236	Q9VFJ0
FBgn0038237	Q9VFI9
FBgn0038238	Q4V5L4
FBgn0038239	Q9VFI7
FBgn0038240	Q9VFI6
FBgn0038241	Q9VFI5
FBgn0038242	Q9VFI4
FBgn0038243	Q9VFI3
FBgn0038244	Q29R10
FBgn0038246	Q9VFH8
FBgn0038247	Q9VFH5
FBgn0038248	Q9VFH6
FBgn0038250	Q8SX54
FBgn0038251	Q8INF6
FBgn0038252	Q8MSC4
FBgn0038256	Q9VFG7
FBgn0038257	H8F4T3
FBgn0038258	Q9VFG4
FBgn0038260	Q9VFG2
FBgn0038261	Q9VFG1
FBgn0038262	Q9VFG0
FBgn0038266	Q9VFF6
FBgn0038268	Q95T10
FBgn0038269	Q9VFF3
FBgn0038271	Q9VFF0
FBgn0038272	Q9VFE9
FBgn0038273	Q9VFE8
FBgn0038274	Q9VFE7
FBgn0038275	Q9VFE6
FBgn0038277	Q9VFE4
FBgn0038279	Q9VFE2
FBgn0038280	Q9VFE1
FBgn0038281	Q9VFE0
FBgn0038282	Q9VFD9
FBgn0038285	Q9VFD6
FBgn0038286	Q9VFD5
FBgn0038290	Q9VFD1
FBgn0038291	Q9VFD0
FBgn0038292	Q9VFC9
FBgn0038294	Q9VFC7
FBgn0038295	Q8INF0
FBgn0038296	Q9VFC4
FBgn0038299	Q9VFC1
FBgn0038300	Q9VFC0
FBgn0038301	Q9VFB9
FBgn0038302	Q8MRT7
FBgn0038303	Q9VFB7
FBgn0038304	Q9VFB6
FBgn0038306	Q9VFB3
FBgn0038307	Q9VFB2
FBgn0038309	Q9VFA9
FBgn0038311	Q9VFA3
FBgn0038312	Q9VFA2
FBgn0038313	Q9VFA0
FBgn0038315	B7Z0K3
FBgn0038316	Q9VF93
FBgn0038318	Q9VF91
FBgn0038319	Q9VF89
FBgn0038320	Q9VF87
FBgn0038321	Q9VF86
FBgn0038324	Q9VF81
FBgn0038325	Q9VF80
FBgn0038326	Q86BP1
FBgn0038327	Q9VF77
FBgn0038330	Q9VF72
FBgn0038331	Q9VF70
FBgn0038332	Q9VF71
FBgn0038334	Q9VF68
FBgn0038337	Q9VF65
FBgn0038339	A8JR16
FBgn0038342	Q9VF59
FBgn0038343	Q4V645
FBgn0038344	Q9VF56
FBgn0038345	Q9VF55
FBgn0038348	Q8IND5
FBgn0038349	Q9VF51
FBgn0038350	Q9VF50
FBgn0038353	Q9VF46
FBgn0038354	Q9VF45
FBgn0038355	Q9VF44
FBgn0038356	Q9VF43
FBgn0038357	Q8T485
FBgn0038358	Q9VF41
FBgn0038359	Q9VF40
FBgn0038360	Q9VF39
FBgn0038361	Q9VF38
FBgn0038363	Q9VF36
FBgn0038365	Q9VF34
FBgn0038366	Q9VF31
FBgn0038369	Q9VF28
FBgn0038371	Q9VF25
FBgn0038373	Q9VF23
FBgn0038376	Q9VF20
FBgn0038377	Q9VF18
FBgn0038380	Q9VF16
FBgn0038381	Q9VF14
FBgn0038385	Q9VF10
FBgn0038386	Q9VF09
FBgn0038387	Q9VF08
FBgn0038388	Q9VF06
FBgn0038389	Q9VF05
FBgn0038390	Q9VF04
FBgn0038391	Q9VF00
FBgn0038394	Q9VEZ7
FBgn0038395	A0A126GUV0
FBgn0038396	Q9VEZ4
FBgn0038397	Q9VEZ2
FBgn0038398	Q9VEY9
FBgn0038400	Q9VEY5
FBgn0038401	Q9VEY4
FBgn0038402	A0A0B4LH78
FBgn0038404	Q9VEY1
FBgn0038405	Q9VEY0
FBgn0038407	Q961R9
FBgn0038412	Q9VEX1
FBgn0038414	Q9VEW9
FBgn0038415	Q9VEW8
FBgn0038416	Q9VEW7
FBgn0038418	Q9VEW6
FBgn0038419	Q9VEW5
FBgn0038420	Q9VEW3
FBgn0038421	Q9VEW2
FBgn0038422	Q9VEW1
FBgn0038423	Q9VEW0
FBgn0038424	Q9VEV7
FBgn0038425	Q9VEV6
FBgn0038426	Q9VEV5
FBgn0038427	Q9VEV4
FBgn0038428	Q9VEV3
FBgn0038429	Q9VEV2
FBgn0038431	Q4V5J3
FBgn0038432	Q9VEU9
FBgn0038435	Q9VEU6
FBgn0038436	Q9VEU5
FBgn0038437	Q8SZ16
FBgn0038438	Q9VEU2
FBgn0038439	Q9VEU1
FBgn0038440	Q9VEU0
FBgn0038445	Q9VET4
FBgn0038446	Q9VET3
FBgn0038447	Q9VET2
FBgn0038448	A0A0B4KHM5
FBgn0038449	Q9VES7
FBgn0038450	Q9VES6
FBgn0038451	Q9VES5
FBgn0038452	Q9VES4
FBgn0038453	Q9VES1
FBgn0038454	Q9VES0
FBgn0038455	Q9VER7
FBgn0038458	Q9VEQ6
FBgn0038460	Q9VEQ3
FBgn0038461	Q9VEQ2
FBgn0038462	Q9VEQ1
FBgn0038463	Q9VEQ0
FBgn0038465	Q9VEP8
FBgn0038466	H9ZYQ1
FBgn0038467	Q9VEP6
FBgn0038468	Q9VEP4
FBgn0038469	Q9VEP3
FBgn0038470	Q9VEP2
FBgn0038471	Q9VEP1
FBgn0038472	Q9VEP0
FBgn0038473	Q8MT06
FBgn0038474	Q9VEN6
FBgn0038475	Q7KSF5
FBgn0038476	Q8SX89
FBgn0038478	Q9VEN2
FBgn0038479	Q9VEN0
FBgn0038481	Q9VEM8
FBgn0038482	Q9VEM7
FBgn0038484	Q9VEM6
FBgn0038485	Q9VEM5
FBgn0038486	Q9VEM4
FBgn0038487	Q8IH13
FBgn0038488	Q9I7J2
FBgn0038490	Q9VEM1
FBgn0038491	Q9VEM0
FBgn0038492	A0A0B4KG53
FBgn0038494	Q9VEL7
FBgn0038498	Q9BMG9
FBgn0038499	Q9VEL2
FBgn0038504	Q9VEK6
FBgn0038505	Q9VEK5
FBgn0038506	Q9VEK4
FBgn0038507	Q9VEK3
FBgn0038508	Q9VEK2
FBgn0038509	Q9VEK1
FBgn0038510	A8JR34
FBgn0038511	Q9VEJ9
FBgn0038512	Q9VEJ7
FBgn0038515	Q9VEJ4
FBgn0038516	Q9VEJ3
FBgn0038519	Q9VEJ0
FBgn0038523	Q9VEI6
FBgn0038524	Q9VEI3
FBgn0038525	Q9VEI2
FBgn0038526	Q9VEH9
FBgn0038527	Q9VEH8
FBgn0038528	Q9VEH7
FBgn0038529	Q9VEH6
FBgn0038530	Q9VEH5
FBgn0038531	Q9VEH4
FBgn0038532	A0A0B4KHA8
FBgn0038533	Q9VEH2
FBgn0038535	Q960Y8
FBgn0038536	Q9VEG9
FBgn0038539	Q9VEG5
FBgn0038540	Q9VEG3
FBgn0038541	Q9VEG2
FBgn0038542	Q9VEG1
FBgn0038545	Q9VEF6
FBgn0038546	Q9VEF5
FBgn0038547	Q9VEF4
FBgn0038548	Q9VEF3
FBgn0038549	Q8SX40
FBgn0038550	Q9VEF1
FBgn0038551	Q9VEF0
FBgn0038552	Q9VEE9
FBgn0038558	Q9VEE3
FBgn0038564	Q9VED7
FBgn0038565	Q9VED6
FBgn0038566	Q9VED4
FBgn0038567	Q9VED2
FBgn0038568	Q9VED1
FBgn0038569	Q9VED0
FBgn0038570	Q960M4
FBgn0038571	Q9VEC8
FBgn0038575	Q9VEC4
FBgn0038576	Q9VEC3
FBgn0038577	Q9VEC2
FBgn0038578	Q9VEC1
FBgn0038579	Q9VEC0
FBgn0038581	Q9VEB7
FBgn0038582	Q9VEB5
FBgn0038583	Q9VEB6
FBgn0038584	Q9VEB4
FBgn0038585	Q9VEB3
FBgn0038586	Q9VEB2
FBgn0038588	Q9VEA9
FBgn0038589	Q9VEA7
FBgn0038590	Q9VEA6
FBgn0038592	Q9VEA3
FBgn0038593	Q9VEA2
FBgn0038595	Q9VEA0
FBgn0038596	Q9VE99
FBgn0038597	Q9VE98
FBgn0038598	Q9VE97
FBgn0038601	Q9VE94
FBgn0038602	Q9VE92
FBgn0038603	A0A0B4KHC3
FBgn0038606	A0A0B4LIC4
FBgn0038607	Q9VE87
FBgn0038608	Q9VE86
FBgn0038609	Q9VE85
FBgn0038610	Q9VE80
FBgn0038611	Q9VE79
FBgn0038612	Q9VE78
FBgn0038613	Q9VE77
FBgn0038617	Q9VE73
FBgn0038619	Q9VE71
FBgn0038621	Q9VE68
FBgn0038626	Q9VE63
FBgn0038627	Q9VE61
FBgn0038629	Q9VE59
FBgn0038630	Q9VE58
FBgn0038631	Q9VE57
FBgn0038632	Q9VE56
FBgn0038638	Q9VE49
FBgn0038640	E2QCZ5
FBgn0038641	Q9VE46
FBgn0038642	Q9VE45
FBgn0038643	Q59DW1
FBgn0038645	Q9VE40
FBgn0038646	Q9VE39
FBgn0038647	Q9VE38
FBgn0038649	Q8SYL0
FBgn0038651	Q9VE34
FBgn0038652	Q7K3Q2
FBgn0038653	A0A0B4KHD0
FBgn0038654	Q9VE31
FBgn0038655	Q9VE30
FBgn0038656	Q8T975
FBgn0038658	Q9VE26
FBgn0038659	Q8T390
FBgn0038660	Q9VE24
FBgn0038662	Q7KSC4
FBgn0038665	A0A0B4K7H3
FBgn0038666	Q9VE18
FBgn0038672	Q9VE12
FBgn0038673	Q9VE11
FBgn0038674	Q9VE10
FBgn0038675	Q9VE08
FBgn0038676	Q9VE07
FBgn0038678	Q9VE04
FBgn0038679	Q9VE02
FBgn0038680	Q9VE01
FBgn0038681	Q9VE00
FBgn0038682	Q9VDZ9
FBgn0038683	Q9VDZ7
FBgn0038685	Q9VDZ2
FBgn0038686	A0A0B4KHR2
FBgn0038690	Q9V3Q7
FBgn0038691	Q9VDY7
FBgn0038692	Q9VDY6
FBgn0038693	Q9VDY5
FBgn0038694	Q9VDY4
FBgn0038695	Q9VDY3
FBgn0038697	Q9VDY0
FBgn0038700	Q8SXS7
FBgn0038701	Q9VDX6
FBgn0038702	Q9VDX5
FBgn0038704	Q8MSG8
FBgn0038705	A0A6H2EEF7
FBgn0038706	Q9VDW9
FBgn0038708	Q9VDW7
FBgn0038709	Q9VDW5
FBgn0038714	Q4V480
FBgn0038715	Q9VDW0
FBgn0038716	Q9VDV9
FBgn0038717	Q9VDV8
FBgn0038718	Q9VDV7
FBgn0038719	Q9VDV6
FBgn0038720	Q9VDV5
FBgn0038721	A0A0B4JCY1
FBgn0038722	Q9VDV3
FBgn0038723	Q9VDV2
FBgn0038725	A0A0C4FEI3
FBgn0038727	Q9VDU8
FBgn0038730	Q9VDU4
FBgn0038731	Q9VDU3
FBgn0038732	Q9VDU2
FBgn0038733	Q9VDU1
FBgn0038734	Q9VDU0
FBgn0038735	A0A0B4KHF1
FBgn0038737	Q9VDT6
FBgn0038738	Q9VDT5
FBgn0038739	Q9VDT4
FBgn0038740	A0A0B4KGI0
FBgn0038741	Q9VDT2
FBgn0038742	Q9VDT1
FBgn0038744	Q9I7J1
FBgn0038745	A0A0B4LID7
FBgn0038746	Q9VDS6
FBgn0038747	Q9VDS5
FBgn0038749	Q9VDS3
FBgn0038750	Q9VDS2
FBgn0038751	Q9VDS1
FBgn0038752	Q9VDS0
FBgn0038753	Q9VDR9
FBgn0038755	Q9VDR6
FBgn0038756	Q9VDR5
FBgn0038760	Q9VDR1
FBgn0038761	A0A0B4K7I7
FBgn0038763	A0A0B4K6Q5
FBgn0038765	Q9VDQ6
FBgn0038766	Q9VDQ5
FBgn0038767	Q9VDQ4
FBgn0038768	Q9VDQ3
FBgn0038769	Q8T0D9
FBgn0038771	Q7KSB5
FBgn0038772	Q9VDP8
FBgn0038773	Q9VDP7
FBgn0038774	Q9I7J0
FBgn0038775	Q9VDP6
FBgn0038783	Q7KSB4
FBgn0038784	Q9VDN6
FBgn0038787	Q9VDN4
FBgn0038788	Q9I7I7
FBgn0038789	Q9VDN3
FBgn0038790	Q9VDN2
FBgn0038795	Q9VDM7
FBgn0038796	Q9VDM6
FBgn0038797	Q9VDM3
FBgn0038798	Q9VDM1
FBgn0038799	Q7K2N3
FBgn0038803	Q9I7I6
FBgn0038804	Q9VDL4
FBgn0038805	Q86BR8
FBgn0038806	Q9VDL1
FBgn0038808	Q9VDL0
FBgn0038809	Q9VDK9
FBgn0038810	Q9VDK7
FBgn0038811	E1JIR1
FBgn0038814	A0A0B4KGJ7
FBgn0038815	Q9VDK2
FBgn0038816	A0A0B4KHT3
FBgn0038818	Q8T062
FBgn0038819	Q9VDJ8
FBgn0038820	Q9VDJ7
FBgn0038821	Q9VDJ3
FBgn0038826	A0A0B4KHI4
FBgn0038827	Q8MYL1
FBgn0038828	Q9VDI6
FBgn0038829	Q9VDI5
FBgn0038830	Q9VDI3
FBgn0038832	Q8SY05
FBgn0038833	Q9VDH9
FBgn0038834	Q9VDH8
FBgn0038837	Q9VDH5
FBgn0038838	Q9VDH4
FBgn0038839	Q9VDH3
FBgn0038840	A0A0B4KHJ0
FBgn0038842	A8JR58
FBgn0038845	Q9VDG4
FBgn0038846	Q9VDG3
FBgn0038847	Q9VDF9
FBgn0038849	Q9VDF7
FBgn0038850	Q9VDF6
FBgn0038851	Q9VDF1
FBgn0038852	Q9VDF0
FBgn0038853	Q9VDE9
FBgn0038854	Q9VDE8
FBgn0038855	Q95RC5
FBgn0038857	Q9VDE4
FBgn0038858	Q9VDE2
FBgn0038859	Q9VDE1
FBgn0038860	Q8SZZ8
FBgn0038861	Q9VDD9
FBgn0038862	Q9VDD8
FBgn0038865	Q9VDD5
FBgn0038866	Q9VDD4
FBgn0038868	Q9VDD1
FBgn0038869	Q9VDD0
FBgn0038870	Q9VDC9
FBgn0038871	Q9VDC8
FBgn0038872	Q86NP2
FBgn0038873	Q9VDC5
FBgn0038874	Q9VDC4
FBgn0038876	Q9VDC2
FBgn0038877	Q9VDC1
FBgn0038878	Q9VDC0
FBgn0038879	Q9VDB8
FBgn0038880	Q8IN35
FBgn0038881	Q9VDB7
FBgn0038886	Q9VDA5
FBgn0038887	Q4V551
FBgn0038888	Q9VDA3
FBgn0038889	Q9VDA0
FBgn0038890	Q0KI33
FBgn0038892	Q8T3R9
FBgn0038894	Q9VD91
FBgn0038897	Q9VD87
FBgn0038901	Q9VD83
FBgn0038902	Q9VD82
FBgn0038903	Q9VD81
FBgn0038909	Q9VD71
FBgn0038912	Q9VD68
FBgn0038914	Q9VD66
FBgn0038915	Q9VD65
FBgn0038916	Q9VD64
FBgn0038917	Q9VD63
FBgn0038918	Q9VD62
FBgn0038919	Q9VD61
FBgn0038921	Q9VD59
FBgn0038922	Q9VD58
FBgn0038923	Q8MS27
FBgn0038924	Q95SI7
FBgn0038925	Q9VD55
FBgn0038926	Q9VD53
FBgn0038927	Q9VD52
FBgn0038928	Q9V3B4
FBgn0038929	Q9VD50
FBgn0038930	Q9VD49
FBgn0038931	Q9VD47
FBgn0038934	Q9VD44
FBgn0038938	Q9VD40
FBgn0038941	Q9VD35
FBgn0038942	Q9VD34
FBgn0038943	Q9VD33
FBgn0038944	Q9VD32
FBgn0038945	Q9VD31
FBgn0038946	Q9VD30
FBgn0038947	Q9VD29
FBgn0038948	Q9VD28
FBgn0038950	Q9VD26
FBgn0038951	Q9VD25
FBgn0038952	Q9VD23
FBgn0038953	Q9VD22
FBgn0038956	Q4V4S9
FBgn0038957	Q8T8W6
FBgn0038958	Q9VD17
FBgn0038959	Q9VD16
FBgn0038960	Q9VD15
FBgn0038961	Q9VD14
FBgn0038964	Q95WY3
FBgn0038965	Q95RA8
FBgn0038966	Q9VD09
FBgn0038967	Q9VD08
FBgn0038968	Q9VD07
FBgn0038972	Q9VD02
FBgn0038973	Q9VD01
FBgn0038974	Q9VD00
FBgn0038975	Q3KN41
FBgn0038976	Q9VCZ8
FBgn0038977	Q9VCZ7
FBgn0038978	Q9VCZ5
FBgn0038979	E1JIT5
FBgn0038980	Q9VCZ3
FBgn0038981	Q9VCZ2
FBgn0038983	Q9VCZ0
FBgn0038984	Q9VCY8
FBgn0038986	Q9VCY6
FBgn0038989	Q9VCY1
FBgn0038993	Q9VCX6
FBgn0039002	Q9VCW5
FBgn0039003	Q8IMZ9
FBgn0039004	Q9VCW3
FBgn0039006	Q9VCW1
FBgn0039007	Q9VCW0
FBgn0039008	A0A126GV06
FBgn0039009	Q9VCV8
FBgn0039010	Q9VCV7
FBgn0039013	Q9VCV3
FBgn0039015	Q9VCV0
FBgn0039016	Q9VCU9
FBgn0039017	Q9VCU8
FBgn0039019	Q9VCU6
FBgn0039020	Q9VCU5
FBgn0039022	Q9VCU3
FBgn0039023	Q9VCU2
FBgn0039024	Q9VCU1
FBgn0039025	Q9VCT9
FBgn0039026	Q86B80
FBgn0039027	Q9VCT7
FBgn0039028	Q9VCT6
FBgn0039029	Q9VCT5
FBgn0039030	Q9VCT3
FBgn0039031	Q9VCT2
FBgn0039033	Q9VCS9
FBgn0039034	Q9VCS8
FBgn0039038	Q9VCS4
FBgn0039039	Q962I0
FBgn0039040	Q9VCS2
FBgn0039041	Q9VCS1
FBgn0039042	Q9VCS0
FBgn0039043	Q9VCR9
FBgn0039044	Q8IMZ4
FBgn0039045	Q9VCR7
FBgn0039048	Q9VCR4
FBgn0039049	Q9VCR2
FBgn0039050	Q8T490
FBgn0039051	Q9VCR0
FBgn0039052	Q9VCQ9
FBgn0039053	Q9VCQ8
FBgn0039054	Q9VCR3
FBgn0039055	Q9VCQ7
FBgn0039056	Q9VCQ6
FBgn0039058	Q9VCQ3
FBgn0039059	Q9VCQ2
FBgn0039064	Q0KI25
FBgn0039065	Q9VCP1
FBgn0039066	Q9VCP0
FBgn0039067	Q9VCN9
FBgn0039068	A0A0B4K701
FBgn0039069	Q9VCN5
FBgn0039070	Q9VCN4
FBgn0039071	Q9VCN3
FBgn0039073	Q9VCM8
FBgn0039075	Q9VCM6
FBgn0039077	Q9VCM3
FBgn0039078	Q9VCM2
FBgn0039079	Q9VCM1
FBgn0039080	Q9VCM0
FBgn0039081	A0A0B4LHI9
FBgn0039083	Q9VCL7
FBgn0039085	Q9VCL5
FBgn0039086	Q9VCL4
FBgn0039087	Q9VCL3
FBgn0039088	Q9VCL2
FBgn0039089	A0A0B4KGP4
FBgn0039091	Q9VCK9
FBgn0039092	Q9VCK8
FBgn0039093	Q9VCK7
FBgn0039094	Q9VCK6
FBgn0039098	Q9VCK2
FBgn0039099	Q9VCK1
FBgn0039101	Q9VCJ9
FBgn0039102	Q9VCJ8
FBgn0039104	Q9VCJ6
FBgn0039106	Q9VCJ3
FBgn0039107	Q9VCJ2
FBgn0039108	Q9VCJ0
FBgn0039109	Q9VCI9
FBgn0039110	Q9VCI7
FBgn0039111	Q86BN8
FBgn0039112	Q9VCI5
FBgn0039113	Q9VCI4
FBgn0039114	Q9VCI3
FBgn0039115	Q9VCI0
FBgn0039116	Q9VCH9
FBgn0039117	Q9VCH8
FBgn0039118	Q9VCH7
FBgn0039120	Q9VCH5
FBgn0039124	Q9VCG6
FBgn0039125	Q9VCG4
FBgn0039126	Q9VCG3
FBgn0039128	Q9VCG0
FBgn0039129	Q7KS38
FBgn0039130	Q9VCF8
FBgn0039131	Q9VCF6
FBgn0039132	B8A403
FBgn0039135	Q9VCF1
FBgn0039136	Q9VCF0
FBgn0039137	Q9VCE9
FBgn0039139	Q9VCE6
FBgn0039140	Q8IMX7
FBgn0039141	Q8I0P1
FBgn0039145	Q9VCD9
FBgn0039147	Q9VCD5
FBgn0039149	Q9VCD4
FBgn0039150	Q9VCD3
FBgn0039151	Q9VCD2
FBgn0039152	Q9VCD1
FBgn0039154	Q9VCC8
FBgn0039155	Q9VCC7
FBgn0039156	Q9VCC6
FBgn0039157	Q4AB27
FBgn0039158	Q9VCC4
FBgn0039159	Q9VCC3
FBgn0039160	Q9VCC2
FBgn0039161	A0A0B4LIJ3
FBgn0039163	Q9VCB9
FBgn0039165	Q9VCB7
FBgn0039167	Q9VCB5
FBgn0039169	A0A0B4KHC8
FBgn0039170	Q9VCB1
FBgn0039172	Q9VCA9
FBgn0039175	Q9VCA5
FBgn0039178	Q9VCA0
FBgn0039180	Q9VC98
FBgn0039182	Q9VC94
FBgn0039183	Q9VC93
FBgn0039184	Q9VC92
FBgn0039186	Q8IGI0
FBgn0039187	Q8IMW9
FBgn0039188	Q8SZ63
FBgn0039189	Q9VC87
FBgn0039190	Q9VC86
FBgn0039192	Q9VC84
FBgn0039193	Q9VC83
FBgn0039194	Q9VC81
FBgn0039195	Q9VC80
FBgn0039196	Q9VC79
FBgn0039197	Q9VC78
FBgn0039198	A0A6H2EF03
FBgn0039199	Q9VC76
FBgn0039200	Q9VC75
FBgn0039201	Q9VC70
FBgn0039202	Q9VC68
FBgn0039203	Q9VC67
FBgn0039204	Q9VC66
FBgn0039205	Q9VC65
FBgn0039207	Q9VC63
FBgn0039209	Q9VC61
FBgn0039210	Q9VC60
FBgn0039212	Q9VC58
FBgn0039213	Q9VC57
FBgn0039214	Q9VC56
FBgn0039215	Q9VC54
FBgn0039217	Q8IMV7
FBgn0039218	Q9VC49
FBgn0039219	Q9VC48
FBgn0039223	Q9VC40
FBgn0039224	Q9VC39
FBgn0039225	Q8MRW5
FBgn0039226	Q7KS11
FBgn0039227	Q9VC36
FBgn0039228	Q9VC34
FBgn0039229	Q8IMV6
FBgn0039232	Q9VC30
FBgn0039233	Q9VC28
FBgn0039234	Q9VC27
FBgn0039235	Q8IMV4
FBgn0039237	Q9VC24
FBgn0039238	Q9VC23
FBgn0039239	Q9VC22
FBgn0039240	Q9VC19
FBgn0039241	Q9VC18
FBgn0039244	Q8MRJ2
FBgn0039246	Q9VC13
FBgn0039249	Q9VC09
FBgn0039250	Q9VC08
FBgn0039251	Q9VC07
FBgn0039252	Q9VC06
FBgn0039254	Q9VC03
FBgn0039257	D0UGE6
FBgn0039258	Q9VBZ9
FBgn0039259	Q9VBZ8
FBgn0039260	Q9VBZ6
FBgn0039261	Q9VBZ5
FBgn0039264	Q9VBZ2
FBgn0039265	Q8SWX6
FBgn0039266	Q9VBZ0
FBgn0039269	Q8IMT8
FBgn0039270	Q9VBY6
FBgn0039271	Q9VBY5
FBgn0039272	A0A4D6K1E7
FBgn0039273	Q9VBY3
FBgn0039274	Q9VBY2
FBgn0039277	Q9VBX6
FBgn0039280	Q9VBX2
FBgn0039282	Q9VBX0
FBgn0039283	Q9VBW9
FBgn0039286	Q9VBW6
FBgn0039288	Q9VBW4
FBgn0039290	Q9VBW1
FBgn0039291	Q9VBW0
FBgn0039293	Q9VBV8
FBgn0039294	A0A0B4LHM7
FBgn0039296	Q9VBV5
FBgn0039297	Q9VBV4
FBgn0039298	Q9VBV3
FBgn0039299	Q9VBV1
FBgn0039300	Q9VBU9
FBgn0039301	Q9VBU8
FBgn0039302	A0A0B4K7J2
FBgn0039303	A0A140SRF8
FBgn0039304	Q9VBU5
FBgn0039305	Q9VBU4
FBgn0039306	Q9VBU2
FBgn0039309	A0A1Z1CH25
FBgn0039310	Q9VBT8
FBgn0039311	Q9VBT7
FBgn0039312	Q9VBT6
FBgn0039313	Q7K025
FBgn0039315	Q9VBT3
FBgn0039316	Q9VBT2
FBgn0039319	Q9VBS9
FBgn0039321	Q9VBS7
FBgn0039323	Q9VBS5
FBgn0039324	Q9VBS4
FBgn0039325	Q9VBS3
FBgn0039326	Q961Q8
FBgn0039328	Q9VBS0
FBgn0039329	Q9VBR9
FBgn0039331	Q9VBR4
FBgn0039332	Q9VBR3
FBgn0039335	Q9VBR1
FBgn0039336	Q9VBR0
FBgn0039337	Q9VBQ9
FBgn0039338	Q9GQN5
FBgn0039339	Q9VBQ7
FBgn0039341	Q9VBQ5
FBgn0039342	Q9VBQ4
FBgn0039343	Q9VBQ3
FBgn0039344	Q9VBQ2
FBgn0039346	Q9VBP8
FBgn0039347	Q8IMS5
FBgn0039348	Q9VBP9
FBgn0039349	Q9VBP6
FBgn0039350	Q9VBP5
FBgn0039354	Q9VBP0
FBgn0039355	Q9VBN9
FBgn0039356	Q9VBN8
FBgn0039357	Q9VBN7
FBgn0039358	Q8MT18
FBgn0039359	Q9VBN5
FBgn0039360	Q8MZC4
FBgn0039366	Q9VBM8
FBgn0039367	Q9VBM7
FBgn0039368	Q9VBM6
FBgn0039369	Q9VBM5
FBgn0039370	Q9VBM4
FBgn0039371	Q9VBM3
FBgn0039373	Q9VBM1
FBgn0039374	Q9VBM0
FBgn0039376	Q9VBL8
FBgn0039378	Q9VBL5
FBgn0039379	Q9VBL3
FBgn0039380	Q9VBL2
FBgn0039381	Q86P97
FBgn0039385	Q9VBK9
FBgn0039386	Q9VBK8
FBgn0039387	Q9VBK7
FBgn0039395	Q9VBJ9
FBgn0039396	Q868T3
FBgn0039398	Q9VBJ6
FBgn0039404	Q9VBI0
FBgn0039405	Q8MSE4
FBgn0039406	Q9VBH8
FBgn0039408	Q9VBH6
FBgn0039413	Q9VBH0
FBgn0039415	Q9VBG8
FBgn0039417	Q9VBG6
FBgn0039420	Q9VBG1
FBgn0039421	Q9VBF9
FBgn0039424	Q9VBF6
FBgn0039425	Q9VBF5
FBgn0039427	A0A0B4KH14
FBgn0039428	Q9VBE8
FBgn0039429	Q9VBE7
FBgn0039430	Q9VBE6
FBgn0039431	Q9VBE5
FBgn0039434	Q9VBE2
FBgn0039435	Q9VBE1
FBgn0039436	Q9VBE0
FBgn0039437	Q9VBD9
FBgn0039438	Q9VBD8
FBgn0039439	Q9VBD7
FBgn0039440	Q9VBD6
FBgn0039441	Q9VBD5
FBgn0039443	Q9VBD3
FBgn0039444	Q9VBD2
FBgn0039448	Q9VBC8
FBgn0039449	Q9VBC6
FBgn0039451	Q9VBC4
FBgn0039452	Q9VBC2
FBgn0039453	Q9VBC0
FBgn0039454	Q4V5R2
FBgn0039459	Q9VBB3
FBgn0039461	Q9VBA6
FBgn0039462	Q9VBA2
FBgn0039463	Q9VBA1
FBgn0039464	Q9VBA0
FBgn0039465	Q9VB99
FBgn0039466	Q9VB98
FBgn0039467	Q8SYC5
FBgn0039469	Q9VB95
FBgn0039470	Q9VB94
FBgn0039471	Q9VB93
FBgn0039472	Q9VB92
FBgn0039473	Q9VB91
FBgn0039474	Q9VB90
FBgn0039475	Q9VB89
FBgn0039476	Q9VB88
FBgn0039478	Q8IMQ2
FBgn0039479	Q9VB83
FBgn0039480	Q9VB82
FBgn0039481	Q9VB81
FBgn0039482	Q9VB80
FBgn0039483	Q9VB79
FBgn0039485	Q9VB77
FBgn0039486	Q9VB76
FBgn0039487	Q9VB75
FBgn0039488	Q9VB74
FBgn0039489	Q9VB73
FBgn0039490	Q9VB72
FBgn0039491	Q9VB71
FBgn0039492	Q9VB70
FBgn0039494	Q9VB68
FBgn0039495	Q9VB66
FBgn0039498	Q9VB61
FBgn0039500	Q9VB59
FBgn0039501	Q9VB58
FBgn0039503	Q9VB54
FBgn0039504	Q9VB53
FBgn0039505	Q9VB51
FBgn0039507	Q9VB49
FBgn0039508	Q9VB48
FBgn0039509	Q9VB47
FBgn0039510	Q0KI05
FBgn0039511	Q9VB43
FBgn0039518	Q9VB32
FBgn0039519	Q9VB31
FBgn0039520	Q9VB30
FBgn0039521	Q9VB29
FBgn0039522	Q9VB28
FBgn0039523	A0A0B4KH42
FBgn0039525	Q9VB24
FBgn0039527	Q9VB21
FBgn0039528	Q9VB20
FBgn0039529	Q8SXF2
FBgn0039530	A0A0B4KI44
FBgn0039531	Q9VB17
FBgn0039532	Q7JWS8
FBgn0039536	Q9VB11
FBgn0039537	Q9VB10
FBgn0039538	Q9VB09
FBgn0039543	Q9VB02
FBgn0039544	Q2PDP6
FBgn0039551	Q9VAZ3
FBgn0039552	Q9VAZ2
FBgn0039554	Q9VAZ0
FBgn0039555	Q9VAY9
FBgn0039557	Q9VAY7
FBgn0039558	Q9VAY6
FBgn0039559	Q8MT36
FBgn0039560	A0A0B4KHZ9
FBgn0039561	Q9VAY3
FBgn0039562	Q9VAY2
FBgn0039563	A1A708
FBgn0039564	Q9VAY0
FBgn0039565	Q9VAX9
FBgn0039566	Q9VAX8
FBgn0039568	Q9VAX6
FBgn0039576	Q9VAW7
FBgn0039577	Q9VAW6
FBgn0039580	Q9VAW3
FBgn0039581	Q9VAW1
FBgn0039582	Q9VAW0
FBgn0039584	Q9VAV8
FBgn0039585	Q9VAV6
FBgn0039588	Q9VAV2
FBgn0039589	Q9VAU6
FBgn0039590	Q9VAU5
FBgn0039591	Q9VAU4
FBgn0039592	Q9VAU3
FBgn0039593	Q9VAU2
FBgn0039594	Q9VAU1
FBgn0039595	Q9NBC8
FBgn0039596	Q8MYY6
FBgn0039597	Q9VAT8
FBgn0039598	Q9VAT7
FBgn0039599	Q9VAT6
FBgn0039600	Q7KRW8
FBgn0039601	Q9VAT2
FBgn0039602	Q9VAT1
FBgn0039609	Q9VAS4
FBgn0039611	Q9VAS2
FBgn0039612	Q9VAS1
FBgn0039613	Q9VAS0
FBgn0039616	Q9VAR7
FBgn0039617	Q9VAR6
FBgn0039620	Q8MS59
FBgn0039621	Q9VAR2
FBgn0039622	Q9VAR1
FBgn0039623	Q9VAR0
FBgn0039625	Q9VAQ8
FBgn0039626	Q9VAQ7
FBgn0039627	Q9VAQ5
FBgn0039628	Q9VAQ4
FBgn0039629	Q9VAQ3
FBgn0039630	Q9VAQ2
FBgn0039631	Q9VAQ1
FBgn0039633	A0A0B4KI51
FBgn0039634	Q9VAP8
FBgn0039635	Q7K5K3
FBgn0039636	Q9VAP6
FBgn0039637	Q9VAP3
FBgn0039638	Q9VAP2
FBgn0039639	Q9VAP1
FBgn0039640	Q7KRW4
FBgn0039641	Q9VAN9
FBgn0039642	Q9VAN8
FBgn0039644	Q961D3
FBgn0039645	Q9VAN4
FBgn0039647	Q32KC6
FBgn0039648	Q9VAN1
FBgn0039650	Q9VAM9
FBgn0039651	Q9VAM8
FBgn0039654	Q9VAM5
FBgn0039655	Q8IML0
FBgn0039656	Q9VAM2
FBgn0039659	A0A0B4KI17
FBgn0039663	Q9VAL2
FBgn0039664	Q9VAL1
FBgn0039665	Q7JZY1
FBgn0039666	Q9VAK8
FBgn0039667	Q9VAK7
FBgn0039668	Q7KRW1
FBgn0039669	Q9VAK5
FBgn0039670	Q9VAK3
FBgn0039671	Q9VAK2
FBgn0039673	A0A0B4KI55
FBgn0039674	Q9VAJ9
FBgn0039675	Q9VAJ7
FBgn0039676	Q9VAJ6
FBgn0039677	Q9VAJ5
FBgn0039678	Q9VAJ4
FBgn0039679	Q9VAJ3
FBgn0039680	Q9VAJ1
FBgn0039681	Q9VAJ0
FBgn0039682	Q9VAI9
FBgn0039683	Q9VAI8
FBgn0039684	Q9VAI7
FBgn0039685	Q9VAI6
FBgn0039686	Q8IMK6
FBgn0039687	Q9VAI4
FBgn0039688	Q9VAI2
FBgn0039689	Q9VAI1
FBgn0039690	Q9VAI0
FBgn0039691	Q9VAH9
FBgn0039694	Q9VAH4
FBgn0039696	Q9VAH2
FBgn0039697	Q0KHZ6
FBgn0039698	Q9VAG9
FBgn0039702	Q9VAG4
FBgn0039703	Q9VAG3
FBgn0039704	Q9VAG2
FBgn0039705	B7Z0R7
FBgn0039707	Q9VAF7
FBgn0039709	Q9VAF5
FBgn0039710	A0A0B4LHU7
FBgn0039711	Q9VAF3
FBgn0039712	Q9VAF2
FBgn0039713	Q8MLY8
FBgn0039714	Q9VAF0
FBgn0039718	Q9VAE6
FBgn0039719	A0A0B4KI23
FBgn0039722	Q9NIP6
FBgn0039723	Q9VAD7
FBgn0039726	Q9VAD4
FBgn0039727	Q9VAD3
FBgn0039728	Q9VAD1
FBgn0039730	Q9VAC9
FBgn0039731	Q9VAC8
FBgn0039732	Q9VAC7
FBgn0039733	Q7K4R2
FBgn0039734	Q9VAC5
FBgn0039735	Q9VAC4
FBgn0039736	Q9VAC2
FBgn0039737	Q9VAC1
FBgn0039738	Q961U0
FBgn0039739	Q9VAB9
FBgn0039740	Q9VAB8
FBgn0039741	Q7K483
FBgn0039742	Q9VAB0
FBgn0039743	Q9VAA9
FBgn0039744	Q9VAA7
FBgn0039747	Q9VAA2
FBgn0039748	Q9VAA1
FBgn0039749	A0A1Z1CH18
FBgn0039751	Q9VA97
FBgn0039752	Q9VA96
FBgn0039754	Q9VA94
FBgn0039755	Q9VA93
FBgn0039756	Q9VA92
FBgn0039757	Q9VA91
FBgn0039758	Q9VA88
FBgn0039759	Q9VA87
FBgn0039760	Q9VA86
FBgn0039761	Q9VA85
FBgn0039764	Q9VA82
FBgn0039765	Q9VA81
FBgn0039766	Q9VA80
FBgn0039767	Q9VA79
FBgn0039768	Q9VA78
FBgn0039769	Q9VA77
FBgn0039770	Q9VA76
FBgn0039771	Q9VA75
FBgn0039773	Q9VA71
FBgn0039774	Q9VA70
FBgn0039776	Q9VA69
FBgn0039777	Q9VA67
FBgn0039778	Q9VA66
FBgn0039779	Q9I7H5
FBgn0039780	Q9VA64
FBgn0039782	Q0KHY7
FBgn0039783	Q9VA61
FBgn0039784	Q9VA60
FBgn0039787	Q9VA55
FBgn0039788	Q9VA54
FBgn0039789	Q9I7H4
FBgn0039790	Q9VA53
FBgn0039792	Q9VA51
FBgn0039795	Q9VA48
FBgn0039796	Q9VA47
FBgn0039797	Q9VA45
FBgn0039798	Q9VA44
FBgn0039799	Q9VA43
FBgn0039800	Q9VA42
FBgn0039801	Q9VA41
FBgn0039802	Q9VA37
FBgn0039804	Q9VA34
FBgn0039805	Q9VA32
FBgn0039806	Q9VA31
FBgn0039807	Q9VA30
FBgn0039808	Q9VA29
FBgn0039809	Q9VA28
FBgn0039810	Q9VA25
FBgn0039811	Q9VA24
FBgn0039812	Q9VA23
FBgn0039816	A0A0B4KI67
FBgn0039817	Q9VA14
FBgn0039818	Q8SZ78
FBgn0039820	Q8SZA1
FBgn0039821	Q9VA10
FBgn0039827	Q9VA02
FBgn0039828	Q9V9Z9
FBgn0039829	Q9V9Z8
FBgn0039830	Q6NN09
FBgn0039831	Q9V9Z6
FBgn0039832	Q9V9Z5
FBgn0039833	Q9V9Z4
FBgn0039835	Q9V9Z1
FBgn0039836	Q9V9Z0
FBgn0039838	Q9V9Y8
FBgn0039839	Q9V9Y5
FBgn0039840	Q9V9Y4
FBgn0039844	A0A0B4KHK8
FBgn0039846	Q9V9X7
FBgn0039848	Q9V9X5
FBgn0039849	Q9V9X4
FBgn0039850	Q9V9X3
FBgn0039851	Q9V9X1
FBgn0039852	Q9V9X0
FBgn0039854	Q95TK5
FBgn0039855	Q9V9W5
FBgn0039856	Q9V9W4
FBgn0039857	Q9V9W3
FBgn0039858	Q95TJ9
FBgn0039859	Q9V9V9
FBgn0039860	Q9V9V8
FBgn0039861	Q9V9V7
FBgn0039862	A0A0B4KHL5
FBgn0039863	Q7KRS9
FBgn0039864	Q9V9V4
FBgn0039867	Q9V9V0
FBgn0039868	Q9V9U9
FBgn0039869	Q9V9U7
FBgn0039870	Q9V9U6
FBgn0039872	Q9V9U2
FBgn0039873	Q9V9U1
FBgn0039875	Q95SP2
FBgn0039876	A0A0B4KHY1
FBgn0039877	Q9V9T5
FBgn0039879	Q9V9T2
FBgn0039881	Q9V9T0
FBgn0039882	Q9V9S9
FBgn0039883	Q9V9S7
FBgn0039886	Q9V9S4
FBgn0039887	Q9V9S3
FBgn0039889	H9XVM3
FBgn0039890	Q7JUN3
FBgn0039896	Q9V4C0
FBgn0039897	H9XVM9
FBgn0039900	Q9V4C4
FBgn0039902	Q9V4C6
FBgn0039904	Q9V4C8
FBgn0039907	Q961D9
FBgn0039908	Q8IMC6
FBgn0039909	Q9V4E0
FBgn0039911	Q7K4Y8
FBgn0039914	Q9V4E6
FBgn0039915	Q9V4E7
FBgn0039916	Q0KIF2
FBgn0039920	Q9V4F3
FBgn0039923	Q9V4F9
FBgn0039924	Q8SXX1
FBgn0039925	Q9V4A1
FBgn0039927	Q9V4A0
FBgn0039928	Q9V498
FBgn0039929	Q9V493
FBgn0039930	Q9V492
FBgn0039932	D1YSG4
FBgn0039936	Q7KQM6
FBgn0039937	Q9V481
FBgn0039938	Q59DN5
FBgn0039941	Q7PLW4
FBgn0039942	Q9W5Q2
FBgn0039943	Q9W5Q1
FBgn0039944	A0A021WW64
FBgn0039945	A8Y5B0
FBgn0039946	Q86P48
FBgn0039955	Q7PLP5
FBgn0039958	Q7PLS1
FBgn0039965	Q9W5N0
FBgn0039966	Q7PLE9
FBgn0039969	B7YZT2
FBgn0039970	A1Z6G4
FBgn0039972	Q7KWG9
FBgn0039977	Q95RI7
FBgn0039993	Q7PLE6
FBgn0039994	Q8T0G4
FBgn0040005	Q9W5H8
FBgn0040007	Q9W5N2
FBgn0040009	Q95RQ7
FBgn0040010	M9PGG8
FBgn0040011	Q9W5R5
FBgn0040020	Q9W5P1
FBgn0040022	Q5LJZ2
FBgn0040031	A8Y5A2
FBgn0040038	Q6GKZ1
FBgn0040056	A4V2C3
FBgn0040060	Q9VRS4
FBgn0040063	Q0E8X9
FBgn0040064	Q9VL70
FBgn0040066	Q9V3J8
FBgn0040068	Q9NHV9
FBgn0040069	Q9NFP1
FBgn0040070	Q9V429
FBgn0040071	Q9VEX7
FBgn0040074	Q9VV36
FBgn0040075	Q9V3K3
FBgn0040076	P82891
FBgn0040077	P82890
FBgn0040078	Q9VH07
FBgn0040079	Q9V3I3
FBgn0040080	Q9VB22
FBgn0040087	Q9W3N6
FBgn0040089	Q9V3Z3
FBgn0040091	Q9W228
FBgn0040092	Q7JY62
FBgn0040093	A1Z7Z6
FBgn0040096	Q9VKL8
FBgn0040097	Q6GV06
FBgn0040098	Q9VLM0
FBgn0040099	Q9VLW1
FBgn0040102	Q9VQX3
FBgn0040104	Q9VQU4
FBgn0040106	Q9VPS1
FBgn0040107	Q9VPS2
FBgn0040153	A8JUW4
FBgn0040206	Q9V393
FBgn0040207	Q0KHS0
FBgn0040208	A0A0B4KFL3
FBgn0040211	Q9VKJ0
FBgn0040212	A0A0B4KHK0
FBgn0040227	Q9VCK0
FBgn0040228	Q9VJQ6
FBgn0040230	Q9VUU5
FBgn0040232	Q9VKI0
FBgn0040233	Q9VKH9
FBgn0040234	M9PHH0
FBgn0040235	Q9V3B6
FBgn0040236	Q9W350
FBgn0040238	A0A0B4K651
FBgn0040239	Q9V3L0
FBgn0040250	Q9VGS8
FBgn0040251	Q9VGT5
FBgn0040252	Q9VGS7
FBgn0040253	Q9VGT2
FBgn0040255	Q9VGT1
FBgn0040256	Q9VGT8
FBgn0040257	Q9VGT4
FBgn0040259	Q9VGT3
FBgn0040260	Q9VJH8
FBgn0040261	Q9VJH9
FBgn0040262	Q9VJI0
FBgn0040268	Q9NG98
FBgn0040271	Q9VEX0
FBgn0040273	Q9V460
FBgn0040279	Q9VNN6
FBgn0040281	Q9W0K0
FBgn0040283	Q9VCD8
FBgn0040285	Q9VXV6
FBgn0040290	Q9VSE6
FBgn0040291	Q9NHX0
FBgn0040294	Q7K4D1
FBgn0040296	Q9VUI5
FBgn0040297	B7YZY2
FBgn0040298	Q9NI63
FBgn0040299	Q8IPH8
FBgn0040305	A8JNP3
FBgn0040308	Q9V3Q4
FBgn0040309	Q9V3P0
FBgn0040318	A0A6J3T5M5
FBgn0040319	Q9W3K5
FBgn0040321	Q9NHA8
FBgn0040322	Q9VVR4
FBgn0040323	Q9NHB0
FBgn0040324	Q9V4E1
FBgn0040333	X2JI61
FBgn0040334	Q9W4X6
FBgn0040336	Q9V3X4
FBgn0040337	Q9W5B6
FBgn0040338	Q9W5B9
FBgn0040339	Q9V439
FBgn0040340	Q9W5C2
FBgn0040341	Q9V3J7
FBgn0040342	Q9V3E0
FBgn0040343	Q9V3D7
FBgn0040344	Q9V410
FBgn0040345	Q7KW25
FBgn0040346	Q9V3R3
FBgn0040347	Q9V3T1
FBgn0040348	Q9W5C1
FBgn0040349	Q9U1L2
FBgn0040350	Q9V3J5
FBgn0040351	Q8SYN0
FBgn0040352	Q9V459
FBgn0040353	Q9V404
FBgn0040354	Q9W4V4
FBgn0040355	Q9W4V2
FBgn0040356	Q9V3X3
FBgn0040357	Q9W5A6
FBgn0040358	Q9U1L6
FBgn0040359	Q9W5A9
FBgn0040360	Q9W5B0
FBgn0040361	Q9W5B1
FBgn0040362	Q9V3A3
FBgn0040363	Q9V3E4
FBgn0040364	Q9V3I0
FBgn0040365	Q9V3V1
FBgn0040366	Q9V3X8
FBgn0040367	Q9V3C6
FBgn0040368	Q9W5B3
FBgn0040370	Q9W5G7
FBgn0040371	Q9V3G9
FBgn0040372	M9PGH7
FBgn0040373	Q95RP8
FBgn0040375	Q9W4Y0
FBgn0040376	Q9W4Y1
FBgn0040377	Q9NEF6
FBgn0040382	Q9W5D6
FBgn0040383	Q9V3T2
FBgn0040384	Q9U1M2
FBgn0040385	Q9W4Y8
FBgn0040388	A8JUV7
FBgn0040389	Q9W4Z2
FBgn0040391	Q9W4Z5
FBgn0040392	Q9W4Z6
FBgn0040393	Q9V401
FBgn0040394	Q9W526
FBgn0040395	Q9W525
FBgn0040396	Q9U1K7
FBgn0040397	M9PGK1
FBgn0040398	Q9W5B4
FBgn0040465	Q7JZD5
FBgn0040466	Q9VN42
FBgn0040467	M9PGR0
FBgn0040475	Q9NCC3
FBgn0040477	Q9V6Q2
FBgn0040487	P83262
FBgn0040491	Q8T8Y5
FBgn0040493	A0A0C4FEI8
FBgn0040496	Q9VKS4
FBgn0040502	Q6NMY2
FBgn0040503	A1Z8L7
FBgn0040505	Q7KJ08
FBgn0040506	Q9VK50
FBgn0040507	Q9W038
FBgn0040508	Q9VK53
FBgn0040509	Q9VK52
FBgn0040510	Q9VK51
FBgn0040512	Q9VV89
FBgn0040513	Q9V4L4
FBgn0040514	Q7PLW5
FBgn0040519	Q8MS60
FBgn0040524	Q9VHX3
FBgn0040528	Q9VHU7
FBgn0040529	Q9VHS2
FBgn0040531	A8JQV5
FBgn0040532	Q9VHK7
FBgn0040534	Q9VHI4
FBgn0040551	Q9VFX9
FBgn0040553	Q9VFV6
FBgn0040565	E1JIN4
FBgn0040571	Q8SXH7
FBgn0040575	Q9VDL5
FBgn0040582	Q9VD48
FBgn0040588	Q9VCU0
FBgn0040600	Q9VC43
FBgn0040601	A0A0B4KHG9
FBgn0040602	Q8SYK4
FBgn0040606	Q9VBF3
FBgn0040607	Q9VBC3
FBgn0040608	Q9VBC1
FBgn0040609	Q9VB45
FBgn0040623	Q9VAL0
FBgn0040628	A0A0B4LHX0
FBgn0040629	Q9V9Y6
FBgn0040634	Q9VPC2
FBgn0040636	Q9VPA4
FBgn0040637	Q9VP98
FBgn0040648	Q9VRD2
FBgn0040649	Q9VRA5
FBgn0040650	Q9VRA0
FBgn0040651	Q9VR93
FBgn0040653	P82705
FBgn0040658	Q2PE16
FBgn0040660	Q0E8X8
FBgn0040666	Q9W114
FBgn0040670	Q9VI60
FBgn0040674	A1Z6Q2
FBgn0040679	Q9VNK1
FBgn0040682	A0A0B4K696
FBgn0040684	Q9VN78
FBgn0040687	Q9VN06
FBgn0040688	Q9W0V4
FBgn0040694	Q9VZN5
FBgn0040696	Q9VZH1
FBgn0040697	Q9VZG8
FBgn0040699	Q9VZB7
FBgn0040705	Q9VR00
FBgn0040715	Q9VQ88
FBgn0040717	Q9VQ66
FBgn0040718	Q9VQ65
FBgn0040719	Q4V477
FBgn0040723	Q9VPZ1
FBgn0040725	Q9VPS9
FBgn0040726	A1ZBY3
FBgn0040729	A1ZBP6
FBgn0040730	Q4V473
FBgn0040732	Q95RA0
FBgn0040733	A1ZB64
FBgn0040734	A1ZB63
FBgn0040735	A1ZB62
FBgn0040736	Q9V8G0
FBgn0040737	A1ZB59
FBgn0040743	A1ZAJ6
FBgn0040747	A1Z9W8
FBgn0040751	Q4V429
FBgn0040752	A1Z9K8
FBgn0040754	Q7JVR7
FBgn0040755	Q7JW78
FBgn0040759	A8DYB2
FBgn0040763	A1Z8I5
FBgn0040764	A1Z8F3
FBgn0040765	Q8MR37
FBgn0040773	Q7JW00
FBgn0040775	Q8SY76
FBgn0040777	Q7KGU6
FBgn0040778	A1Z793
FBgn0040780	Q4V6A8
FBgn0040784	E2QDA1
FBgn0040786	Q9VW42
FBgn0040793	Q9VVG5
FBgn0040794	Q9VV37
FBgn0040795	Q4V434
FBgn0040796	Q7KUN9
FBgn0040797	Q9VV12
FBgn0040798	Q9VV08
FBgn0040799	Q6IL42
FBgn0040801	Q9VV03
FBgn0040805	A8JNT1
FBgn0040809	P83263
FBgn0040812	Q9VU93
FBgn0040814	Q9VU56
FBgn0040816	Q9VTP8
FBgn0040817	Q9VTM7
FBgn0040823	X2J8X8
FBgn0040827	Q9VSU3
FBgn0040828	Q9VSP7
FBgn0040832	Q9VSF8
FBgn0040837	B7Z0C5
FBgn0040842	Q9VRK1
FBgn0040843	Q9VRK0
FBgn0040849	A1Z6D6
FBgn0040850	Q9VZ67
FBgn0040871	Q9VY65
FBgn0040877	Q9VX52
FBgn0040890	Q9VWH8
FBgn0040892	Q9W5C8
FBgn0040899	Q9W513
FBgn0040900	Q9W512
FBgn0040904	Q9W4L7
FBgn0040905	Q9W4L6
FBgn0040906	Q9W4L4
FBgn0040907	Q9W4L1
FBgn0040918	Q9W423
FBgn0040922	Q9W3Q9
FBgn0040923	Q9W3Q8
FBgn0040929	Q9W3D4
FBgn0040931	Q9W380
FBgn0040941	Q9W2X3
FBgn0040942	Q9W2W8
FBgn0040949	Q9VMK7
FBgn0040950	Q9VMG7
FBgn0040958	Q9VLL9
FBgn0040959	Q9VLL8
FBgn0040963	Q9VLG0
FBgn0040964	Q9VLF6
FBgn0040967	Q9VKK9
FBgn0040968	Q9VKE7
FBgn0040972	Q9VK38
FBgn0040973	Q6IHK7
FBgn0040984	Q9VJL3
FBgn0040985	Q9VJG4
FBgn0040989	Q9VJB2
FBgn0040992	Q9VJ49
FBgn0040993	Q9VJ48
FBgn0040996	Q9VIN5
FBgn0041004	Q8SYF7
FBgn0041087	Q7KGH1
FBgn0041092	M9ND53
FBgn0041094	Q9VTH4
FBgn0041096	Q9VTS9
FBgn0041097	Q9VPZ7
FBgn0041100	Q7KTX7
FBgn0041102	Q9Y170
FBgn0041103	Q9VJP5
FBgn0041105	A0A0B4KH20
FBgn0041111	Q9VQI9
FBgn0041147	Q9VZL2
FBgn0041150	Q9VR47
FBgn0041156	Q9VSC2
FBgn0041160	Q9VUT8
FBgn0041164	Q6J5K9
FBgn0041171	Q9VZF4
FBgn0041174	Q9V3C1
FBgn0041180	M9PDR0
FBgn0041181	Q9VLY7
FBgn0041182	Q9NFV7
FBgn0041183	Q9NFV8
FBgn0041184	Q8INY1
FBgn0041186	Q9VAN6
FBgn0041188	Q8SWR8
FBgn0041191	Q9VND8
FBgn0041194	Q967S0
FBgn0041195	Q9VK95
FBgn0041205	Q9GYV5
FBgn0041210	M9PHQ2
FBgn0041224	Q8IMQ6
FBgn0041225	Q8IMZ5
FBgn0041229	Q9VD76
FBgn0041231	Q9VTN0
FBgn0041232	Q8IQ72
FBgn0041233	Q9W1N6
FBgn0041234	Q9W1N5
FBgn0041235	Q9W1U5
FBgn0041236	P58985
FBgn0041237	Q9W2B2
FBgn0041238	Q9W2B1
FBgn0041239	P58962
FBgn0041240	Q9V969
FBgn0041241	P58961
FBgn0041242	A1Z881
FBgn0041243	Q9V4K2
FBgn0041245	P58960
FBgn0041246	Q9VKJ7
FBgn0041247	Q9VM09
FBgn0041248	P83292
FBgn0041249	P58954
FBgn0041250	Q9VPT1
FBgn0041252	Q9W4M3
FBgn0041337	P82713
FBgn0041342	Q7K4C7
FBgn0041579	Q95NH6
FBgn0041581	Q9V751
FBgn0041582	Q9W1A4
FBgn0041585	Q9U6B8
FBgn0041588	Q9NG60
FBgn0041604	Q9VUG1
FBgn0041605	Q8IPM8
FBgn0041621	P82986
FBgn0041622	P82985
FBgn0041623	P82984
FBgn0041624	P82983
FBgn0041625	P82982
FBgn0041626	Q9I816
FBgn0041627	Q9I7M8
FBgn0041629	Q9W3C4
FBgn0041630	Q0E8H9
FBgn0041702	A0A0B4KFV4
FBgn0041706	Q9W1A7
FBgn0041707	Q59E04
FBgn0041709	Q9W029
FBgn0041710	Q9VG09
FBgn0041711	Q9VFV1
FBgn0041712	Q9W1R1
FBgn0041713	Q9VJQ3
FBgn0041723	Q76NQ1
FBgn0041775	M9PF20
FBgn0041780	Q9VAQ9
FBgn0041781	F2FB81
FBgn0041789	Q2PDT4
FBgn0042083	Q9V9A7
FBgn0042085	A1Z6M0
FBgn0042086	Q7K2V7
FBgn0042092	Q9VM72
FBgn0042094	Q9VGU6
FBgn0042098	Q9I7V4
FBgn0042101	Q9I7K7
FBgn0042102	Q9I7L0
FBgn0042103	Q9I7K8
FBgn0042104	Q9I7L1
FBgn0042105	A8JQV1
FBgn0042106	Q9I7I1
FBgn0042110	Q4V4D1
FBgn0042111	Q9I7H8
FBgn0042112	Q9I7Q9
FBgn0042118	Q9I7C6
FBgn0042119	Q9I7Q5
FBgn0042125	Q9I7N2
FBgn0042126	Q9I7N1
FBgn0042127	Q9I7N3
FBgn0042129	Q9I7M1
FBgn0042131	Q9I7T1
FBgn0042132	Q9I7R7
FBgn0042133	Q9I7L7
FBgn0042134	Q9I7D3
FBgn0042135	Q7JUR6
FBgn0042137	Q9I7R3
FBgn0042138	M9PEW1
FBgn0042146	Q9I7Y5
FBgn0042173	A1Z758
FBgn0042175	Q9I7L9
FBgn0042177	M9PFR8
FBgn0042178	Q9I7R5
FBgn0042179	Q9I7T3
FBgn0042180	Q9I7V5
FBgn0042182	Q8MSK0
FBgn0042185	Q8IQ70
FBgn0042186	Q9VQ98
FBgn0042187	Q9VQ99
FBgn0042189	X2JDF3
FBgn0042198	Q8T956
FBgn0042199	Q9VZ91
FBgn0042201	Q9VV28
FBgn0042205	Q9I7J8
FBgn0042206	Q9VGA1
FBgn0042207	Q9VG50
FBgn0042213	Q9VAI3
FBgn0042627	M9PB21
FBgn0042630	M9PCG2
FBgn0042641	Q95YI5
FBgn0042693	Q8IN89
FBgn0042696	Q86P06
FBgn0042710	Q9NFT7
FBgn0042711	Q9NFT9
FBgn0042712	Q9W074
FBgn0043001	Q9V452
FBgn0043002	Q9V444
FBgn0043005	Q9VCJ5
FBgn0043010	Q9V6L9
FBgn0043012	Q9VDC3
FBgn0043025	Q8IQR3
FBgn0043043	Q9VG68
FBgn0043069	Q9GU54
FBgn0043070	Q9GU50
FBgn0043362	Q9VML2
FBgn0043364	Q9VPQ5
FBgn0043455	Q9VCE2
FBgn0043456	Q8T079
FBgn0043457	B7Z0N0
FBgn0043458	Q9W0E8
FBgn0043470	Q7JPN9
FBgn0043471	A1Z8J7
FBgn0043530	Q7KE33
FBgn0043532	Q4V3N1
FBgn0043533	Q7KE32
FBgn0043534	Q8MKJ4
FBgn0043535	Q8MKK0
FBgn0043536	Q8MMF9
FBgn0043539	Q8MVX6
FBgn0043550	Q8IQK9
FBgn0043575	Q9V4X2
FBgn0043576	C0HK98
FBgn0043577	Q9VV96
FBgn0043578	Q70PY2
FBgn0043783	Q9VP02
FBgn0043791	Q9VHD0
FBgn0043792	Q8MMC6
FBgn0043796	Q9W409
FBgn0043799	Q8IMV0
FBgn0043806	Q8IQB7
FBgn0043825	Q9VKS9
FBgn0043841	Q0E8R1
FBgn0043854	Q9VME5
FBgn0043865	Q9W0F4
FBgn0043900	Q9V9W8
FBgn0043903	Q9VWE0
FBgn0044011	Q8SYY7
FBgn0044020	Q7JWH5
FBgn0044028	Q9VUX3
FBgn0044030	Q9VWI3
FBgn0044046	Q9W4Q9
FBgn0044047	Q9W4Z4
FBgn0044048	Q7KUD5
FBgn0044049	Q9VT53
FBgn0044050	Q9VT52
FBgn0044051	Q9VT50
FBgn0044323	D3DML3
FBgn0044324	Q86BS3
FBgn0044328	Q8IQD3
FBgn0044419	Q8IQ56
FBgn0044452	Q9VZX7
FBgn0044511	Q8I0J3
FBgn0044809	Q8IN42
FBgn0044810	Q8IN41
FBgn0044811	Q9VIR2
FBgn0044812	Q8IN43
FBgn0044817	Q9NIV2
FBgn0044823	Q9VNE7
FBgn0044826	A0A0B4KGS4
FBgn0044871	Q9VE50
FBgn0044872	P83088
FBgn0045035	Q5EAK6
FBgn0045038	Q9VLV9
FBgn0045063	Q8WSF3
FBgn0045064	Q9VIP7
FBgn0045073	P83094
FBgn0045442	P83119
FBgn0045443	P83118
FBgn0045468	Q8IN22
FBgn0045469	Q9VD74
FBgn0045470	Q8IN23
FBgn0045471	Q8IN58
FBgn0045473	Q8INM9
FBgn0045474	Q8IPU5
FBgn0045476	P83296
FBgn0045477	P83295
FBgn0045478	P83294
FBgn0045479	P83293
FBgn0045482	Q8MLS6
FBgn0045483	Q9W1V0
FBgn0045485	Q8INZ2
FBgn0045486	Q9VJF2
FBgn0045487	P58955
FBgn0045495	Q9VM08
FBgn0045497	P58953
FBgn0045498	P84181
FBgn0045500	P84180
FBgn0045501	P58951
FBgn0045502	P58950
FBgn0045759	Q9VS05
FBgn0045761	Q107I8
FBgn0045770	Q961W5
FBgn0045823	M9PHX2
FBgn0045827	Q9VJM5
FBgn0045842	Q9V435
FBgn0045843	P40809
FBgn0045852	Q8I7Z8
FBgn0045862	A0A0B4KH64
FBgn0045866	Q8SXY6
FBgn0045980	Q9VC32
FBgn0046113	Q9VPV3
FBgn0046114	Q9VCW6
FBgn0046214	Q9VBX3
FBgn0046222	Q9VNG2
FBgn0046225	Q7K4X4
FBgn0046247	Q0KI06
FBgn0046253	Q9W1S1
FBgn0046258	Q9VB07
FBgn0046294	Q8SXP1
FBgn0046296	Q9VTT9
FBgn0046301	Q9VNX7
FBgn0046302	Q9VJ22
FBgn0046323	Q281X4
FBgn0046332	P83101
FBgn0046685	P83097
FBgn0046687	Q9NDM2
FBgn0046689	P83104
FBgn0046692	P83098
FBgn0046697	Q95V43
FBgn0046698	Q5LJN2
FBgn0046704	M9PCD4
FBgn0046706	P83103
FBgn0046763	Q9VDG1
FBgn0046793	Q95U06
FBgn0046873	Q8WTI6
FBgn0046874	Q9VHL6
FBgn0046875	Q8MZ07
FBgn0046876	Q9VNL2
FBgn0046878	Q9VNL1
FBgn0046879	A1ZBP9
FBgn0046880	A1ZBP7
FBgn0046885	Q8IMN5
FBgn0046886	Q8IMN6
FBgn0046887	Q9VB26
FBgn0046888	Q8INZ1
FBgn0046999	Q8SY67
FBgn0047000	Q8SY68
FBgn0047038	Q9VTB4
FBgn0047095	Q8SYM0
FBgn0047114	Q8SYR5
FBgn0047135	Q8SYY6
FBgn0047178	Q8SZB7
FBgn0047199	Q95RF7
FBgn0047330	Q9VZ78
FBgn0047334	Q0E8H8
FBgn0047338	Q8T969
FBgn0047351	Q8T983
FBgn0050000	Q7K0B6
FBgn0050001	A1Z7Z8
FBgn0050005	A1Z7X7
FBgn0050008	Q8SXD1
FBgn0050010	Q8MKL1
FBgn0050011	A1Z851
FBgn0050015	A8DY97
FBgn0050016	A1Z8C9
FBgn0050018	V9H0I1
FBgn0050020	Q7JQY8
FBgn0050021	A1Z8G0
FBgn0050022	Q86PD3
FBgn0050025	A1Z8J8
FBgn0050026	A1Z8L5
FBgn0050031	C0HKA4
FBgn0050033	Q8STB0
FBgn0050035	A1Z8N1
FBgn0050036	A1Z8R4
FBgn0050037	A1Z8R5
FBgn0050039	Q8MKJ7
FBgn0050042	A1Z8Y3
FBgn0050043	Q8MKL0
FBgn0050044	A8DYB9
FBgn0050045	A8DRW0
FBgn0050046	A1Z8W6
FBgn0050047	Q058X1
FBgn0050048	A0ACD4DAI6
FBgn0050049	A1Z8X5
FBgn0050050	A1Z8Z4
FBgn0050051	A1Z903
FBgn0050052	Q7JVM1
FBgn0050053	Q058Y4
FBgn0050054	Q0E9A7
FBgn0050056	A1Z923
FBgn0050058	A1Z998
FBgn0050062	A1Z9D5
FBgn0050065	A1Z9D0
FBgn0050067	A1Z9Q2
FBgn0050069	A1Z9M5
FBgn0050072	A1Z9Q4
FBgn0050073	A1Z9Q3
FBgn0050074	A1Z9Q5
FBgn0050075	A1Z9Q7
FBgn0050076	A1Z9R9
FBgn0050077	A1Z9S1
FBgn0050080	Q8MKK8
FBgn0050081	A1Z9Y5
FBgn0050082	A0A0B4JCS5
FBgn0050083	A1ZA44
FBgn0050085	Q9XZ34
FBgn0050087	A1ZA39
FBgn0050088	A1ZA38
FBgn0050089	A1ZA45
FBgn0050090	Q7JRM2
FBgn0050091	A1ZA34
FBgn0050093	Q4QPY7
FBgn0050094	Q7JR99
FBgn0050095	A1ZA99
FBgn0050096	Q4V6F7
FBgn0050098	Q4V653
FBgn0050099	A1ZAD5
FBgn0050100	A1ZAD7
FBgn0050101	Q7K0W4
FBgn0050103	A1ZAU0
FBgn0050104	Q8SZY4
FBgn0050105	A1ZAW6
FBgn0050106	A1ZAX0
FBgn0050108	A1ZAX2
FBgn0050109	Q6NLJ9
FBgn0050110	A1ZB10
FBgn0050114	A1ZB49
FBgn0050115	A1ZBA1
FBgn0050120	Q1WWC1
FBgn0050122	E1JGL8
FBgn0050125	A1ZBG7
FBgn0050145	Q9V938
FBgn0050147	Q0E908
FBgn0050148	Q8MKJ9
FBgn0050151	A1ZBU6
FBgn0050154	A1ZBU7
FBgn0050156	Q5U0V4
FBgn0050157	Q4V6M7
FBgn0050158	A1Z6R7
FBgn0050159	Q7K332
FBgn0050160	Q7K2V7
FBgn0050161	Q9W126
FBgn0050163	Q8MLN7
FBgn0050169	Q9W157
FBgn0050172	Q8MLP9
FBgn0050177	Q8MLQ8
FBgn0050178	Q8MLQ2
FBgn0050181	Q8MLR6
FBgn0050183	Q9W1L2
FBgn0050184	Q8MLR5
FBgn0050185	Q8MKK1
FBgn0050187	A0A0B4K875
FBgn0050192	Q8T8S5
FBgn0050195	Q9W226
FBgn0050196	Q9W222
FBgn0050197	Q8MKJ5
FBgn0050203	Q3ZAL6
FBgn0050222	A0A0B4LFY6
FBgn0050259	Q9W212
FBgn0050263	Q9W2E1
FBgn0050265	Q9W1Z3
FBgn0050268	Q9W206
FBgn0050269	Q9W217
FBgn0050271	A8DYM8
FBgn0050272	Q8MMD6
FBgn0050273	Q8MME9
FBgn0050274	Q8MMD7
FBgn0050275	Q7KVK5
FBgn0050277	Q9W271
FBgn0050278	Q8MLT8
FBgn0050280	Q4V4U2
FBgn0050281	Q95SM8
FBgn0050284	Q8MLV6
FBgn0050285	Q8MLV4
FBgn0050286	Q8MLV9
FBgn0050287	Q8MLV8
FBgn0050288	Q8IRK6
FBgn0050289	Q8IRK5
FBgn0050290	Q8MKK3
FBgn0050291	Q95SK3
FBgn0050293	Q8MLW8
FBgn0050295	Q9W2Q7
FBgn0050296	Q9W2N4
FBgn0050323	A1ZB07
FBgn0050324	Q058Z8
FBgn0050325	A1ZB09
FBgn0050334	A1Z905
FBgn0050338	Q4QQ93
FBgn0050339	Q8SXR4
FBgn0050340	A1Z7X3
FBgn0050342	Q7JVL3
FBgn0050343	A1Z7S9
FBgn0050344	Q961H2
FBgn0050345	Q1EC10
FBgn0050349	A1Z7K2
FBgn0050350	Q961L5
FBgn0050354	Q4QPY6
FBgn0050355	A1Z7H5
FBgn0050356	A1Z7I6
FBgn0050357	A1Z7I5
FBgn0050359	Q5U124
FBgn0050360	A1Z7F1
FBgn0050361	A0A0B4KF15
FBgn0050362	Q7JVN4
FBgn0050363	A1Z7D9
FBgn0050364	A1Z7D7
FBgn0050365	A1Z7D6
FBgn0050366	Q6NLJ5
FBgn0050369	Q4QPU5
FBgn0050371	A1Z7D2
FBgn0050372	A1Z7A6
FBgn0050373	A1Z7B8
FBgn0050375	A1Z7D1
FBgn0050376	Q7JQU6
FBgn0050377	A1Z763
FBgn0050378	A1Z777
FBgn0050379	A1Z773
FBgn0050380	Q4QPY9
FBgn0050381	A0A0B4LES9
FBgn0050382	E1JGZ9
FBgn0050384	A1Z6W2
FBgn0050385	A1Z6W1
FBgn0050389	A0A0B4KEW2
FBgn0050390	Q9W2I4
FBgn0050391	Q9W2J0
FBgn0050392	Q8MLW4
FBgn0050393	Q8T8Y8
FBgn0050394	Q8SY25
FBgn0050395	Q8MLV0
FBgn0050398	Q8MLV2
FBgn0050401	Q9W2B0
FBgn0050403	Q8MLV3
FBgn0050404	Q961C9
FBgn0050410	Q8MLS2
FBgn0050411	Q8SZC2
FBgn0050412	Q8MLS5
FBgn0050413	Q8MLS3
FBgn0050414	C5WLM7
FBgn0050416	A0A0B4LHA8
FBgn0050417	Q9W1S2
FBgn0050418	Q9W192
FBgn0050419	Q9W194
FBgn0050421	Q9W117
FBgn0050423	Q8MMD0
FBgn0050424	A0ACA5W0V3
FBgn0050428	Q8MLN2
FBgn0050429	Q8MLN3
FBgn0050430	Q8MLN5
FBgn0050431	Q4V6Y7
FBgn0050432	A1Z6K6
FBgn0050438	Q8SYL7
FBgn0050440	Q7K4E0
FBgn0050441	A1Z6F0
FBgn0050443	Q4V6Y6
FBgn0050446	A1Z6N4
FBgn0050447	Q4V5M2
FBgn0050457	A1ZAR4
FBgn0050458	Q6NMX2
FBgn0050460	A1ZAP8
FBgn0050461	Q8MTA6
FBgn0050462	Q7JV41
FBgn0050463	Q8MRC9
FBgn0050464	A1ZA17
FBgn0050466	A0A0B4LFG2
FBgn0050467	Q7K4H1
FBgn0050468	A1ZA16
FBgn0050469	A1ZA15
FBgn0050471	F7VJS4
FBgn0050472	A1ZA08
FBgn0050476	Q8ML92
FBgn0050479	Q3ZAP0
FBgn0050480	A1Z9U0
FBgn0050481	A1Z9J6
FBgn0050484	A1Z9I2
FBgn0050485	A1Z9I3
FBgn0050486	A1Z959
FBgn0050487	Q6NN84
FBgn0050488	A0A0B4K7N3
FBgn0050489	P82712
FBgn0050491	Q7JUS1
FBgn0050493	Q8MKN0
FBgn0050495	A0A0B4KFB3
FBgn0050496	Q7JRC9
FBgn0050499	Q95RV5
FBgn0050502	Q8SXY2
FBgn0050503	Q7JX94
FBgn0051002	Q9V9X9
FBgn0051004	Q0KHY3
FBgn0051005	Q9V9Z3
FBgn0051007	Q4V6F6
FBgn0051008	Q8IMH2
FBgn0051010	Q8IMH6
FBgn0051013	Q9VA50
FBgn0051014	Q9VA63
FBgn0051015	Q8T5S8
FBgn0051016	Q9VA52
FBgn0051017	Q961I8
FBgn0051019	Q8IMH9
FBgn0051021	Q8IMH8
FBgn0051025	Q8MRN4
FBgn0051028	Q9VA99
FBgn0051029	Q8IMJ2
FBgn0051030	Q0KHY8
FBgn0051036	Q9VAE4
FBgn0051038	A0ACA5YM07
FBgn0051040	Q9VAD6
FBgn0051041	Q8IMK8
FBgn0051050	Q8IMM2
FBgn0051051	A0A0B4KI01
FBgn0051053	Q8IMM9
FBgn0051055	Q8IMN3
FBgn0051064	A0A0B4LHR8
FBgn0051065	A8JPJ8
FBgn0051068	Q8IMN9
FBgn0051072	A0A0B4KH68
FBgn0051075	A0A0B4K6I6
FBgn0051076	Q8IMQ4
FBgn0051077	Q8IMQ3
FBgn0051080	Q9VBD4
FBgn0051081	Q8IMR6
FBgn0051086	Q9VBG7
FBgn0051087	Q9VBS6
FBgn0051088	Q8INC8
FBgn0051089	Q9VBK6
FBgn0051091	Q8IMS3
FBgn0051092	Q7YU01
FBgn0051093	Q7KRZ7
FBgn0051097	Q9VBT0
FBgn0051098	Q9VBT1
FBgn0051099	Q8IMT2
FBgn0051100	A0A0B4KGW3
FBgn0051102	A0A0B4KGX8
FBgn0051103	Q9VBV9
FBgn0051104	Q9VBT4
FBgn0051105	Q8IMV2
FBgn0051106	Q8IMT7
FBgn0051108	Q9VBX5
FBgn0051109	Q9VBY9
FBgn0051111	Q8IMU0
FBgn0051115	Q8IMU4
FBgn0051116	Q9VGH7
FBgn0051118	Q9VC31
FBgn0051119	Q9VC26
FBgn0051121	Q0KI14
FBgn0051122	Q9VE69
FBgn0051125	Q8T3J1
FBgn0051126	Q9VC53
FBgn0051128	Q8T4I5
FBgn0051131	Q8I050
FBgn0051133	Q95T19
FBgn0051139	Q9VCU4
FBgn0051140	A0A0B4KHZ4
FBgn0051141	Q8IMY2
FBgn0051145	A4VCL2
FBgn0051146	Q9VIC7
FBgn0051148	Q9VCJ4
FBgn0051151	Q3LHL9
FBgn0051155	Q9VFB5
FBgn0051156	Q9VCX7
FBgn0051157	Q8INH8
FBgn0051158	E1JIT7
FBgn0051159	Q9VCX4
FBgn0051161	Q8IN01
FBgn0051163	A0A0B4KHV7
FBgn0051164	Q8IN10
FBgn0051174	Q8IN20
FBgn0051176	Q9VD89
FBgn0051183	Q9VF17
FBgn0051184	Q8IMX8
FBgn0051189	Q9VDF8
FBgn0051191	A8JR57
FBgn0051195	Q8IN49
FBgn0051198	Q8IN25
FBgn0051199	Q9I7I3
FBgn0051200	Q95SN8
FBgn0051201	Q0KI42
FBgn0051202	Q8IMK0
FBgn0051204	Q8IMG8
FBgn0051205	Q8IN51
FBgn0051206	A0A0B4KGI4
FBgn0051207	Q8MSJ6
FBgn0051211	Q86B99
FBgn0051213	Q9VDR4
FBgn0051216	Q9VDU7
FBgn0051217	Q9VER6
FBgn0051219	A8JR43
FBgn0051220	Q8IN70
FBgn0051221	A0A0B4KGY8
FBgn0051223	Q7KSA2
FBgn0051224	Q9VE54
FBgn0051225	Q8IMY8
FBgn0051226	Q8T959
FBgn0051229	Q8IN78
FBgn0051230	Q1WWA2
FBgn0051231	Q8IN79
FBgn0051233	Q8MRN5
FBgn0051244	Q9VDX4
FBgn0051245	Q9VDX9
FBgn0051248	Q9VI66
FBgn0051249	Q9VEG8
FBgn0051251	Q8IN95
FBgn0051253	Q8I050
FBgn0051259	Q9VHQ4
FBgn0051262	Q8IN99
FBgn0051265	Q9VEM9
FBgn0051266	B7Z0L3
FBgn0051267	Q8INA0
FBgn0051268	Q8INA5
FBgn0051269	Q8INA1
FBgn0051272	Q9VGX6
FBgn0051274	Q9GU54
FBgn0051278	Q9VGY2
FBgn0051279	Q8INB4
FBgn0051281	Q8IMZ6
FBgn0051286	Q8INR8
FBgn0051287	Q8INB8
FBgn0051288	Q8IMT4
FBgn0051294	Q8IND4
FBgn0051296	Q8IND6
FBgn0051300	Q8IMT6
FBgn0051301	Q9VF83
FBgn0051313	Q8SZN1
FBgn0051321	Q8INF8
FBgn0051323	Q8SYP1
FBgn0051324	Q95R29
FBgn0051326	Q8ING0
FBgn0051327	Q8ING1
FBgn0051337	Q8SXS2
FBgn0051342	A8JQY9
FBgn0051343	Q8SWX4
FBgn0051344	Q95U32
FBgn0051345	Q9VG26
FBgn0051347	Q8INI3
FBgn0051352	E1JIH3
FBgn0051354	Q9VG58
FBgn0051357	Q8MSB1
FBgn0051358	Q9VGD9
FBgn0051360	Q8MZ28
FBgn0051361	Q9VGD3
FBgn0051363	Q9I7K0
FBgn0051365	Q8T051
FBgn0051368	Q7KSN8
FBgn0051370	Q9VBS8
FBgn0051371	Q8IMI4
FBgn0051373	Q8INL3
FBgn0051374	Q9VGN4
FBgn0051380	Q8IMS4
FBgn0051388	Q9VGQ5
FBgn0051390	Q9GYV9
FBgn0051391	Q8MSL1
FBgn0051404	Q8IN72
FBgn0051406	Q8INM2
FBgn0051407	Q8INM8
FBgn0051410	Q9VH33
FBgn0051413	Q8IMY4
FBgn0051414	Q8IMY3
FBgn0051415	Q8INN3
FBgn0051418	Q9VEL5
FBgn0051419	Q9VEL4
FBgn0051423	Q8IN08
FBgn0051424	Q8IN09
FBgn0051431	Q8IN19
FBgn0051436	Q8IMT3
FBgn0051437	Q8IMT0
FBgn0051438	Q8IN27
FBgn0051439	Q8IMS9
FBgn0051441	Q9VGQ6
FBgn0051445	Q95SR0
FBgn0051446	A0A0B4KH75
FBgn0051450	Q9VHQ0
FBgn0051453	Q8SX76
FBgn0051454	Q8INQ8
FBgn0051457	Q8T0D1
FBgn0051459	Q8IN66
FBgn0051460	Q8INQ7
FBgn0051463	Q9VHT7
FBgn0051464	Q8INR2
FBgn0051465	Q8IN16
FBgn0051467	Q8INL4
FBgn0051469	Q8ING6
FBgn0051472	Q9VHZ5
FBgn0051473	Q8INR5
FBgn0051475	Q9VDY9
FBgn0051477	Q9VH24
FBgn0051481	P31264
FBgn0051482	Q9VI35
FBgn0051493	Q8INT0
FBgn0051495	Q8ING5
FBgn0051496	Q9VI97
FBgn0051501	Q8INS6
FBgn0051510	Q9VBX4
FBgn0051515	Q9VCM5
FBgn0051516	Q8I0K2
FBgn0051522	A0A0B4KF65
FBgn0051523	Q95T98
FBgn0051524	Q8IMI2
FBgn0051525	Q8IPL9
FBgn0051528	Q8IPM2
FBgn0051533	Q8ING2
FBgn0051538	Q8I0F1
FBgn0051542	Q8MZB8
FBgn0051546	Q9VNF4
FBgn0051547	Q9VNC7
FBgn0051548	Q8IPP8
FBgn0051549	Q8SX57
FBgn0051550	A0A0B4KF34
FBgn0051551	Q8IPP9
FBgn0051559	Q9VNL4
FBgn0051560	Q9VNN8
FBgn0051561	Q8IPR4
FBgn0051601	Q8IMF0
FBgn0051606	Q8IPG8
FBgn0051609	Q8IPF1
FBgn0051611	P84040
FBgn0051612	Q9V9Q2
FBgn0051613	P02299
FBgn0051617	P02255
FBgn0051618	P84051
FBgn0051619	Q0E8N3
FBgn0051624	Q9VIE3
FBgn0051626	Q8INT9
FBgn0051627	Q8INU1
FBgn0051632	Q9VM77
FBgn0051633	Q9VMA6
FBgn0051634	Q8SY02
FBgn0051635	M9PCB8
FBgn0051636	Q8IPJ5
FBgn0051637	Q9VMC3
FBgn0051638	Q9VMC7
FBgn0051639	Q8IPJ8
FBgn0051642	Q8IPJ9
FBgn0051643	Q960W0
FBgn0051644	X2JD93
FBgn0051646	Q9VMN6
FBgn0051648	Q9VMQ6
FBgn0051658	Q8IPW3
FBgn0051659	Q8IPX4
FBgn0051660	M9ND25
FBgn0051661	Q9VQ14
FBgn0051663	Q9VQ52
FBgn0051664	M9PC61
FBgn0051665	Q7KU08
FBgn0051668	Q8IPY0
FBgn0051673	Q9VII9
FBgn0051674	Q8INU6
FBgn0051675	Q8SXV2
FBgn0051676	Q9VII5
FBgn0051677	Q8INV0
FBgn0051678	Q9VIK7
FBgn0051679	Q9VQ95
FBgn0051680	Q8INU9
FBgn0051681	Q8IPY7
FBgn0051682	Q8IPY9
FBgn0051683	Q9Y168
FBgn0051687	E1JHM5
FBgn0051690	Q9VQE9
FBgn0051693	Q7KRS1
FBgn0051694	Q9VQI5
FBgn0051697	Q8INW1
FBgn0051698	Q8MS99
FBgn0051702	Q8IME8
FBgn0051703	Q8IME7
FBgn0051704	Q8IPA4
FBgn0051706	Q8T0P4
FBgn0051708	Q9VLF0
FBgn0051709	Q8IPE7
FBgn0051710	M9PCH5
FBgn0051712	Q9VL63
FBgn0051715	Q8MYY7
FBgn0051716	M9PB92
FBgn0051717	Q8T8T9
FBgn0051718	M9PCT4
FBgn0051719	Q9VKV0
FBgn0051720	E2QCS3
FBgn0051721	M9MRI4
FBgn0051729	Q9VK06
FBgn0051730	Q8IP77
FBgn0051735	Q8MZA2
FBgn0051739	M9PDL2
FBgn0051740	Q8T403
FBgn0051741	Q9VJA7
FBgn0051742	Q8INY4
FBgn0051752	Q8INX2
FBgn0051755	Q9VL52
FBgn0051759	Q8IP91
FBgn0051760	Q9VKA4
FBgn0051769	Q8SZK5
FBgn0051773	Q9VQW0
FBgn0051774	A0A023GPK8
FBgn0051776	Q8IA43
FBgn0051777	Q8IQ06
FBgn0051778	Q8SZI8
FBgn0051779	Q4V621
FBgn0051780	Q7KT73
FBgn0051784	Q8INZ5
FBgn0051785	Q8INY2
FBgn0051787	Q8INX8
FBgn0051788	Q8INX9
FBgn0051789	Q8INX6
FBgn0051792	Q9VJ21
FBgn0051793	Q8MT77
FBgn0051797	Q9VIY5
FBgn0051798	Q8INW8
FBgn0051800	Q8INX1
FBgn0051802	Q8T415
FBgn0051803	Q8T3V7
FBgn0051804	Q8INY9
FBgn0051805	M9NDR0
FBgn0051806	Q9VJF8
FBgn0051807	Q8IP15
FBgn0051809	Q8INZ8
FBgn0051810	Q8SX47
FBgn0051812	Q8IP11
FBgn0051813	Q8IP68
FBgn0051814	Q8IP70
FBgn0051815	Q8IP16
FBgn0051816	Q8IP17
FBgn0051820	Q8IP27
FBgn0051821	Q9VJN0
FBgn0051823	Q8IP31
FBgn0051826	Q9VJN4
FBgn0051827	Q7KT71
FBgn0051832	Q7KT80
FBgn0051835	Q7KT86
FBgn0051848	Q8IP75
FBgn0051849	Q95RF3
FBgn0051851	Q8IP78
FBgn0051852	Q9VJZ5
FBgn0051855	Q8IP73
FBgn0051858	Q8IP85
FBgn0051860	Q9VKA3
FBgn0051861	Q059A6
FBgn0051862	Q8IP88
FBgn0051864	Q8IPA0
FBgn0051865	Q8IP99
FBgn0051866	Q8IPA1
FBgn0051867	Q8IPB0
FBgn0051869	Q9VKQ0
FBgn0051870	Q8T3Q4
FBgn0051871	Q9VKS5
FBgn0051872	Q9VKT1
FBgn0051874	Q8IPD2
FBgn0051875	Q8IPD6
FBgn0051876	Q8IPD8
FBgn0051897	Q8IPF4
FBgn0051898	Q8IPF7
FBgn0051901	Q8IPF8
FBgn0051902	Q0E8V6
FBgn0051907	Q8IPI4
FBgn0051908	Q8T9H8
FBgn0051909	Q8IPI2
FBgn0051910	Q8T421
FBgn0051913	Q8IPK2
FBgn0051915	Q8IPK4
FBgn0051921	Q8IPV8
FBgn0051922	Q8IPW7
FBgn0051924	Q8MZ65
FBgn0051926	Q9VQ13
FBgn0051928	Q9VQ11
FBgn0051933	Q9VQ50
FBgn0051935	Q9VQ26
FBgn0051948	Q8IPY5
FBgn0051949	Q8IPY6
FBgn0051950	Q8IPZ7
FBgn0051952	Q9VQQ4
FBgn0051954	Q8IQ10
FBgn0051955	Q8IQ04
FBgn0051956	Q8IA42
FBgn0051957	Q8IQ13
FBgn0051960	Q8IQ15
FBgn0051961	Q95TP0
FBgn0051973	Q9VPI3
FBgn0051974	M9PDQ9
FBgn0051975	Q8IPV2
FBgn0051976	Q9VPK1
FBgn0051988	Q8T0V8
FBgn0051989	Q9VMQ4
FBgn0051992	Q8SY33
FBgn0051998	Q9V4B6
FBgn0051999	Q9V4B8
FBgn0052000	A8DZ26
FBgn0052006	Q8IMA2
FBgn0052016	Q8IH18
FBgn0052017	Q8IM93
FBgn0052022	Q8T481
FBgn0052023	Q4V6M5
FBgn0052024	Q8IQB0
FBgn0052026	Q8T0R3
FBgn0052029	Q9VSN3
FBgn0052036	Q9VT02
FBgn0052037	Q95RP1
FBgn0052039	Q8IQC6
FBgn0052040	Q8IQC7
FBgn0052053	Q9VT79
FBgn0052054	Q8IQE0
FBgn0052055	Q9VT89
FBgn0052056	Q9VT88
FBgn0052057	Q9VT83
FBgn0052058	Q8IQE2
FBgn0052061	Q9VT96
FBgn0052062	M9NFQ7
FBgn0052064	Q95R35
FBgn0052066	Q7K1H0
FBgn0052068	Q6AWN0
FBgn0052069	Q9VTE1
FBgn0052071	Q9VTF1
FBgn0052072	Q5JZZ4
FBgn0052073	Q9VTF2
FBgn0052074	Q8IQE7
FBgn0052075	Q8SZY9
FBgn0052076	Q8T8L8
FBgn0052079	Q9VTD5
FBgn0052081	Q8IQF3
FBgn0052082	Q8IQE6
FBgn0052085	Q9VTL8
FBgn0052086	Q8IQG0
FBgn0052087	Q8MR82
FBgn0052088	Q9VTM9
FBgn0052091	Q9VTL3
FBgn0052095	Q95U65
FBgn0052099	Q8SXB3
FBgn0052100	Q9VTV7
FBgn0052102	Q8MYZ2
FBgn0052103	Q0E8F2
FBgn0052104	Q9VTX1
FBgn0052105	Q9VTW5
FBgn0052106	Q8IQI2
FBgn0052107	M9PCC8
FBgn0052109	Q9VU04
FBgn0052110	Q8IQH8
FBgn0052112	Q8IQI5
FBgn0052113	Q9VU08
FBgn0052115	Q8I0T1
FBgn0052117	Q8IQJ2
FBgn0052119	Q8IQJ8
FBgn0052121	Q8IQJ5
FBgn0052133	Q9VUB7
FBgn0052137	Q8SWR2
FBgn0052141	Q8IQL2
FBgn0052150	Q9VUU9
FBgn0052152	X2JB47
FBgn0052161	Q8IQP0
FBgn0052163	Q8IQP3
FBgn0052170	Q8I0S2
FBgn0052174	Q9VVG6
FBgn0052176	Q9VVG9
FBgn0052177	Q9VVJ5
FBgn0052179	Q9VVJ6
FBgn0052181	Q8MSM7
FBgn0052182	Q8IQR2
FBgn0052183	Q9VVK3
FBgn0052185	Q8IQR7
FBgn0052187	Q9VVK9
FBgn0052188	Q8SXZ5
FBgn0052189	Q8SXZ5
FBgn0052190	Q9VVK7
FBgn0052191	Q8IQS4
FBgn0052192	Q8IQR9
FBgn0052195	Q8IQS5
FBgn0052196	Q8IQT0
FBgn0052198	Q8IQS8
FBgn0052199	Q9VVQ9
FBgn0052201	Q8IQS7
FBgn0052202	Q4V604
FBgn0052203	Q3HKQ3
FBgn0052204	A0A6M3Q9R8
FBgn0052206	R9PY60
FBgn0052208	Q8IQU7
FBgn0052212	Q8IQU5
FBgn0052213	Q8IQU6
FBgn0052214	Q8IQU8
FBgn0052219	Q8MSL7
FBgn0052220	Q8IQV0
FBgn0052221	Q8IQV2
FBgn0052225	Q8IQV4
FBgn0052227	Q9VWA7
FBgn0052228	Q9VWA5
FBgn0052230	Q8SYJ2
FBgn0052232	Q8IRA1
FBgn0052237	Q9VZ79
FBgn0052238	Q9VZ97
FBgn0052240	Q8I0L0
FBgn0052241	Q8IRB3
FBgn0052243	Q8MZ22
FBgn0052246	Q8IRA7
FBgn0052248	Q8IRB1
FBgn0052249	Q8IRB2
FBgn0052250	Q9VZD9
FBgn0052251	Q8IRB5
FBgn0052255	P83297
FBgn0052259	Q4QQ81
FBgn0052260	Q8IRB8
FBgn0052262	Q9VZM6
FBgn0052263	Q8IRC8
FBgn0052264	Q9VZN0
FBgn0052266	Q8MSE9
FBgn0052267	Q8IRD0
FBgn0052268	Q9VZQ4
FBgn0052269	Q8SYS8
FBgn0052270	Q8IRE0
FBgn0052271	Q8IRE2
FBgn0052274	Q9VZQ5
FBgn0052277	Q8IRE1
FBgn0052278	Q9VZU0
FBgn0052279	Q7YXH9
FBgn0052280	Q8IRE5
FBgn0052281	Q8IRE4
FBgn0052282	Q8IRD6
FBgn0052283	Q8IRD7
FBgn0052284	Q8MS92
FBgn0052296	B7Z043
FBgn0052298	Q8IRF1
FBgn0052299	Q8IRF2
FBgn0052301	Q9W037
FBgn0052302	Q9W030
FBgn0052304	Q8IRF4
FBgn0052305	Q8IRF5
FBgn0052311	M9PBJ1
FBgn0052313	M9PBI0
FBgn0052318	Q7KVC2
FBgn0052319	Q8IRH2
FBgn0052320	Q8IRH3
FBgn0052333	M9PGQ5
FBgn0052343	M9NFF9
FBgn0052344	Q8SY39
FBgn0052350	Q8SX81
FBgn0052351	Q9VSM7
FBgn0052354	Q9VSK1
FBgn0052364	Q8IQA2
FBgn0052365	Q9VSB3
FBgn0052369	Q9VSB2
FBgn0052371	Q8IQA0
FBgn0052373	Q8SYF5
FBgn0052374	Q9VS87
FBgn0052376	Q8IQ89
FBgn0052379	Q9VS65
FBgn0052380	Q9VS60
FBgn0052382	Q9VS71
FBgn0052383	Q8IQ79
FBgn0052391	E1JI53
FBgn0052392	Q9VRY7
FBgn0052396	Q9VRX3
FBgn0052404	Q9VRU7
FBgn0052405	Q8I0P8
FBgn0052406	Q9VRS2
FBgn0052407	Q9VRR3
FBgn0052409	Q8I937
FBgn0052412	Q9VRQ9
FBgn0052413	Q8I936
FBgn0052418	Q8SWS7
FBgn0052423	Q8MSV2
FBgn0052425	Q9VPD7
FBgn0052428	C0PV00
FBgn0052432	Q9VPA1
FBgn0052436	Q9VP43
FBgn0052437	Q9VP41
FBgn0052438	Q8IPT2
FBgn0052440	Q8IPT5
FBgn0052441	Q8IPT0
FBgn0052442	Q8SYH1
FBgn0052445	Q8MR63
FBgn0052446	M9PD88
FBgn0052447	Q8MQZ8
FBgn0052448	Q8IPS9
FBgn0052450	Q8MRL1
FBgn0052451	M9PG15
FBgn0052452	Q960E9
FBgn0052453	Q9VNS7
FBgn0052457	E2QCY3
FBgn0052459	Q9VNQ6
FBgn0052461	Q8IPS1
FBgn0052462	Q8IPS5
FBgn0052463	Q8IPZ0
FBgn0052473	Q8INH6
FBgn0052475	Q9W0V7
FBgn0052476	Q8SYV9
FBgn0052479	Q9W0L7
FBgn0052483	Q8IRI8
FBgn0052484	Q9VZW0
FBgn0052485	Q8I941
FBgn0052487	Q9VZW4
FBgn0052488	Q8SXC9
FBgn0052495	Q86B44
FBgn0052499	Q9VR69
FBgn0052506	Q8IQ30
FBgn0052507	R9PY48
FBgn0052512	Q9VRE4
FBgn0052521	Q9VRF7
FBgn0052523	Q8IQ51
FBgn0052528	Q9VWD0
FBgn0052529	Q9VWC0
FBgn0052532	Q9VWH1
FBgn0052533	Q9VWI5
FBgn0052536	Q9VWJ3
FBgn0052537	Q8IQX0
FBgn0052544	Q8IQX3
FBgn0052547	Q59E37
FBgn0052548	Q9VWU6
FBgn0052549	Q9VWV5
FBgn0052551	Q8IQY1
FBgn0052554	Q8IQZ4
FBgn0052557	Q9VX11
FBgn0052563	Q9VX72
FBgn0052564	Q8IR01
FBgn0052568	Q9VXB7
FBgn0052569	Q8IR09
FBgn0052570	Q8IR10
FBgn0052571	Q8IR11
FBgn0052572	Q9VXB8
FBgn0052573	Q9VXD7
FBgn0052574	Q8IR08
FBgn0052576	Q59E43
FBgn0052579	M9PHA4
FBgn0052580	Q8IR22
FBgn0052581	Q8IR26
FBgn0052588	Q8T8R7
FBgn0052590	Q8IR45
FBgn0052591	Q8IR43
FBgn0052594	Q9VXZ3
FBgn0052598	Q8IR50
FBgn0052600	Q9VY33
FBgn0052601	B6VQA0
FBgn0052602	Q8IR52
FBgn0052603	Q8IR57
FBgn0052625	Q8IR64
FBgn0052626	X2JEY5
FBgn0052631	Q9VYB9
FBgn0052633	Q960J9
FBgn0052638	Q8IR72
FBgn0052639	Q8IR70
FBgn0052640	Q8I079
FBgn0052641	Q8I079
FBgn0052642	Q8IR75
FBgn0052643	Q8IR73
FBgn0052644	Q8IR74
FBgn0052645	Q9VYG5
FBgn0052647	Q9VYJ3
FBgn0052649	Q9VYI6
FBgn0052650	Q9VYI7
FBgn0052651	Q8IR82
FBgn0052654	X2JEM2
FBgn0052655	Q8IR83
FBgn0052656	X2JBD0
FBgn0052666	Q0KHT7
FBgn0052667	Q8IR95
FBgn0052668	Q8IR94
FBgn0052669	P83740
FBgn0052670	Q8IR98
FBgn0052671	Q9VZ47
FBgn0052672	Q9W2S2
FBgn0052673	Q8IRK8
FBgn0052675	Q9W2S1
FBgn0052676	Q8SXD4
FBgn0052677	Q9W2S5
FBgn0052679	Q8IRL3
FBgn0052681	Q8IRL0
FBgn0052683	Q9W2V2
FBgn0052685	M9NGY4
FBgn0052686	Q8IRL2
FBgn0052687	Q9W2U2
FBgn0052693	Q8IRL8
FBgn0052694	Q9W2Z7
FBgn0052695	Q9W312
FBgn0052698	Q9W316
FBgn0052699	Q0KHU5
FBgn0052702	Q9W332
FBgn0052703	Q9W354
FBgn0052704	Q9W365
FBgn0052706	Q8IRM9
FBgn0052707	Q9W395
FBgn0052708	Q9W394
FBgn0052712	Q8IRN4
FBgn0052713	Q8IRN3
FBgn0052718	M9PHC0
FBgn0052719	Q8IRP4
FBgn0052720	Q8IRP3
FBgn0052726	Q8IRP5
FBgn0052732	Q9W3U1
FBgn0052736	Q9W3T5
FBgn0052750	P83548
FBgn0052751	Q8IRR1
FBgn0052755	Q8IRR3
FBgn0052756	Q95RH3
FBgn0052758	Q9W486
FBgn0052762	Q8IRR6
FBgn0052767	Q9W4E8
FBgn0052772	Q9W4F9
FBgn0052774	Q9W4M2
FBgn0052783	Q8IRS9
FBgn0052786	Q8IRT0
FBgn0052791	Q9W4R3
FBgn0052792	Q0KHW3
FBgn0052793	Q9W4V0
FBgn0052797	Q8IRW0
FBgn0052801	Q9W545
FBgn0052803	M9PIQ9
FBgn0052806	Q8IRX1
FBgn0052808	Q8IRX5
FBgn0052811	R9PY44
FBgn0052813	A0A6H2EFE9
FBgn0052814	E4NKK8
FBgn0052815	Q8IRY5
FBgn0052816	Q8IRY9
FBgn0052817	Q8IRY8
FBgn0052819	Q8I0K9
FBgn0052820	Q8I0K9
FBgn0052823	Q8IRZ3
FBgn0052829	Q8IPI9
FBgn0052831	Q8IPA8
FBgn0052832	Q8INZ7
FBgn0052833	Q8MLS8
FBgn0052834	A0A0B4JCV5
FBgn0052843	A0A0B4KF12
FBgn0052845	Q8IRJ5
FBgn0052846	M9MSK1
FBgn0052847	Q8IQM1
FBgn0052850	Q8SX35
FBgn0052855	Q8INC0
FBgn0052856	Q8INC7
FBgn0052857	Q8SY96
FBgn0052939	Q9I7K4
FBgn0052944	Q9VN23
FBgn0052945	Q86BB7
FBgn0052971	Q86BK9
FBgn0052982	E1JHC2
FBgn0052983	Q9VLH6
FBgn0052984	Q86BL8
FBgn0052985	Q86BL9
FBgn0052986	Q86BM4
FBgn0052987	Q86BM3
FBgn0052988	Q86BM2
FBgn0053002	Q86BM8
FBgn0053003	B7Z017
FBgn0053012	A1Z8X9
FBgn0053017	A1ZAC8
FBgn0053051	Q86BI8
FBgn0053052	Q8IQQ4
FBgn0053054	Q8IPU1
FBgn0053056	Q961L8
FBgn0053057	Q86BH3
FBgn0053060	Q86BI5
FBgn0053061	Q86BI6
FBgn0053062	Q8MQY0
FBgn0053080	Q9W490
FBgn0053082	Q86B65
FBgn0053087	A0A0B4KFD1
FBgn0053092	Q8T0Q8
FBgn0053093	Q86B82
FBgn0053094	A0A0B4KH28
FBgn0053095	Q9VBX7
FBgn0053096	A0A4D6K2Q0
FBgn0053098	Q9VG88
FBgn0053099	Q86B83
FBgn0053100	E1JIV5
FBgn0053105	Q86BA5
FBgn0053107	Q9VCY2
FBgn0053108	Q9VCE8
FBgn0053109	Q9VFL9
FBgn0053110	Q9VCY5
FBgn0053111	Q9VCH2
FBgn0053113	E1JHT6
FBgn0053116	Q9VIU4
FBgn0053117	Q8INV7
FBgn0053120	Q9VJ41
FBgn0053121	Q9VLV3
FBgn0053124	Q9VQ85
FBgn0053125	Q86BM7
FBgn0053126	M9PBN2
FBgn0053127	Q86B58
FBgn0053128	Q9VQ12
FBgn0053129	Q9VKM7
FBgn0053136	A0A0B4LG03
FBgn0053137	A1Z993
FBgn0053138	A1Z992
FBgn0053140	Q7JRQ1
FBgn0053143	Q9W233
FBgn0053144	Q7JR34
FBgn0053145	A1Z8R6
FBgn0053147	Q8MRE7
FBgn0053155	Q0E985
FBgn0053156	A1Z9F4
FBgn0053158	Q9VV61
FBgn0053159	Q9VZT0
FBgn0053160	Q9VZS9
FBgn0053169	Q8SY72
FBgn0053170	Q86BG3
FBgn0053172	Q86B53
FBgn0053177	Q86B54
FBgn0053178	X2JF29
FBgn0053179	Q9VJF7
FBgn0053180	Q9GQN0
FBgn0053181	A8JV32
FBgn0053182	Q9V6L0
FBgn0053189	Q86BA8
FBgn0053191	Q961W9
FBgn0053192	Q8I9B4
FBgn0053193	Q9VCR6
FBgn0053194	Q8T0X8
FBgn0053196	M9PB30
FBgn0053198	Q86BE9
FBgn0053199	A1Z7L4
FBgn0053200	Q9N2P6
FBgn0053202	Q8MRE6
FBgn0053203	B7Z0R3
FBgn0053207	Q8MY02
FBgn0053208	Q86BA1
FBgn0053213	Q9VAY8
FBgn0053217	Q8MS38
FBgn0053223	Q7KVT0
FBgn0053225	A0A0B4LG43
FBgn0053229	Q95RM0
FBgn0053230	Q7KVB0
FBgn0053233	Q86NP5
FBgn0053234	A8JNI7
FBgn0053236	Q7KV12
FBgn0053237	Q7KV13
FBgn0053238	Q7KV14
FBgn0053239	Q7KV15
FBgn0053240	Q7KV12
FBgn0053241	Q7KV15
FBgn0053242	Q7KV18
FBgn0053243	Q7KV19
FBgn0053244	Q7KV12
FBgn0053245	Q7KV12
FBgn0053246	Q7KV22
FBgn0053247	Q7KV23
FBgn0053252	Q7KUX0
FBgn0053257	Q7KUP8
FBgn0053258	Q2PDZ1
FBgn0053260	Q0E8E7
FBgn0053262	Q7KUI9
FBgn0053263	Q7KUJ0
FBgn0053265	Q7KUI0
FBgn0053267	Q7KUG7
FBgn0053269	Q7KUG2
FBgn0053270	Q7KUG3
FBgn0053271	Q7KUG4
FBgn0053272	Q7KUG8
FBgn0053276	Q7KU86
FBgn0053278	Q8SY49
FBgn0053281	Q8IPZ9
FBgn0053282	Q9VQP0
FBgn0053284	Q7KTX0
FBgn0053285	Q7KTX1
FBgn0053286	Q7KTX4
FBgn0053287	B7Z095
FBgn0053288	Q7KTW3
FBgn0053289	Q7KTW2
FBgn0053290	Q7KTW1
FBgn0053293	Q95TA8
FBgn0053296	Q7KTJ8
FBgn0053299	Q7KTG1
FBgn0053300	Q7KTF6
FBgn0053301	Q9VL46
FBgn0053302	Q8IPD5
FBgn0053303	Q76NQ0
FBgn0053306	Q7KTA2
FBgn0053307	Q961T9
FBgn0053309	Q7KT81
FBgn0053310	Q7KT77
FBgn0053322	Q7KT15
FBgn0053325	Q7KSU5
FBgn0053329	Q7KSK1
FBgn0053333	Q7KSF2
FBgn0053337	Q7KS40
FBgn0053339	Q9VC85
FBgn0053340	Q8IMW8
FBgn0053341	Q7KS23
FBgn0053346	Q7KRX0
FBgn0053348	Q3ZAK6
FBgn0053349	A1Z6S4
FBgn0053453	A1ZBI2
FBgn0053454	A1ZBI1
FBgn0053458	A1ZAG8
FBgn0053459	A1ZAG9
FBgn0053460	Q4V532
FBgn0053461	A1ZA41
FBgn0053462	A1ZA42
FBgn0053463	A1ZA59
FBgn0053465	A1ZA51
FBgn0053467	A0A0B4LFG8
FBgn0053468	A1Z9S4
FBgn0053469	A1Z9S3
FBgn0053470	C0HLZ9
FBgn0053474	A1Z891
FBgn0053475	A1Z887
FBgn0053476	A1Z886
FBgn0053477	A1Z885
FBgn0053481	A8DZ27
FBgn0053483	A0A0B4JDE6
FBgn0053489	Q7KUG5
FBgn0053490	Q8MST3
FBgn0053493	Q7KUE6
FBgn0053494	Q86P02
FBgn0053497	Q7KWG3
FBgn0053499	B5RJJ8
FBgn0053500	Q7KUG9
FBgn0053502	Q8SY96
FBgn0053503	Q7KR10
FBgn0053505	Q8MSW9
FBgn0053506	A1Z9W2
FBgn0053508	Q86LG9
FBgn0053509	Q59DY1
FBgn0053510	Q59DY2
FBgn0053511	Q59DY3
FBgn0053512	Q59DX6
FBgn0053513	Q9W581
FBgn0053514	Q6NLM7
FBgn0053516	Q59E13
FBgn0053517	Q8IS44
FBgn0053519	A8DYP0
FBgn0053523	M9PBR6
FBgn0053526	Q7KU01
FBgn0053527	Q6IGX9
FBgn0053530	Q6IGA4
FBgn0053531	Q59DZ7
FBgn0053532	Q59DY6
FBgn0053533	Q59DY5
FBgn0053542	Q59E38
FBgn0053543	Q59E14
FBgn0053544	A1ZAJ5
FBgn0053547	A0A0B4K6M2
FBgn0053548	O46040
FBgn0053552	Q59DY8
FBgn0053554	Q8I8U7
FBgn0053556	A8JNM1
FBgn0053557	Q59E67
FBgn0053558	A0A0B4JCZ8
FBgn0053626	A1Z8Z5
FBgn0053627	A1Z8Z6
FBgn0053630	Q4AB38
FBgn0053631	Q4AB37
FBgn0053632	Q0E9B1
FBgn0053635	Q6II06
FBgn0053639	Q9VWX4
FBgn0053640	Q4ABG1
FBgn0053641	Q4ABG0
FBgn0053642	Q4ABF9
FBgn0053643	Q4ABF8
FBgn0053644	Q4ABF7
FBgn0053645	Q4ABF6
FBgn0053647	Q4ABJ8
FBgn0053648	Q2MGK1
FBgn0053653	Q9NHE5
FBgn0053654	Q4AB39
FBgn0053658	Q4AB23
FBgn0053664	Q2MGP7
FBgn0053665	Q2MGP2
FBgn0053666	Q2MGP3
FBgn0053667	Q2MGP4
FBgn0053668	Q2MGP5
FBgn0053669	Q2MGP6
FBgn0053673	Q4ABI5
FBgn0053679	Q4ABF4
FBgn0053680	Q4ABK2
FBgn0053687	Q4ABJ3
FBgn0053688	Q4ABJ2
FBgn0053689	Q4ABJ1
FBgn0053690	Q4ABJ0
FBgn0053696	Q9VT27
FBgn0053700	Q4ABI6
FBgn0053702	Q4ABI7
FBgn0053703	Q4ABI8
FBgn0053704	Q4ABK3
FBgn0053710	Q4ABJ9
FBgn0053721	Q0KI29
FBgn0053723	Q4ABG8
FBgn0053725	Q4ABI9
FBgn0053752	A1Z922
FBgn0053757	A1Z7U8
FBgn0053758	A1Z7U7
FBgn0053764	Q2MGL5
FBgn0053766	Q4ABI0
FBgn0053767	Q4ABH9
FBgn0053768	Q4ABH8
FBgn0053769	Q4ABH7
FBgn0053770	Q4ABH6
FBgn0053771	Q4ABH5
FBgn0053772	Q4ABH4
FBgn0053773	Q4AB21
FBgn0053774	A1Z7U3
FBgn0053775	A1Z924
FBgn0053777	Q4ABK1
FBgn0053783	Q4AB36
FBgn0053784	Q4AB35
FBgn0053792	A1Z931
FBgn0053795	Q4ABJ4
FBgn0053796	Q4ABJ5
FBgn0053798	A1Z977
FBgn0053801	Q4ABE3
FBgn0053803	P02299
FBgn0053804	P02255
FBgn0053806	P02299
FBgn0053807	Q4ABD8
FBgn0053808	P84051
FBgn0053809	P02299
FBgn0053810	P02255
FBgn0053812	P02299
FBgn0053813	P02255
FBgn0053814	P84051
FBgn0053815	P02299
FBgn0053816	P02255
FBgn0053817	P84051
FBgn0053818	P02299
FBgn0053819	P02255
FBgn0053820	P84051
FBgn0053821	P02299
FBgn0053822	P02255
FBgn0053823	P84051
FBgn0053824	P02299
FBgn0053825	P02255
FBgn0053826	P84051
FBgn0053827	P02299
FBgn0053828	P02255
FBgn0053829	P84051
FBgn0053830	P02299
FBgn0053831	P02255
FBgn0053832	P84051
FBgn0053833	P02299
FBgn0053834	Q4AB94
FBgn0053835	P84051
FBgn0053836	P02299
FBgn0053837	P02255
FBgn0053838	P84051
FBgn0053839	P02299
FBgn0053840	P02255
FBgn0053841	P84051
FBgn0053842	P02299
FBgn0053843	P02255
FBgn0053844	P84051
FBgn0053845	P02299
FBgn0053846	P02255
FBgn0053847	P84051
FBgn0053848	P02299
FBgn0053849	P02255
FBgn0053850	P84051
FBgn0053851	P02299
FBgn0053852	P02255
FBgn0053853	Q4AB57
FBgn0053854	P02299
FBgn0053855	Q4AB54
FBgn0053856	Q4AB57
FBgn0053857	P02299
FBgn0053858	Q4AB54
FBgn0053859	Q4AB57
FBgn0053860	P02299
FBgn0053861	Q4AB54
FBgn0053862	P84051
FBgn0053863	P02299
FBgn0053864	P02255
FBgn0053865	P84051
FBgn0053866	P02299
FBgn0053868	P02283
FBgn0053869	P84040
FBgn0053870	P02283
FBgn0053871	P84040
FBgn0053872	P02283
FBgn0053873	P84040
FBgn0053874	P02283
FBgn0053875	P84040
FBgn0053876	P02283
FBgn0053877	P84040
FBgn0053878	P02283
FBgn0053879	P84040
FBgn0053880	P02283
FBgn0053881	P84040
FBgn0053882	P02283
FBgn0053883	P84040
FBgn0053884	P02283
FBgn0053885	P84040
FBgn0053886	P02283
FBgn0053887	P84040
FBgn0053888	P02283
FBgn0053889	P84040
FBgn0053890	P02283
FBgn0053891	P84040
FBgn0053892	P02283
FBgn0053893	P84040
FBgn0053894	P02283
FBgn0053895	P84040
FBgn0053896	P02283
FBgn0053897	P84040
FBgn0053898	P02283
FBgn0053899	P84040
FBgn0053900	P02283
FBgn0053901	P84040
FBgn0053902	P02283
FBgn0053903	P84040
FBgn0053904	P02283
FBgn0053905	P84040
FBgn0053906	P02283
FBgn0053907	P84040
FBgn0053908	P02283
FBgn0053909	P84040
FBgn0053910	P02283
FBgn0053912	Q4ABI1
FBgn0053914	A1Z6U0
FBgn0053919	A1Z6L8
FBgn0053920	Q4AB20
FBgn0053922	Q4ABI3
FBgn0053923	Q4ABI4
FBgn0053926	Q9VSZ0
FBgn0053927	Q4ABH2
FBgn0053928	Q4ABF1
FBgn0053958	A1ZB47
FBgn0053964	Q86NX3
FBgn0053965	Q2MGL9
FBgn0053966	Q2MGL8
FBgn0053969	Q8SX44
FBgn0053970	Q86P18
FBgn0053971	Q2MGM0
FBgn0053977	Q2PDR0
FBgn0053978	Q2PDM3
FBgn0053983	Q7KUN4
FBgn0053985	Q2PDY7
FBgn0053986	Q2PDY8
FBgn0053988	Q9I7V0
FBgn0053993	Q6NR09
FBgn0053995	Q2MGK7
FBgn0053998	Q6IG52
FBgn0054001	Q2PDX2
FBgn0054002	Q2PDZ4
FBgn0054003	Q2PDU0
FBgn0054005	Q6IG80
FBgn0054007	Q2PDS0
FBgn0054008	Q6IJL2
FBgn0054010	Q2PDV0
FBgn0054011	Q2PDV5
FBgn0054012	Q6ILD8
FBgn0054015	Q6IIA4
FBgn0054021	A1Z8X1
FBgn0054025	Q2PE06
FBgn0054026	Q2PE22
FBgn0054027	Q2PDQ0
FBgn0054028	Q6III4
FBgn0054029	Q6IGZ9
FBgn0054030	Q6ILN6
FBgn0054031	M9NDG6
FBgn0054033	Q6IGS3
FBgn0054034	E1JIS4
FBgn0054038	Q2PE11
FBgn0054039	A8E6W0
FBgn0054040	Q2PE19
FBgn0054041	Q2PDP5
FBgn0054043	Q0KIG0
FBgn0054045	A1ZBJ7
FBgn0054049	A8WHB7
FBgn0054051	Q6IH48
FBgn0054054	Q6IGP4
FBgn0054056	Q9W0L4
FBgn0054057	Q2PE08
FBgn0058002	Q7PL91
FBgn0058006	Q8SYC3
FBgn0058045	Q8SYG3
FBgn0058064	D2A6K3
FBgn0058160	Q95RS6
FBgn0058191	Q7PLT1
FBgn0058198	Q8SWU8
FBgn0058263	Q494G7
FBgn0058298	Q7PLK1
FBgn0058439	Q7PL72
FBgn0058470	Q7PLV6
FBgn0060296	Q9W0Y6
FBgn0061196	Q7KVW9
FBgn0061197	A1Z8W1
FBgn0061198	Q8MLQ0
FBgn0061200	Q9VXE6
FBgn0061209	P02283
FBgn0061356	A1Z8D3
FBgn0061359	Q7K2V9
FBgn0061360	A1Z933
FBgn0061361	Q8SYJ9
FBgn0061362	A1ZBX4
FBgn0061435	A0A4W0WZA6
FBgn0061469	Q9VTH1
FBgn0061476	Q9VA00
FBgn0061492	Q9VRU2
FBgn0061515	Q9VUB8
FBgn0062411	Q9VA22
FBgn0062412	Q9VHS6
FBgn0062413	M9NE97
FBgn0062440	Q7JX57
FBgn0062442	Q9VAM6
FBgn0062449	Q8SX38
FBgn0062517	Q9VZZ8
FBgn0062565	Q8IRZ5
FBgn0062978	F9VMG5
FBgn0063261	Q7JQ02
FBgn0063368	Q4V4C8
FBgn0063485	Q8I7C3
FBgn0063491	Q7K8X7
FBgn0063492	A1ZB73
FBgn0063493	A1ZB72
FBgn0063494	A1ZB71
FBgn0063495	A1ZB70
FBgn0063496	A1ZB69
FBgn0063497	A1ZB68
FBgn0063498	Q7JYZ9
FBgn0063499	Q4V6J1
FBgn0063649	A2RVG5
FBgn0063667	Q8SXQ8
FBgn0063670	Q8MQI6
FBgn0063923	O97042
FBgn0064115	Q86BL4
FBgn0064116	Q9VRG6
FBgn0064117	Q0KHQ1
FBgn0064119	E1JIQ7
FBgn0064126	Q6NL44
FBgn0064225	Q9W5R8
FBgn0064227	Q7KV62
FBgn0064237	Q8T0R7
FBgn0064766	Q9XZ12
FBgn0064912	B7Z0N9
FBgn0065032	Q9VX82
FBgn0065035	Q7KUZ2
FBgn0065108	Q86LG7
FBgn0065109	Q9VL84
FBgn0065110	Q86LH1
FBgn0066084	Q962S2
FBgn0066101	A8JRD0
FBgn0066114	O97422
FBgn0066292	A1Z6S2
FBgn0066293	A1Z6S1
FBgn0066303	Q8SXX5
FBgn0066304	Q2MGL3
FBgn0066365	Q9VZE0
FBgn0067052	Q8IRK9
FBgn0067102	Q9W297
FBgn0067311	Q7KT14
FBgn0067312	Q7KT13
FBgn0067317	B9A0M5
FBgn0067622	Q76NP9
FBgn0067628	Q8INF2
FBgn0067629	Q9VFF2
FBgn0067779	Q9V474
FBgn0067782	Q7KSA5
FBgn0067783	Q9VDL7
FBgn0067861	Q9W5W4
FBgn0067864	Q9NB04
FBgn0067903	P82701
FBgn0067905	P83869
FBgn0069056	Q7KVM8
FBgn0069242	Q9I7K5
FBgn0069354	Q9VKP2
FBgn0069913	Q9W144
FBgn0069923	Q8SY69
FBgn0069938	Q5LJU1
FBgn0069969	A8Y4V5
FBgn0069973	Q6NNV7
FBgn0082582	A0A0B4K6N4
FBgn0082585	Q961J0
FBgn0082598	Q9VS59
FBgn0082831	A0A0B4K6G3
FBgn0083068	A0A0S0WJP9
FBgn0083141	Q9VLZ8
FBgn0083167	Q9W2U8
FBgn0083228	Q9VWX8
FBgn0083936	Q45WI1
FBgn0083938	Q3HKQ0
FBgn0083940	Q0KHU4
FBgn0083941	Q9W1K2
FBgn0083942	Q6IHA3
FBgn0083943	Q0KI89
FBgn0083945	Q0IGY6
FBgn0083946	Q4V516
FBgn0083949	Q0KIB0
FBgn0083950	Q0KI85
FBgn0083951	Q0E906
FBgn0083952	Q0E8D0
FBgn0083953	Q0KI97
FBgn0083956	X2JG15
FBgn0083960	Q0E8T7
FBgn0083961	Q0E8T6
FBgn0083962	M9PEM2
FBgn0083963	Q9VIC6
FBgn0083965	Q9VBG5
FBgn0083966	Q0KI07
FBgn0083967	Q0KI28
FBgn0083968	Q0E8V7
FBgn0083969	Q8IMK1
FBgn0083970	Q0E8L1
FBgn0083971	A0A0B4KGH8
FBgn0083972	Q6IH25
FBgn0083973	Q0E8M3
FBgn0083974	A1A701
FBgn0083975	A0A6H2EDS1
FBgn0083976	Q0E8K6
FBgn0083977	D0Z740
FBgn0083978	Q8IQI9
FBgn0083979	A8JUR3
FBgn0083981	M9PI08
FBgn0083983	Q0E959
FBgn0083984	A4V381
FBgn0083985	Q0KI27
FBgn0083986	Q0KI15
FBgn0083991	Q0KHY5
FBgn0083992	Q9NGL1
FBgn0084001	M9PDY1
FBgn0085188	Q9VL29
FBgn0085190	A1A6Q5
FBgn0085191	A8DYZ4
FBgn0085192	A1A6N4
FBgn0085193	Q6IHN1
FBgn0085194	Q6IHH7
FBgn0085195	Q8MYT4
FBgn0085196	Q6IHC3
FBgn0085197	Q9VJM1
FBgn0085198	A2VEH9
FBgn0085199	A8DZ13
FBgn0085200	A8DZ15
FBgn0085201	Q6IHY5
FBgn0085202	A8DZ22
FBgn0085203	Q6IHY4
FBgn0085204	A1A6N9
FBgn0085205	A8DYU5
FBgn0085206	A8DYV0
FBgn0085207	A8DYV1
FBgn0085208	X2J753
FBgn0085209	A8DYV9
FBgn0085210	A8DYY2
FBgn0085211	A8DYY3
FBgn0085212	A8DYY5
FBgn0085213	A8DYD4
FBgn0085214	A8DYD8
FBgn0085217	Q6IGD9
FBgn0085218	A8DYG6
FBgn0085219	A8DYH0
FBgn0085220	A8DYH2
FBgn0085222	A8DYH5
FBgn0085223	A8DYH6
FBgn0085224	A1ZAY5
FBgn0085225	Q6IG77
FBgn0085227	Q6IG37
FBgn0085228	Q6IM52
FBgn0085229	Q6IGW6
FBgn0085230	A8DYJ9
FBgn0085231	A8DYK0
FBgn0085232	A8DYK8
FBgn0085233	Q6IH01
FBgn0085234	Q9W287
FBgn0085235	A8DYL4
FBgn0085236	A8DYL6
FBgn0085237	A8DYL9
FBgn0085239	Q6IGY0
FBgn0085240	A8DY46
FBgn0085241	A8DY47
FBgn0085242	A2VEK1
FBgn0085243	Q6IGX8
FBgn0085244	A8DY49
FBgn0085245	A8DY55
FBgn0085246	Q6IGU9
FBgn0085248	A8DY73
FBgn0085249	A8DY89
FBgn0085250	A2VEI5
FBgn0085252	A8DYA0
FBgn0085253	Q6IGP6
FBgn0085254	Q6IGP5
FBgn0085256	A1Z8H0
FBgn0085257	Q6IGN6
FBgn0085259	A8DYA9
FBgn0085260	A8DYB1
FBgn0085261	A8DYB4
FBgn0085263	A0A1B2AKX6
FBgn0085264	A8DYC7
FBgn0085265	A2VEM8
FBgn0085267	A8JNQ7
FBgn0085271	A1A6X2
FBgn0085273	A1A6Q4
FBgn0085274	C9QP99
FBgn0085276	Q6IL43
FBgn0085277	Q7KUP0
FBgn0085279	X2JB67
FBgn0085280	A1A716
FBgn0085282	A8JNV2
FBgn0085284	A8JNV4
FBgn0085285	C5WLR9
FBgn0085287	A8JNW0
FBgn0085288	Q6ILZ2
FBgn0085289	M9PFS9
FBgn0085290	A8JNW5
FBgn0085292	A8JNG8
FBgn0085294	Q6ILW3
FBgn0085295	A8JNL0
FBgn0085296	A1A6X5
FBgn0085297	A8JNH4
FBgn0085298	A8JNH5
FBgn0085300	A8JNL8
FBgn0085302	Q6IK18
FBgn0085303	A2VEQ2
FBgn0085305	Q9VF11
FBgn0085306	A8JQT7
FBgn0085307	Q6IJW6
FBgn0085308	A0A0C4DHH2
FBgn0085309	A8JR33
FBgn0085310	Q9VEI0
FBgn0085311	Q9VE43
FBgn0085312	A8JR38
FBgn0085313	Q6IJR5
FBgn0085315	A1A724
FBgn0085316	A2VEQ4
FBgn0085317	Q6IJF3
FBgn0085318	A0A0B4K6E5
FBgn0085319	A8JRA0
FBgn0085320	A8JRD6
FBgn0085321	Q6IJ53
FBgn0085322	A8JRE2
FBgn0085324	A8JRF1
FBgn0085325	Q6IJ01
FBgn0085326	A8JQU5
FBgn0085327	A1A709
FBgn0085328	A8JRH0
FBgn0085329	A8JRH2
FBgn0085330	Q6IKG0
FBgn0085331	A2VEV0
FBgn0085332	A8JQW9
FBgn0085334	A2VEX9
FBgn0085336	A1A711
FBgn0085337	A0A1Z1CK50
FBgn0085339	A0A0S0WGS4
FBgn0085341	A8DT49
FBgn0085342	A8DZ10
FBgn0085343	A8DYT9
FBgn0085344	A8DYC6
FBgn0085345	A1A6X9
FBgn0085346	A8JRG8
FBgn0085350	Q6IIF2
FBgn0085351	A8JUT0
FBgn0085352	A2VEV2
FBgn0085353	Q9VYC9
FBgn0085354	Q9VXC1
FBgn0085356	A8JV30
FBgn0085357	Q6II68
FBgn0085358	Q9VWM9
FBgn0085359	Q7KUV4
FBgn0085360	X2JFW7
FBgn0085361	Q7KWG5
FBgn0085362	A8JUV4
FBgn0085366	A2VEW8
FBgn0085367	A8JV15
FBgn0085369	A0AVV3
FBgn0085370	Q9VJ79
FBgn0085371	A8JNC9
FBgn0085374	A8DYR4
FBgn0085376	A8JPC8
FBgn0085377	Q9VZ05
FBgn0085380	M9PCK0
FBgn0085382	A0A0B4LI09
FBgn0085383	A8JPX0
FBgn0085384	A0A0B4K709
FBgn0085385	A0A6M3Q8Y2
FBgn0085386	A0A4D6K026
FBgn0085387	P33085
FBgn0085390	Q01583
FBgn0085391	E1JIZ9
FBgn0085395	A8DYR5
FBgn0085396	A8DYR8
FBgn0085397	A0A6M3Q7U5
FBgn0085398	Q9W2B5
FBgn0085399	A8DYL2
FBgn0085400	A0A0C4DH96
FBgn0085404	C6SUV4
FBgn0085405	Q9VD05
FBgn0085407	Q9VM39
FBgn0085408	A1Z9P3
FBgn0085409	R9PY37
FBgn0085410	Q9VML9
FBgn0085411	Q29R15
FBgn0085412	A8JR01
FBgn0085413	A8JQ65
FBgn0085414	A1Z6H9
FBgn0085415	Q1ECA0
FBgn0085417	E2QD54
FBgn0085419	A0A0B4LFV4
FBgn0085420	A8JNC7
FBgn0085421	A1Z6P8
FBgn0085422	Q9VQM8
FBgn0085423	R9PY62
FBgn0085424	P31368
FBgn0085425	Q9W2L7
FBgn0085426	A0A076NAB7
FBgn0085427	A8DYY0
FBgn0085428	A8DWJ8
FBgn0085430	Q9VWN9
FBgn0085431	A8JQY3
FBgn0085432	Q8IMA8
FBgn0085433	Q9VF73
FBgn0085434	Q9W0Y8
FBgn0085436	A0A0B4LEZ3
FBgn0085437	X2JEC6
FBgn0085438	A8JPF3
FBgn0085440	X2JJX6
FBgn0085442	A6MHQ4
FBgn0085443	Q8MQW8
FBgn0085444	A8DYH1
FBgn0085447	P91621
FBgn0085450	Q00G30
FBgn0085451	Q9VWP5
FBgn0085452	E1JGT3
FBgn0085453	Q8MLS1
FBgn0085454	A8JQT2
FBgn0085455	A8JNN8
FBgn0085456	A8JNN9
FBgn0085457	A8JNS2
FBgn0085458	A8JNS3
FBgn0085459	A8DY63
FBgn0085460	A8DY64
FBgn0085461	A8JRH4
FBgn0085462	A8JRH5
FBgn0085464	Q9W4B1
FBgn0085465	A8JRE8
FBgn0085466	A8JRF0
FBgn0085468	A8DYC4
FBgn0085470	Q9VLJ5
FBgn0085471	Q29QT4
FBgn0085472	A8DYD6
FBgn0085473	A8DYD7
FBgn0085474	Q4V6L7
FBgn0085475	A8DYM4
FBgn0085476	Q4V566
FBgn0085477	A8DYT7
FBgn0085478	Q9W345
FBgn0085479	Q8MRK8
FBgn0085480	A0A6M3QGH5
FBgn0085481	A8JNT2
FBgn0085482	A8JNG7
FBgn0085483	A8JNG6
FBgn0085484	Q7KUC2
FBgn0085485	Q9VSW3
FBgn0085486	Q4V4V0
FBgn0085487	A8DYG0
FBgn0085488	A8DYG7
FBgn0085489	A8DYG8
FBgn0085491	A8JNN4
FBgn0085506	A8QIA9
FBgn0085512	G5CKU5
FBgn0085521	A8QI13
FBgn0085569	A0A0C4DHN0
FBgn0085599	A8Y548
FBgn0085638	A0A0C4DHN2
FBgn0085692	A8QI20
FBgn0085693	A8QI32
FBgn0085736	Q7PL91
FBgn0086129	Q9XZ21
FBgn0086130	Q9VPT3
FBgn0086134	P40301
FBgn0086251	Q9VIF5
FBgn0086253	Q8T045
FBgn0086254	M9PF61
FBgn0086265	Q9VMK3
FBgn0086266	Q9VMK5
FBgn0086346	Q9VB05
FBgn0086347	Q23978
FBgn0086348	Q9VSL3
FBgn0086350	Q7K4M4
FBgn0086355	P29613
FBgn0086356	A1Z9I5
FBgn0086357	Q8STG9
FBgn0086358	Q6NQZ7
FBgn0086359	Q9VH19
FBgn0086361	Q961C5
FBgn0086362	Q9V9Y9
FBgn0086365	Q95R48
FBgn0086367	Q9W369
FBgn0086368	Q9W5D4
FBgn0086370	Q9XZL8
FBgn0086371	Q9VFW4
FBgn0086372	Q9VI75
FBgn0086378	A8Y589
FBgn0086384	Q24564
FBgn0086408	Q9W1Z6
FBgn0086442	Q9VJ14
FBgn0086443	Q9V434
FBgn0086444	Q9VIZ3
FBgn0086445	Q9VIZ2
FBgn0086446	Q9VIZ1
FBgn0086447	Q9VIZ0
FBgn0086448	Q8IR17
FBgn0086450	Q9W374
FBgn0086451	Q9VM75
FBgn0086472	P48588
FBgn0086519	Q7JZV0
FBgn0086532	Q6NR46
FBgn0086558	Q9W418
FBgn0086604	A8DYJ6
FBgn0086605	Q9VN19
FBgn0086608	F2FBC0
FBgn0086610	Q7KS21
FBgn0086611	Q9I7Q6
FBgn0086655	Q7KHG2
FBgn0086656	Q8T0Q4
FBgn0086657	Q9V3Y8
FBgn0086673	Q9VJH6
FBgn0086674	Q9VYB7
FBgn0086675	A0ACD4DAU9
FBgn0086676	Q9GQQ0
FBgn0086677	Q95NU8
FBgn0086679	Q9VHN9
FBgn0086680	P16241
FBgn0086681	Q8INX4
FBgn0086683	Q7PL83
FBgn0086686	Q9VFH4
FBgn0086687	Q7K4Y0
FBgn0086690	Q400N2
FBgn0086691	Q9V3W0
FBgn0086693	Q9W3W0
FBgn0086694	Q9VRP9
FBgn0086695	Q9VNA8
FBgn0086698	Q9VQ36
FBgn0086704	Q9VA06
FBgn0086706	Q9VSS1
FBgn0086707	Q9VJ87
FBgn0086708	A8JNS4
FBgn0086710	Q9VJ19
FBgn0086711	Q9VJQ7
FBgn0086712	Q5U117
FBgn0086757	Q7K4K7
FBgn0086758	Q9VQ30
FBgn0086768	Q27869
FBgn0086778	E1JJR2
FBgn0086779	Q0E8N2
FBgn0086782	Q24049
FBgn0086784	Q8IGJ0
FBgn0086785	Q9VU87
FBgn0086855	Q9VPM7
FBgn0086856	Q8SXU0
FBgn0086895	A1Z9L3
FBgn0086898	Q7JUF2
FBgn0086900	Q9I7C6
FBgn0086904	Q94518
FBgn0086906	Q9I7U4
FBgn0086907	P04657
FBgn0086908	Q32KD2
FBgn0086909	Q9VJ68
FBgn0086912	Q9VPM5
FBgn0086913	Q9VP48
FBgn0086915	P16909
FBgn0086916	Q9VU52
FBgn0086917	A8Y592
FBgn0087002	Q9V496
FBgn0087005	Q9VN91
FBgn0087007	Q9VUE8
FBgn0087008	Q9VWF2
FBgn0087011	Q5BIB8
FBgn0087012	Q8IPN2
FBgn0087013	Q9VN44
FBgn0087021	Q9V3V7
FBgn0087035	Q9VUQ5
FBgn0087039	Q9VSH1
FBgn0087040	P06606
FBgn0087041	B7YZW2
FBgn0243486	X2J6K6
FBgn0243511	Q9VDQ7
FBgn0243512	Q9VHV8
FBgn0243513	Q9VQL3
FBgn0243514	Q9VB78
FBgn0243516	A8DYL3
FBgn0243586	Q9VBD0
FBgn0250732	Q6NP69
FBgn0250746	Q9VNA5
FBgn0250753	Q9VNE2
FBgn0250754	B7Z0I8
FBgn0250755	Q9V9T1
FBgn0250757	Q9VBK1
FBgn0250785	Q7KT16
FBgn0250786	Q7KU24
FBgn0250788	Q00963
FBgn0250789	P13395
FBgn0250791	Q23983
FBgn0250814	Q9VV75
FBgn0250815	Q9VRS6
FBgn0250816	Q7PLK0
FBgn0250819	Q59DP4
FBgn0250820	Q9VDD7
FBgn0250821	Q8T4B6
FBgn0250822	A1A6P9
FBgn0250823	A0A0B4KHL4
FBgn0250824	E1JGQ7
FBgn0250825	A8JNR8
FBgn0250826	A2VEH6
FBgn0250827	A8DY71
FBgn0250830	Q9W5T4
FBgn0250831	Q3HKQ1
FBgn0250832	P81160
FBgn0250833	Q5U126
FBgn0250834	Q7KT82
FBgn0250835	Q9VQE1
FBgn0250836	Q9VS22
FBgn0250837	Q9V3I1
FBgn0250838	Q0E8X7
FBgn0250839	A0A0B4KF22
FBgn0250841	Q9VQA3
FBgn0250842	A0A0B4JCT2
FBgn0250843	P12881
FBgn0250844	Q9V3A9
FBgn0250845	Q9VI77
FBgn0250846	Q4V6L1
FBgn0250847	Q0E8T1
FBgn0250848	Q9V3U6
FBgn0250849	Q8T0J9
FBgn0250850	Q86BY9
FBgn0250851	A0A0B4KEY8
FBgn0250862	Q9VYG9
FBgn0250867	B7YZX7
FBgn0250868	B7YZJ3
FBgn0250869	M9PH63
FBgn0250871	Q9VYS2
FBgn0250874	Q9W4V8
FBgn0250903	Q7KA43
FBgn0250904	Q9W4B0
FBgn0250906	Q01604
FBgn0250907	Q9W5U2
FBgn0250908	Q9VBC9
FBgn0250910	Q4LBB6
FBgn0250911	B7Z0I5
FBgn0259098	A1A753
FBgn0259099	Q9VUI3
FBgn0259101	Q9VZ32
FBgn0259108	Q9W596
FBgn0259110	X2JE21
FBgn0259111	Q8IPI3
FBgn0259113	P26019
FBgn0259139	Q9VGH5
FBgn0259140	Q9VTP0
FBgn0259143	Q9VYM7
FBgn0259145	A0A4P7VAE4
FBgn0259146	Q9VBJ3
FBgn0259148	B7Z085
FBgn0259149	Q9W477
FBgn0259150	B7Z0W9
FBgn0259151	P83474
FBgn0259152	Q9VBX1
FBgn0259162	Q9VRA9
FBgn0259163	M9PEP9
FBgn0259164	Q9VRT4
FBgn0259166	Q9VY47
FBgn0259167	Q8IQ55
FBgn0259168	P49657
FBgn0259170	P53624
FBgn0259171	Q9I7S6
FBgn0259173	Q8IQ73
FBgn0259174	Q9VVI3
FBgn0259175	A2RVG6
FBgn0259176	Q24523
FBgn0259178	B7Z0Q2
FBgn0259179	Q9W1Z4
FBgn0259183	B7YZH0
FBgn0259184	A1Z9K9
FBgn0259185	B7YZQ4
FBgn0259187	B7YZQ6
FBgn0259188	B7Z0X6
FBgn0259189	B7Z0X5
FBgn0259190	B7Z0Y1
FBgn0259192	Q9VQ68
FBgn0259193	B7Z0P2
FBgn0259194	Q9VCM4
FBgn0259195	Q9VXT4
FBgn0259196	Q9VXT8
FBgn0259198	A8JUP9
FBgn0259199	B7Z0I7
FBgn0259200	Q9VZY7
FBgn0259201	B7YZX3
FBgn0259202	B7YZK1
FBgn0259203	B7Z0C9
FBgn0259204	B7Z0X7
FBgn0259209	P53777
FBgn0259210	B7YZQ3
FBgn0259211	P13002
FBgn0259212	Q9VN82
FBgn0259213	A0A9F2H0X3
FBgn0259214	Q59DP9
FBgn0259215	Q9VDH6
FBgn0259216	H9XVN1
FBgn0259219	B7YZE5
FBgn0259221	B7YZF8
FBgn0259222	A4V362
FBgn0259223	B7Z103
FBgn0259224	Q9VZP0
FBgn0259226	A0A0B4LEX9
FBgn0259227	Q0KI81
FBgn0259228	O77086
FBgn0259229	Q9VPZ4
FBgn0259230	B7YZU7
FBgn0259231	A8JUP8
FBgn0259233	Q9VC42
FBgn0259236	Q9VUS1
FBgn0259237	Q9VD85
FBgn0259238	B7YZF1
FBgn0259239	Q9VP73
FBgn0259241	Q9VZ43
FBgn0259242	A0A6H2EDG1
FBgn0259243	P16905
FBgn0259244	B7Z0K8
FBgn0259245	B7Z153
FBgn0259246	A0A0B4K7K9
FBgn0259481	Q8IQG1
FBgn0259482	Q9VL13
FBgn0259483	Q7K0E3
FBgn0259676	Q9VPH2
FBgn0259677	Q0KHN6
FBgn0259678	A1Z7Y7
FBgn0259682	B7YZK5
FBgn0259683	Q9V9N1
FBgn0259685	P10040
FBgn0259699	Q9VXJ7
FBgn0259700	M9PHV4
FBgn0259701	B9A0M4
FBgn0259702	B7Z0I1
FBgn0259703	B7Z0I0
FBgn0259704	Q9VDZ4
FBgn0259705	Q9VDZ5
FBgn0259707	Q9W136
FBgn0259708	B7YZN1
FBgn0259709	Q1RKZ2
FBgn0259710	B7YZN3
FBgn0259711	Q8T3P2
FBgn0259712	Q9VL64
FBgn0259713	R9PY51
FBgn0259714	A4IJ70
FBgn0259715	Q9VME1
FBgn0259716	Q9VME2
FBgn0259717	B7YZZ0
FBgn0259718	B7YZH8
FBgn0259720	B7Z073
FBgn0259721	B7Z0J4
FBgn0259722	B7Z107
FBgn0259725	B7YZN6
FBgn0259726	B7YZN4
FBgn0259727	B7YZN8
FBgn0259728	A1Z7R9
FBgn0259729	Q9W175
FBgn0259730	C0HJX4
FBgn0259731	C0HJX5
FBgn0259732	A3RLR0
FBgn0259733	A3RLR1
FBgn0259734	X2JAX8
FBgn0259735	B7YZW3
FBgn0259736	A0A6H2EFV6
FBgn0259737	B7YZH2
FBgn0259738	B7YZI3
FBgn0259739	B7Z064
FBgn0259740	Q6IKC0
FBgn0259741	B7Z137
FBgn0259742	Q9W135
FBgn0259745	Q9V4M2
FBgn0259748	Q6ILC6
FBgn0259749	Q9Y0Z0
FBgn0259785	Q9VP57
FBgn0259789	Q9VWC6
FBgn0259791	Q9VVR2
FBgn0259794	Q8T3Y0
FBgn0259795	Q7K2S9
FBgn0259817	B8K3A5
FBgn0259818	Q9VPK5
FBgn0259821	H1UUM0
FBgn0259823	Q9VFA8
FBgn0259824	Q9VUW9
FBgn0259831	A1A750
FBgn0259832	Q6IGM9
FBgn0259834	Q9V3F9
FBgn0259876	A1Z987
FBgn0259878	Q86NV3
FBgn0259896	M9PBB4
FBgn0259916	E1JI70
FBgn0259917	Q8INB5
FBgn0259918	A8WH76
FBgn0259922	C0P8M9
FBgn0259923	Q0KHR7
FBgn0259926	B3DMV2
FBgn0259927	M9PHI8
FBgn0259932	E1JI98
FBgn0259933	E1JIA5
FBgn0259935	Q7KU81
FBgn0259937	O44081
FBgn0259938	Q9VGZ5
FBgn0259949	B4ZJ89
FBgn0259950	C9QNZ6
FBgn0259951	B9EQU3
FBgn0259952	B4ZJ91
FBgn0259953	E1JHS1
FBgn0259954	E1JHS4
FBgn0259955	E1JHS5
FBgn0259956	E1JHS6
FBgn0259957	E1JHS7
FBgn0259958	B4ZJ93
FBgn0259959	C0PV13
FBgn0259960	E1JHF6
FBgn0259961	E1JHF7
FBgn0259962	E1JHF8
FBgn0259963	C9QPH0
FBgn0259964	E1JHG2
FBgn0259965	D1Z365
FBgn0259966	B4ZJ99
FBgn0259967	Q6IGA5
FBgn0259968	E1JGX1
FBgn0259969	B4ZJA2
FBgn0259970	B4ZJA3
FBgn0259971	E1JHZ6
FBgn0259972	B4ZJA4
FBgn0259973	B4ZJA5
FBgn0259974	E1JJ84
FBgn0259975	B4ZJA7
FBgn0259977	A1Z6N2
FBgn0259978	Q7K1T1
FBgn0259982	Q9VJP9
FBgn0259984	Q9VJW9
FBgn0259985	A0A0B4LF50
FBgn0259986	Q59E55
FBgn0259989	E1JHG3
FBgn0259990	E1JIZ7
FBgn0259991	E1JIX4
FBgn0259992	E1JIF0
FBgn0259994	E1JJE6
FBgn0259998	Q9W5U8
FBgn0260000	Q9W5U9
FBgn0260003	Q9VDW6
FBgn0260004	Q9VDD3
FBgn0260005	Q9VHY7
FBgn0260006	Q8IR42
FBgn0260007	E1JH37
FBgn0260008	A8Y535
FBgn0260011	Q9V392
FBgn0260012	A1Z8S6
FBgn0260026	E1JIB5
FBgn0260027	A2VER2
FBgn0260049	Q9VU68
FBgn0260222	E1JGR4
FBgn0260223	E1JGR3
FBgn0260224	E1JIY8
FBgn0260226	Q9VFM4
FBgn0260228	E1JHL4
FBgn0260229	P0C919
FBgn0260230	E1JIJ2
FBgn0260231	E1JIJ1
FBgn0260233	E1JI01
FBgn0260234	E1JIQ5
FBgn0260237	E1JIG6
FBgn0260238	E1JJL6
FBgn0260243	Q9VHJ3
FBgn0260386	A0A0C4DHF5
FBgn0260388	Q0E8E1
FBgn0260390	E1JH07
FBgn0260392	E1JGK8
FBgn0260393	F3YDE1
FBgn0260396	A8E795
FBgn0260397	Q9VW97
FBgn0260398	Q7JUY8
FBgn0260399	Q95TN8
FBgn0260400	P16914
FBgn0260401	A1ZB42
FBgn0260407	Q8IP62
FBgn0260428	Q6IDD5
FBgn0260429	E1JH75
FBgn0260430	E1JIC1
FBgn0260431	E1JI94
FBgn0260434	Q9VW36
FBgn0260436	E1JH38
FBgn0260439	P36179
FBgn0260440	Q8IMI5
FBgn0260442	Q9VSL8
FBgn0260444	Q9V3G6
FBgn0260446	Q9V3Q9
FBgn0260451	Q0E8T4
FBgn0260452	Q9VMF5
FBgn0260453	Q9VKP4
FBgn0260454	Q9VKP3
FBgn0260455	Q9W1M5
FBgn0260456	Q9W124
FBgn0260458	Q9GN97
FBgn0260459	Q9VU69
FBgn0260461	Q9VW08
FBgn0260462	Q9VN93
FBgn0260463	Q8INN6
FBgn0260464	Q9VFR1
FBgn0260466	Q9VDQ0
FBgn0260467	Q8SXS0
FBgn0260468	Q9VAA6
FBgn0260470	Q9VMV3
FBgn0260474	E1JH19
FBgn0260475	Q95R73
FBgn0260477	Q9W2G1
FBgn0260479	Q95TF4
FBgn0260480	Q8MRL6
FBgn0260481	Q8IPS7
FBgn0260482	Q8IR56
FBgn0260484	C4NYP8
FBgn0260486	M9PCG3
FBgn0260487	Q9VB40
FBgn0260499	B5A5T4
FBgn0260632	P15330
FBgn0260634	Q9VCH1
FBgn0260635	Q24306
FBgn0260639	P23257
FBgn0260642	P02833
FBgn0260643	E1JIB1
FBgn0260644	E1JIB0
FBgn0260645	E1JJ70
FBgn0260646	E1JI09
FBgn0260648	Q8IPX7
FBgn0260653	Q9VW34
FBgn0260655	Q9VW22
FBgn0260657	Q9VZA4
FBgn0260658	Q7KVX6
FBgn0260659	E1JIL1
FBgn0260660	M9ND55
FBgn0260713	E1JJ79
FBgn0260741	Q9VGG0
FBgn0260742	A8JQY2
FBgn0260743	Q9VGF7
FBgn0260744	Q9VGF5
FBgn0260745	Q86B94
FBgn0260746	Q9VGE7
FBgn0260747	Q9VX77
FBgn0260748	Q9VX80
FBgn0260749	Q9VL07
FBgn0260750	Q9VL10
FBgn0260753	Q9W4Y2
FBgn0260755	Q9W0M6
FBgn0260756	E1JHX0
FBgn0260758	E1JHJ7
FBgn0260759	Q9VAD5
FBgn0260760	Q0KHZ2
FBgn0260761	Q4V3Z6
FBgn0260762	E1JGT6
FBgn0260763	E1JH94
FBgn0260764	A1ZAX7
FBgn0260766	Q9VI17
FBgn0260767	Q9W219
FBgn0260768	A8DYM6
FBgn0260770	E1JGV4
FBgn0260771	Q9W362
FBgn0260775	P92029
FBgn0260776	D0IQA3
FBgn0260777	E1JI06
FBgn0260779	Q9VE09
FBgn0260780	Q9VYS4
FBgn0260789	Q9W363
FBgn0260793	A0A0B4KFU1
FBgn0260794	Q9VN58
FBgn0260795	Q9VTG0
FBgn0260798	P32865
FBgn0260799	Q7PLI0
FBgn0260812	A8JUS1
FBgn0260817	Q9VQM4
FBgn0260855	M9PGI6
FBgn0260856	Q9VRL2
FBgn0260857	Q9VVX6
FBgn0260858	Q9W3M8
FBgn0260859	Q9VSY8
FBgn0260860	Q9VA95
FBgn0260861	Q9VLI9
FBgn0260862	Q9W0N6
FBgn0260866	A0A0B4KFY0
FBgn0260867	E1JJ97
FBgn0260868	E1JJS0
FBgn0260869	Q6II41
FBgn0260870	Q6II39
FBgn0260871	E1JJR5
FBgn0260873	E1JJR7
FBgn0260874	A8JNV9
FBgn0260932	Q9V629
FBgn0260933	Q7KTZ4
FBgn0260934	A1ZBL9
FBgn0260935	Q9VHH2
FBgn0260936	Q9VRP5
FBgn0260938	Q9VXM5
FBgn0260940	Q9VD72
FBgn0260941	A2VEY9
FBgn0260942	Q9VCY7
FBgn0260943	Q9VVE5
FBgn0260944	Q02427
FBgn0260945	Q8MQJ7
FBgn0260953	Q7KT86
FBgn0260954	Q7KT85
FBgn0260955	E1JHI4
FBgn0260959	E1JH39
FBgn0260960	Q9VV87
FBgn0260962	Q9XYZ5
FBgn0260964	Q8IH57
FBgn0260965	Q9VU16
FBgn0260967	E1JI68
FBgn0260968	E1JI69
FBgn0260969	E1JJ15
FBgn0260970	Q9W3M3
FBgn0260971	E1JJG7
FBgn0260972	A1Z7Q8
FBgn0260985	P53034
FBgn0260986	A0A1Z1CH00
FBgn0260987	O96689
FBgn0260990	Q9VAH7
FBgn0260991	Q7JRJ9
FBgn0260995	A0A0C4DHN4
FBgn0260996	E1JHP6
FBgn0260997	D2A6L3
FBgn0261004	Q9VNE4
FBgn0261015	A0A0B4JDD0
FBgn0261016	A8DQW8
FBgn0261019	B7Z0L8
FBgn0261020	Q9VLQ1
FBgn0261041	A0A0B4K866
FBgn0261046	Q7KSE9
FBgn0261049	Q9VHB5
FBgn0261053	Q9VGW1
FBgn0261054	C4NAN9
FBgn0261055	Q6IHT7
FBgn0261057	C4NAP2
FBgn0261058	C4NAP3
FBgn0261059	M9PG65
FBgn0261060	E1JIS3
FBgn0261061	C4NAP6
FBgn0261064	Q9VLS5
FBgn0261065	Q9VE51
FBgn0261067	Q9W2K2
FBgn0261068	Q9VJI7
FBgn0261085	Q9VYE1
FBgn0261086	A0A0B4KF61
FBgn0261089	C0HDP4
FBgn0261090	Q9VUJ3
FBgn0261108	Q9VHR6
FBgn0261109	Q9VUR1
FBgn0261111	Q9VS33
FBgn0261112	Q9VTE9
FBgn0261113	Q9VE23
FBgn0261119	Q7KLW9
FBgn0261238	A0A0B4KGP1
FBgn0261239	Q05192
FBgn0261243	Q8IRH1
FBgn0261244	B7Z150
FBgn0261245	Q9VXD1
FBgn0261258	M9PFV8
FBgn0261260	A8JTM7
FBgn0261261	E1JJ52
FBgn0261262	A0A0B4K760
FBgn0261266	Q9VKD7
FBgn0261267	E1JH12
FBgn0261268	Q8IP45
FBgn0261269	A1Z9N6
FBgn0261270	O18373
FBgn0261274	Q9V3A6
FBgn0261276	A1Z9N0
FBgn0261277	Q9VZ21
FBgn0261278	O61661
FBgn0261279	Q8IN05
FBgn0261283	Q9VW37
FBgn0261284	Q9W3T7
FBgn0261285	E2QD26
FBgn0261286	Q8IH00
FBgn0261287	A0A0B4LHY0
FBgn0261289	Q9VAT5
FBgn0261290	Q2MGK0
FBgn0261291	Q4AB33
FBgn0261292	A1ZAG5
FBgn0261293	A1ZAG6
FBgn0261294	Q4ABJ6
FBgn0261341	E1JI40
FBgn0261349	E1JHL3
FBgn0261353	P0DKM0
FBgn0261356	E1JII1
FBgn0261357	E1JHK5
FBgn0261358	Q4V3Y0
FBgn0261360	A4V243
FBgn0261361	Q9VW35
FBgn0261363	Q9W1V6
FBgn0261373	Q7KVF6
FBgn0261380	Q9VGW9
FBgn0261381	Q9VTM5
FBgn0261383	Q9W485
FBgn0261385	Q9V4P1
FBgn0261386	A0A6I8WFJ4
FBgn0261387	Q7PLI7
FBgn0261393	A0A0B4K6V8
FBgn0261394	P18053
FBgn0261395	Q9VA12
FBgn0261396	P25161
FBgn0261397	A1Z6Z8
FBgn0261399	Q95V52
FBgn0261401	Q9VVL2
FBgn0261402	B7Z069
FBgn0261403	Q7KJA9
FBgn0261434	Q9VN10
FBgn0261436	Q9VMY9
FBgn0261437	Q7KTH8
FBgn0261439	Q94523
FBgn0261444	Q9W5A5
FBgn0261445	O02373
FBgn0261446	Q9W5H1
FBgn0261456	Q8T0S6
FBgn0261458	Q9VPX6
FBgn0261461	Q9VWL7
FBgn0261477	A1ZB86
FBgn0261479	Q9V9U4
FBgn0261501	A0A0B4JD70
FBgn0261502	A0A0B4JD69
FBgn0261506	M9MRW9
FBgn0261507	M9MSL9
FBgn0261508	C0PV67
FBgn0261509	A0A4D6K327
FBgn0261514	Q8IP58
FBgn0261523	A0A9F2H0X0
FBgn0261524	O62602
FBgn0261526	B7TB45
FBgn0261529	Q9VJT4
FBgn0261530	Q9VT40
FBgn0261531	M9MRQ3
FBgn0261532	Q9VEC5
FBgn0261534	Q9V3Y3
FBgn0261535	Q9V3P2
FBgn0261536	E0R7Q3
FBgn0261537	F0JAT1
FBgn0261538	A0A0B4JD61
FBgn0261545	F0JAQ8
FBgn0261547	Q9VVC6
FBgn0261549	Q09103
FBgn0261550	A0A0B4JCZ0
FBgn0261552	A0A0B4KGY6
FBgn0261553	X2JGK1
FBgn0261554	Q9W2I0
FBgn0261555	Q8SXX4
FBgn0261556	Q9VW85
FBgn0261560	Q9XZ56
FBgn0261561	A0A0B4KGL2
FBgn0261562	Q9W081
FBgn0261563	Q8IP51
FBgn0261564	A0A0B4JCU3
FBgn0261565	Q7KUQ6
FBgn0261566	Q6IHI1
FBgn0261567	M9MRU4
FBgn0261568	M9MRP0
FBgn0261570	Q8T498
FBgn0261571	Q9VJS0
FBgn0261573	Q59E36
FBgn0261574	Q9VW71
FBgn0261575	Q9VBR6
FBgn0261580	A0A0B4JCU2
FBgn0261581	A0A0B4JD85
FBgn0261582	B8A402
FBgn0261583	A0A0B4JD30
FBgn0261584	A0A0B4JD89
FBgn0261587	A0A0B4JCU6
FBgn0261588	A0A0B4JD55
FBgn0261592	P29327
FBgn0261596	Q9W229
FBgn0261597	P13008
FBgn0261599	Q9VH69
FBgn0261602	Q9V3G1
FBgn0261608	Q9VMU4
FBgn0261610	Q9W474
FBgn0261611	A0A0B4LF70
FBgn0261612	Q24278
FBgn0261614	C0PV10
FBgn0261615	M9MS77
FBgn0261616	M9MS30
FBgn0261617	M9MS40
FBgn0261618	Q9VAW5
FBgn0261624	Q9VRC5
FBgn0261625	Q1RL13
FBgn0261627	Q6IHR8
FBgn0261628	M9MRH9
FBgn0261630	M9MRN8
FBgn0261631	M9MS08
FBgn0261633	M9MS11
FBgn0261634	Q6IL46
FBgn0261635	M9MRV6
FBgn0261641	A0A0B4KFB8
FBgn0261647	Q9U4G5
FBgn0261648	P39770
FBgn0261649	Q86B91
FBgn0261671	X2JA38
FBgn0261673	Q7JR72
FBgn0261674	Q9VU13
FBgn0261675	Q9VRC9
FBgn0261679	Q8INE2
FBgn0261680	A0A0B4JCY2
FBgn0261681	F3YDE6
FBgn0261682	Q2PDY6
FBgn0261683	M9MRD5
FBgn0261686	A0A0B4JCS8
FBgn0261697	Q9VMH0
FBgn0261698	A8DY93
FBgn0261703	Q9VXW7
FBgn0261704	N0ACE7
FBgn0261705	Q9W1W2
FBgn0261710	Q9W2U7
FBgn0261714	Q02910
FBgn0261722	Q95T12
FBgn0261723	Q9W064
FBgn0261786	Q9W1N8
FBgn0261787	Q9VIL0
FBgn0261788	M9MRX4
FBgn0261789	Q9VI10
FBgn0261790	Q9VLV5
FBgn0261791	Q9VXE0
FBgn0261792	Q9VE17
FBgn0261793	Q07DP5
FBgn0261794	A0A0B4LGD3
FBgn0261797	P37276
FBgn0261799	Q9VV62
FBgn0261801	Q9VRW9
FBgn0261802	M9PDE6
FBgn0261803	M9MS70
FBgn0261804	Q9VJ94
FBgn0261805	M9MRI7
FBgn0261806	M9MRW3
FBgn0261807	A0A0B4JCV0
FBgn0261808	A8JQX3
FBgn0261811	Q9VWB7
FBgn0261816	Q4V6C1
FBgn0261817	A0A0B4JD83
FBgn0261822	Q7KTJ7
FBgn0261823	Q9V727
FBgn0261830	M9MRL4
FBgn0261831	M9MRG9
FBgn0261832	C0PV53
FBgn0261834	M9MS63
FBgn0261836	M9MRD1
FBgn0261837	A0A0B4JDE0
FBgn0261838	A0A0B4JCZ1
FBgn0261839	A0A0B4JDB3
FBgn0261840	A0A0B4JDG3
FBgn0261841	A0A0B4JCY7
FBgn0261842	A0A0B4JDE2
FBgn0261843	A0A0B4JCZ3
FBgn0261844	A0A126GUZ1
FBgn0261845	A0A0B4JDB4
FBgn0261847	A0A0B4JDF8
FBgn0261848	X2JAR4
FBgn0261849	D6W4T1
FBgn0261850	Q7KVP9
FBgn0261853	A0A0B4JCR3
FBgn0261854	A1Z9X0
FBgn0261858	Q6ILY6
FBgn0261859	Q9VFD3
FBgn0261860	A0A6F7TBF5
FBgn0261862	Q9V3K9
FBgn0261871	Q59DZ4
FBgn0261872	Q59E33
FBgn0261873	E2QD98
FBgn0261881	Q9V3Y0
FBgn0261885	Q8IN94
FBgn0261925	Q6IHC9
FBgn0261928	A0A0B4LH08
FBgn0261929	A0A0B4KFU6
FBgn0261930	P22808
FBgn0261931	Q9W326
FBgn0261932	A0A0B4JDD6
FBgn0261933	Q9VU02
FBgn0261934	M9PEI6
FBgn0261938	Q9VPW4
FBgn0261952	Q9VZE5
FBgn0261953	M9PIH9
FBgn0261954	O46048
FBgn0261955	Q9W401
FBgn0261963	Q9VMR2
FBgn0261975	F3YD72
FBgn0261976	Q9VQY9
FBgn0261983	Q9VKJ9
FBgn0261984	A8JR46
FBgn0261985	Q9W0R3
FBgn0261986	Q9VBP2
FBgn0261987	Q9VEG6
FBgn0261988	P32866
FBgn0261989	Q7JWE2
FBgn0261990	Q8IH23
FBgn0261991	M9MRN0
FBgn0261992	Q9VJX6
FBgn0261993	A0A0B4JD04
FBgn0261994	Q9VC82
FBgn0261995	Q9VB64
FBgn0261996	F3YD80
FBgn0261997	M9MRX3
FBgn0261998	Q9VVK6
FBgn0261999	Q8IP22
FBgn0262000	M9MSI7
FBgn0262001	M9MRF0
FBgn0262002	Q7KTH6
FBgn0262003	Q2PDQ6
FBgn0262004	G7H7Y5
FBgn0262005	Q2PDQ7
FBgn0262006	A0A0B4JCX8
FBgn0262007	Q961K4
FBgn0262008	M9MS27
FBgn0262009	Q4V608
FBgn0262010	A0A0B4JDE7
FBgn0262017	F3YD83
FBgn0262018	Q9VJB6
FBgn0262020	C0PV26
FBgn0262021	M9MRU2
FBgn0262022	M9MSM0
FBgn0262023	A0A0B4JDG0
FBgn0262024	A0A0B4JDA6
FBgn0262026	A0A0B4JD68
FBgn0262029	M9MRE4
FBgn0262030	Q6ILZ3
FBgn0262035	M9MRN7
FBgn0262036	C0P8N6
FBgn0262057	Q0E8C8
FBgn0262081	Q8INJ8
FBgn0262098	A0A0B4JCV9
FBgn0262099	M9MS52
FBgn0262100	C0PDE0
FBgn0262101	M9MSF6
FBgn0262102	A0A0B4JD88
FBgn0262103	A1ZBC4
FBgn0262104	A0A0B4JDD7
FBgn0262111	Q0KHR2
FBgn0262112	Q9VAH3
FBgn0262114	Q4Z8K6
FBgn0262115	Q8SYS7
FBgn0262116	Q8MSF5
FBgn0262117	Q7PLS8
FBgn0262123	A0A0B7P7M6
FBgn0262124	A0A0B7P9G0
FBgn0262125	A0A0B4K5Z8
FBgn0262126	M9PC99
FBgn0262127	Q9VFG8
FBgn0262139	Q24119
FBgn0262140	M9MRL1
FBgn0262141	A0A0B4JCV2
FBgn0262143	A0A0B4JCY9
FBgn0262144	A0A0B4JDE5
FBgn0262146	B8A3Y2
FBgn0262150	M9MRU8
FBgn0262160	Q9VK42
FBgn0262166	Q7K5N4
FBgn0262167	Q9VC64
FBgn0262169	Q0E9E0
FBgn0262170	A0A0B4K857
FBgn0262351	M9NFK6
FBgn0262352	C0PDE1
FBgn0262353	A0A6F7UCJ3
FBgn0262354	M9NEL0
FBgn0262356	F3YD67
FBgn0262357	M9NE79
FBgn0262358	M9ND23
FBgn0262359	F0JAT6
FBgn0262360	A0A0B4K780
FBgn0262361	F2FB84
FBgn0262362	A0A0B4K6X1
FBgn0262363	A0A0B4K6L9
FBgn0262364	Q6IK96
FBgn0262365	A0A0B4K646
FBgn0262366	M9ND79
FBgn0262467	Q9VMX4
FBgn0262473	P08953
FBgn0262475	Q0E8R3
FBgn0262476	A0A0B4K7V4
FBgn0262477	A0A0B4K6N2
FBgn0262478	Q6IGE2
FBgn0262479	Q6IG51
FBgn0262480	A0A0B4K7V7
FBgn0262481	F2FB65
FBgn0262482	F3YD86
FBgn0262483	A0A0B4JDC9
FBgn0262484	M9NDZ8
FBgn0262485	M9NF55
FBgn0262486	F7VJS7
FBgn0262487	C0P8P1
FBgn0262508	M9NFP8
FBgn0262509	M9NE05
FBgn0262512	Q24583
FBgn0262513	A1ZAL7
FBgn0262514	Q9VFE5
FBgn0262515	Q7JR49
FBgn0262516	Q9VW35
FBgn0262517	Q9VW09
FBgn0262518	O18338
FBgn0262519	O97159
FBgn0262524	Q9VTZ2
FBgn0262527	E2QD16
FBgn0262528	M9NFE3
FBgn0262529	M9NFW5
FBgn0262530	M9ND97
FBgn0262531	Q6IL18
FBgn0262534	M9NGE9
FBgn0262535	M9ND39
FBgn0262536	M9NFY9
FBgn0262537	Q6IJE8
FBgn0262538	A0A0B4K7N7
FBgn0262539	A0A0B4K6X5
FBgn0262540	A0A0B4K7C7
FBgn0262541	Q6IJE6
FBgn0262544	Q6ILV1
FBgn0262547	F0JAR5
FBgn0262559	Q9VEB1
FBgn0262560	Q9V7P1
FBgn0262562	A0A0B4K6L3
FBgn0262563	F3YD71
FBgn0262566	A0A0B4K825
FBgn0262567	D0IQC0
FBgn0262568	A0A0B4K894
FBgn0262569	Q6IG50
FBgn0262570	C0PDF1
FBgn0262571	A0A0B4K7X0
FBgn0262572	C9QP72
FBgn0262574	A0A0B4K755
FBgn0262575	F7VJU4
FBgn0262576	Q6IJ85
FBgn0262577	Q6IJ72
FBgn0262579	Q6IDD9
FBgn0262580	M9NDR1
FBgn0262581	Q6IL75
FBgn0262582	Q9U1H0
FBgn0262583	A0A0B4K830
FBgn0262587	A0A0B4K7P3
FBgn0262588	A0A0B4K7A7
FBgn0262592	R9PY72
FBgn0262593	P17970
FBgn0262594	A1Z7Y9
FBgn0262595	A1ZBB5
FBgn0262598	Q9VLP4
FBgn0262599	Q9VKN9
FBgn0262601	Q05856
FBgn0262605	A0A0B4K6S3
FBgn0262607	M9NE21
FBgn0262608	Q6IIQ6
FBgn0262609	M9NDN6
FBgn0262610	M9NEW7
FBgn0262611	M9NGR4
FBgn0262612	Q6IIJ8
FBgn0262613	A0A0B4K7A1
FBgn0262614	A0A0B4K6Y7
FBgn0262617	A0A6H2EG35
FBgn0262619	Q9W1H4
FBgn0262621	M9NEQ6
FBgn0262623	M9NFS2
FBgn0262624	Q9W068
FBgn0262636	Q7KQN5
FBgn0262647	Q9VKJ3
FBgn0262656	Q9W4S7
FBgn0262679	M9ND14
FBgn0262683	M9NEZ8
FBgn0262685	Q9VYY5
FBgn0262686	M9NDU9
FBgn0262699	Q9W4H9
FBgn0262714	Q8IQI0
FBgn0262716	P32392
FBgn0262717	Q9GPJ1
FBgn0262719	Q9VSK6
FBgn0262721	M9NDD9
FBgn0262728	Q9W1L5
FBgn0262730	X2JEB0
FBgn0262731	L7S1A0
FBgn0262732	M9PFR6
FBgn0262733	P00528
FBgn0262734	X2JC79
FBgn0262736	P23380
FBgn0262737	M9NEH9
FBgn0262738	P13217
FBgn0262739	Q32KD4
FBgn0262740	Q9VYY9
FBgn0262743	O18388
FBgn0262782	Q9VKX2
FBgn0262786	M9ND71
FBgn0262787	D6W4S3
FBgn0262788	B8A3Y3
FBgn0262790	E0R7Q0
FBgn0262791	A0A0B4LEP6
FBgn0262794	A0A0B4K6A8
FBgn0262801	O97066
FBgn0262807	A0A0B4LF48
FBgn0262808	A0A0B4K650
FBgn0262810	M9NGF1
FBgn0262811	M9NDH2
FBgn0262812	C0PV55
FBgn0262813	M9NDQ6
FBgn0262814	X2J738
FBgn0262816	A0A0B4K816
FBgn0262817	B8A407
FBgn0262819	A0A0B4K6Y3
FBgn0262820	Q6IGM3
FBgn0262821	A0A0B4K7P2
FBgn0262823	A0A0B4K753
FBgn0262824	G2J646
FBgn0262827	M9NEY2
FBgn0262836	A0A0B4K848
FBgn0262837	A0A0B4LG22
FBgn0262838	A0A0B4K792
FBgn0262839	A0A0B4K7I1
FBgn0262840	A0A0B4K7X6
FBgn0262842	M9NFG6
FBgn0262843	A0A0B4K7E8
FBgn0262844	A0A0B4K675
FBgn0262845	A0A0B4K877
FBgn0262846	A0A0B4K684
FBgn0262854	C6SUT0
FBgn0262855	M9NEH1
FBgn0262856	M9PBD0
FBgn0262857	A0A1W5PZ55
FBgn0262858	A0A0B4LHP3
FBgn0262866	Q9VR61
FBgn0262867	Q86P36
FBgn0262869	A0A0B4K7J4
FBgn0262870	M9PE65
FBgn0262871	A0A0B4KGU2
FBgn0262872	Q960V3
FBgn0262873	A0A0B4K6M8
FBgn0262874	M9NFC6
FBgn0262875	C0PV03
FBgn0262876	M9NDA2
FBgn0262877	M9NEV5
FBgn0262878	M9NDU2
FBgn0262880	C1C3H6
FBgn0262881	A0A0B4LF43
FBgn0262882	C0PPJ8
FBgn0262889	Q6IGL6
FBgn0262890	M9PC53
FBgn0262891	M9NFU6
FBgn0262893	M9ND94
FBgn0262894	M9NEB5
FBgn0262896	M9NDX2
FBgn0262899	A0A0B4KFR9
FBgn0262900	M9NEB4
FBgn0262937	Q9W0H9
FBgn0262948	A0A0B4K7I9
FBgn0262952	P18931
FBgn0262954	Q6IGE3
FBgn0262955	P08266
FBgn0262960	M9NF77
FBgn0262961	A0A0B4K7E5
FBgn0262962	A0A0B4K6J9
FBgn0262966	A0A0B4K7B8
FBgn0262975	P20482
FBgn0262976	Q8SXG2
FBgn0262980	M9NE75
FBgn0262982	A0A0B4K6B2
FBgn0262983	A0A0B4K6V3
FBgn0262984	M9NFP0
FBgn0262985	M9NE34
FBgn0262986	M9NDP8
FBgn0262987	M9NDA3
FBgn0262988	A0A0B4K836
FBgn0262999	M9NET9
FBgn0263000	A0A0B4K8A4
FBgn0263004	M9NFN8
FBgn0263005	Q9VYH2
FBgn0263006	P22700
FBgn0263020	A0A0B4K7M8
FBgn0263021	A1Z8V4
FBgn0263022	B7Z0K4
FBgn0263023	A0A0B4K7B4
FBgn0263024	A0A0B4K6K5
FBgn0263025	Q9VB06
FBgn0263026	M9NEV9
FBgn0263027	Q9VM54
FBgn0263029	A0A0B4K838
FBgn0263030	Q8SYC1
FBgn0263031	A0A0B4K870
FBgn0263032	A0A0B4K829
FBgn0263033	B9ER12
FBgn0263034	Q3ZAL3
FBgn0263035	M9NEJ1
FBgn0263036	M9NDZ9
FBgn0263037	M9NF24
FBgn0263038	Q8IP52
FBgn0263040	A0A0B4K687
FBgn0263041	A0A0B4K7A9
FBgn0263046	A0A0B4K6S7
FBgn0263047	A0A0B4K7B6
FBgn0263048	Q8IN06
FBgn0263050	Q9VIE9
FBgn0263051	M9NEW0
FBgn0263072	B7Z141
FBgn0263076	A0A126GUN8
FBgn0263077	A0A0B4K7U0
FBgn0263078	E1JHL2
FBgn0263079	M9NDT0
FBgn0263080	M9PBM9
FBgn0263081	M9PC42
FBgn0263082	M9PCH1
FBgn0263083	F3YDA8
FBgn0263084	A0A0B4K7M5
FBgn0263086	M9NET3
FBgn0263087	M9NEG0
FBgn0263094	M9NF92
FBgn0263102	A0A6M3Q7H0
FBgn0263106	Q24133
FBgn0263108	Q9VZU5
FBgn0263109	A1Z6I3
FBgn0263110	M9MRV7
FBgn0263111	P91645
FBgn0263112	C3KGP2
FBgn0263113	A1ZAV1
FBgn0263114	A0A0B4K776
FBgn0263116	P28286
FBgn0263117	A0A0B4KGJ9
FBgn0263120	A0A0B4KFE4
FBgn0263121	Q9XZJ4
FBgn0263131	A8JNU1
FBgn0263132	M9NDS9
FBgn0263133	Q9VM33
FBgn0263143	Q9VCU7
FBgn0263144	Q7K480
FBgn0263197	A1ZAU8
FBgn0263198	Q9VJ12
FBgn0263199	Q95U34
FBgn0263200	Q9VMA2
FBgn0263206	M9NCU2
FBgn0263216	Q9W2Z9
FBgn0263219	M9PHS6
FBgn0263220	M9PHI0
FBgn0263231	Q9VHP0
FBgn0263232	Q8IQK4
FBgn0263233	Q6IG91
FBgn0263234	Q9VKA9
FBgn0263235	Q9VKA8
FBgn0263236	Q0KI00
FBgn0263237	Q24216
FBgn0263239	Q9VZN4
FBgn0263240	Q7JUZ9
FBgn0263241	Q8IQF1
FBgn0263246	D6W4Q3
FBgn0263247	M9NE78
FBgn0263248	M9NE78
FBgn0263249	M9NFN6
FBgn0263250	A0A0B4K7K5
FBgn0263251	Q9VT75
FBgn0263256	M9PCI1
FBgn0263257	M9NEI3
FBgn0263258	X2JE77
FBgn0263260	Q7JXF7
FBgn0263270	A0A0B4K6X0
FBgn0263271	A0A0B4K7L9
FBgn0263278	Q8SWV6
FBgn0263289	Q7KRY7
FBgn0263314	M9NEX2
FBgn0263316	Q9VGM1
FBgn0263320	D6W4P9
FBgn0263321	C9QP70
FBgn0263322	M9NCQ5
FBgn0263324	C0P8P2
FBgn0263326	M9NG60
FBgn0263346	Q0KIC3
FBgn0263351	O62530
FBgn0263352	B7Z0E2
FBgn0263353	Q9VNI6
FBgn0263354	M9MRJ1
FBgn0263355	Q9VIM1
FBgn0263376	A0A6M3Q7S6
FBgn0263386	M9NCT6
FBgn0263387	M9NFN9
FBgn0263390	A0A0B4K6G5
FBgn0263391	Q02645
FBgn0263392	M9NEY8
FBgn0263395	A1ZBH7
FBgn0263396	Q08473
FBgn0263397	A1Z9N7
FBgn0263398	Q9VC99
FBgn0263399	D5A7P2
FBgn0263400	A0A0B4K6S5
FBgn0263401	D6W4N5
FBgn0263402	A0A0B4K6U8
FBgn0263403	D6W4M8
FBgn0263404	D6W4R4
FBgn0263456	X2JAU8
FBgn0263490	A0A0B4K7S6
FBgn0263510	A1Z8D0
FBgn0263511	Q9W4B2
FBgn0263512	X2JDS9
FBgn0263585	A0A6H2EJX8
FBgn0263593	Q8SXP0
FBgn0263594	Q9VN21
FBgn0263596	A0A0B4K6C0
FBgn0263597	O46201
FBgn0263598	Q27331
FBgn0263599	Q9VUV9
FBgn0263600	P54358
FBgn0263601	Q9VUX2
FBgn0263602	Q9VUX9
FBgn0263603	Q86BI3
FBgn0263605	M9PFG1
FBgn0263606	A8JNT7
FBgn0263607	Q8IQM9
FBgn0263608	Q9VV00
FBgn0263621	A0A0B4K764
FBgn0263647	M9PFD1
FBgn0263654	A0A1W5PXS3
FBgn0263655	A0A0B4KEF0
FBgn0263656	A0A0B4KED5
FBgn0263667	Q9W1H0
FBgn0263697	Q9V6U8
FBgn0263705	Q0KHU0
FBgn0263706	M9PHU0
FBgn0263707	A0A0B4KEY2
FBgn0263738	Q7KSD8
FBgn0263740	Q24208
FBgn0263741	A0A0B4KFD9
FBgn0263742	A0A0B4KGA5
FBgn0263743	F2FBA8
FBgn0263747	Q86B52
FBgn0263748	M9PEP7
FBgn0263750	Q8INP3
FBgn0263757	Q9VEA5
FBgn0263760	A0A0B4KFW8
FBgn0263761	M9PCI9
FBgn0263762	M9PFN6
FBgn0263763	M9PFI7
FBgn0263772	M9PJ12
FBgn0263773	Q8MYU0
FBgn0263774	A0A0B4LGD0
FBgn0263776	M9PEU1
FBgn0263777	F3YDA1
FBgn0263780	A0A0C4DHM8
FBgn0263782	P14773
FBgn0263829	Q0IGP7
FBgn0263830	Q5LJT3
FBgn0263831	Q9VRJ0
FBgn0263832	Q9VZJ3
FBgn0263841	M9PG99
FBgn0263842	M9PCI3
FBgn0263846	M9PC26
FBgn0263848	A0A0B4KFW6
FBgn0263849	A0A0B4KF09
FBgn0263850	A0A0B4KEV6
FBgn0263852	Q9VLM5
FBgn0263855	A1Z6I7
FBgn0263863	Q9VCX3
FBgn0263864	Q7KLI1
FBgn0263873	Q9VIQ9
FBgn0263911	Q9VP19
FBgn0263916	Q9VMB6
FBgn0263929	A0A0B4K682
FBgn0263930	Q24114
FBgn0263933	Q95RJ9
FBgn0263934	Q9U1I1
FBgn0263968	Q70PP2
FBgn0263971	Q6IHP9
FBgn0263973	M9NE38
FBgn0263974	Q9VE55
FBgn0263977	Q7PLT4
FBgn0263979	Q24572
FBgn0263980	A0A0B4KEV7
FBgn0263982	M9PDN5
FBgn0263983	E0R7Q1
FBgn0263986	Q9VCW2
FBgn0263987	Q7KVW1
FBgn0263988	Q9W0U9
FBgn0263993	M9PGK3
FBgn0263994	Q9VXX6
FBgn0263995	Q01617
FBgn0263996	M9PBF3
FBgn0263997	M9PGT2
FBgn0263998	Q9I7F7
FBgn0263999	A0A0B4KFF2
FBgn0264000	M9PHV5
FBgn0264001	A0A6M3Q6L8
FBgn0264002	M9PDT9
FBgn0264005	Q9VEI9
FBgn0264006	M9PF56
FBgn0264075	O15945
FBgn0264077	Q9VXF6
FBgn0264078	O61492
FBgn0264081	M9PCB9
FBgn0264086	M9PBM5
FBgn0264087	Q8IPH9
FBgn0264089	P24014
FBgn0264090	M9PF59
FBgn0264253	Q7KT95
FBgn0264260	M9PCZ4
FBgn0264270	P19339
FBgn0264272	M9PE53
FBgn0264273	A0A0B4KG38
FBgn0264291	Q9VEM2
FBgn0264294	Q9V4N3
FBgn0264295	B7Z016
FBgn0264296	Q9VQW6
FBgn0264297	Q8IRK1
FBgn0264298	A0A0B4KFH2
FBgn0264299	A0A0B4LGE9
FBgn0264301	E1JHH4
FBgn0264302	Q9VS49
FBgn0264303	M9PHM9
FBgn0264305	M9PHU7
FBgn0264307	Q9VSR3
FBgn0264308	A0A6H2EJZ8
FBgn0264309	X2JEG9
FBgn0264324	Q9VAS8
FBgn0264325	Q9VCE1
FBgn0264326	Q9VCN1
FBgn0264329	A0A0B4KEX7
FBgn0264330	A0A0B4KES8
FBgn0264339	A8DY43
FBgn0264340	M9PCY6
FBgn0264341	M9PB26
FBgn0264342	M9PBZ7
FBgn0264343	M9PCT6
FBgn0264344	M9PF07
FBgn0264357	Q9VDD2
FBgn0264361	M9PCS7
FBgn0264362	M9PDC8
FBgn0264363	M9PCH7
FBgn0264364	M9PCZ8
FBgn0264377	A0A0B4KG18
FBgn0264386	M9PGH9
FBgn0264389	Q9VXY9
FBgn0264393	M9PHH9
FBgn0264395	M9PHX0
FBgn0264426	A0A126GUZ5
FBgn0264427	A0A1Z1CH10
FBgn0264432	Q6IHK5
FBgn0264433	M9PCC9
FBgn0264442	Q24174
FBgn0264443	M9PDT0
FBgn0264449	Q9W5D0
FBgn0264472	M9PEY2
FBgn0264478	M9PBV9
FBgn0264486	Q6ILA6
FBgn0264487	M9PD96
FBgn0264488	M9PF73
FBgn0264489	M9PF57
FBgn0264490	A0A0B4KHV1
FBgn0264491	O01367
FBgn0264492	P08181
FBgn0264493	Q9VFP2
FBgn0264494	Q8T9E6
FBgn0264495	Q8INR6
FBgn0264502	A8JUR1
FBgn0264503	Q9W2X8
FBgn0264516	M9PEJ6
FBgn0264540	A0A0B4KF39
FBgn0264541	A0A0B4LGV8
FBgn0264542	M9PEE4
FBgn0264543	M9PCB0
FBgn0264544	M9PD66
FBgn0264545	M9PD66
FBgn0264546	M9PBB0
FBgn0264552	M9PG24
FBgn0264556	P58957
FBgn0264560	A1Z8W8
FBgn0264561	M9PIG4
FBgn0264562	Q9W539
FBgn0264563	A0A0B4KI42
FBgn0264566	M9PG91
FBgn0264574	Q8IRI6
FBgn0264598	Q7KVY9
FBgn0264605	M9PFX3
FBgn0264606	M9PE32
FBgn0264607	Q00168
FBgn0264672	Q9VQB7
FBgn0264691	Q9W328
FBgn0264693	A8JNK1
FBgn0264694	Q9VGP6
FBgn0264695	P05661
FBgn0264696	M9PEK4
FBgn0264699	M9PIM3
FBgn0264707	Q9W0S2
FBgn0264711	M9PFY3
FBgn0264712	Q9VNB2
FBgn0264714	A0A0B4KFX6
FBgn0264725	M9PEY3
FBgn0264738	Q4V3L3
FBgn0264739	M9PJP8
FBgn0264740	Q9VCG2
FBgn0264741	Q0KI22
FBgn0264742	M9PCM2
FBgn0264743	Q7KTP7
FBgn0264744	R9PY35
FBgn0264746	M9PCW4
FBgn0264747	A8JNV1
FBgn0264748	M9PFU4
FBgn0264750	M9PBA3
FBgn0264751	B7Z0M0
FBgn0264753	A1ZBJ6
FBgn0264775	A0A0B4KG77
FBgn0264776	Q8IND7
FBgn0264785	Q8SX21
FBgn0264810	Q9VJS7
FBgn0264815	B7YZV4
FBgn0264816	Q9VE72
FBgn0264817	A0A0B4KEI4
FBgn0264829	A0A0B4KFU4
FBgn0264830	A0A0B4KGD2
FBgn0264832	A0A0B4KH71
FBgn0264836	A0A0B4KGR8
FBgn0264848	Q9VTY6
FBgn0264855	P91926
FBgn0264894	M9PDE7
FBgn0264895	A8DYW8
FBgn0264897	A0A0B4KFK5
FBgn0264899	A0A0B4KG57
FBgn0264903	A0A0B4KG55
FBgn0264907	D2NUL5
FBgn0264908	M9PI70
FBgn0264911	A0A0B4KED2
FBgn0264922	O97102
FBgn0264953	M9MSG8
FBgn0264954	A0A4D6K5G3
FBgn0264959	Q9V9J3
FBgn0264962	A1Z9W4
FBgn0264975	P20241
FBgn0264978	Q24179
FBgn0264979	Q9VQ96
FBgn0264988	M9PBT0
FBgn0264989	M9PBB7
FBgn0264990	M9PBB7
FBgn0264991	A0A0B4KH11
FBgn0265001	Q9VL88
FBgn0265002	Q9VL42
FBgn0265003	A0A0B4KEE4
FBgn0265011	A1Z7M3
FBgn0265041	A0A0B4KHC1
FBgn0265042	A0A0B4KH86
FBgn0265045	A0A0B4KG35
FBgn0265046	A0A0B4KGB5
FBgn0265047	D2A6L8
FBgn0265048	Q9VF24
FBgn0265052	A0A0B4KF40
FBgn0265063	A0A0B4KGB6
FBgn0265082	A8JQT5
FBgn0265083	A0A0B4KFX0
FBgn0265084	M9PEG1
FBgn0265087	A0A6H2EI34
FBgn0265089	Q9VSG1
FBgn0265101	Q9VHT3
FBgn0265102	Q9VSJ6
FBgn0265137	Q7K8Y5
FBgn0265138	P58952
FBgn0265139	Q9W594
FBgn0265140	Q6QU65
FBgn0265146	A0A1Z1CH16
FBgn0265158	A0A0B4KFD0
FBgn0265174	Q9V7W1
FBgn0265177	G2J5Z0
FBgn0265178	Q8SX78
FBgn0265180	A0A0B4LH29
FBgn0265182	Q9W0Z5
FBgn0265184	A0A0B4LGA2
FBgn0265185	C6SV36
FBgn0265186	Q7JR80
FBgn0265187	Q7KVJ6
FBgn0265188	E1JGT2
FBgn0265189	Q9I7H9
FBgn0265190	Q9VC10
FBgn0265191	A0A0B4LFW5
FBgn0265192	Q95RQ4
FBgn0265193	Q2PE13
FBgn0265194	A8DYE2
FBgn0265197	A0A0B4LH88
FBgn0265199	A0A0B4LIB4
FBgn0265201	Q6IKE6
FBgn0265256	D4G7F4
FBgn0265257	X2J791
FBgn0265262	P48602
FBgn0265263	F0JAR8
FBgn0265264	E2QCS7
FBgn0265265	Q8IRP6
FBgn0265266	A0A0B4K6K4
FBgn0265267	Q9VX70
FBgn0265268	Q9VVQ5
FBgn0265269	Q9VQX8
FBgn0265271	Q9VGJ4
FBgn0265272	Q29QL9
FBgn0265274	Q9VAS7
FBgn0265276	A0A0B4KGA3
FBgn0265296	Q9VS29
FBgn0265297	P21187
FBgn0265298	Q9V3T8
FBgn0265313	A0A0B4LEI2
FBgn0265317	A0A0B4LI00
FBgn0265342	A0A0B4LF36
FBgn0265349	C4NAP1
FBgn0265351	Q9VHT4
FBgn0265356	B7YZK8
FBgn0265362	X2JEC8
FBgn0265373	A0A0B4LF62
FBgn0265413	Q9W398
FBgn0265416	G4LU05
FBgn0265417	X2JCP1
FBgn0265429	A0A0B4LF84
FBgn0265455	G4LU19
FBgn0265464	Q9W3I9
FBgn0265469	Q6ILD5
FBgn0265487	O16011
FBgn0265512	Q7K549
FBgn0265523	M9PGZ8
FBgn0265535	X2JB72
FBgn0265538	A0A384SYE0
FBgn0265574	Q9W0R0
FBgn0265575	P91679
FBgn0265576	A0A0B4LFR0
FBgn0265577	A0A6M3Q7I6
FBgn0265578	X2JAL0
FBgn0265579	X2J8S3
FBgn0265595	Q8IR92
FBgn0265597	X2JDH0
FBgn0265598	M9PI02
FBgn0265605	Q7JMZ0
FBgn0265606	Q24178
FBgn0265607	M9MRJ2
FBgn0265608	X2JGB2
FBgn0265610	X2JK14
FBgn0265623	P25172
FBgn0265625	Q1RKX9
FBgn0265626	A0A0C4DHF7
FBgn0265627	A0A0B4LFP0
FBgn0265629	X2JBL3
FBgn0265630	A8JUV0
FBgn0265631	A0A0B4LED6
FBgn0265632	A0A0B4LEX3
FBgn0265668	Q6IHC8
FBgn0265669	R9UAE0
FBgn0265670	X2J9G7
FBgn0265714	X2J8Q7
FBgn0265725	X2JEK5
FBgn0265726	Q9VY99
FBgn0265762	A0A0B4LFR5
FBgn0265767	Q5LJX8
FBgn0265778	Q9VMF3
FBgn0265784	Q9VWW0
FBgn0265785	X2J4U0
FBgn0265833	A0A0B4LFY7
FBgn0265834	A0A0B4LG35
FBgn0265835	A0A0B4LFW7
FBgn0265836	A0A0B4LFS1
FBgn0265877	A0A4P7VLH6
FBgn0265935	A0A0B4KEJ7
FBgn0265959	P40421
FBgn0265968	B7Z018
FBgn0265974	Q9V730
FBgn0265991	A1ZA47
FBgn0265998	P49762
FBgn0266000	A8JUX7
FBgn0266019	Q8SY41
FBgn0266047	A0A0B4LGL7
FBgn0266050	X2JD41
FBgn0266053	Q9VEN9
FBgn0266064	Q9VFC8
FBgn0266083	Q9W198
FBgn0266084	E1JI78
FBgn0266098	Q9W4E2
FBgn0266099	Q8IQN7
FBgn0266100	X2JCU8
FBgn0266101	X2JCR2
FBgn0266111	A1Z8X3
FBgn0266124	Q8IQC4
FBgn0266129	P14083
FBgn0266136	Q7JQ32
FBgn0266137	Q24563
FBgn0266163	X2J683
FBgn0266170	A0A0B4LIG1
FBgn0266171	A0A0B4LHF4
FBgn0266172	A0A0B4LHQ9
FBgn0266173	A0A0B4LHI2
FBgn0266174	A0A0B4LHE9
FBgn0266175	A0A0B4LHE5
FBgn0266176	A0A0B4LIF8
FBgn0266177	A0A0B4LHQ5
FBgn0266178	A0A0B4LHE8
FBgn0266186	Q7JYX5
FBgn0266195	Q9VEA4
FBgn0266259	A0A0B4LHX3
FBgn0266261	A0A0B4LH27
FBgn0266268	Q9V9S8
FBgn0266282	Q9VCB8
FBgn0266284	Q9W590
FBgn0266346	Q9W2D5
FBgn0266347	A0A0S0WNY8
FBgn0266354	Q8IR04
FBgn0266363	X2JA66
FBgn0266364	X2J7Z6
FBgn0266369	Q9VIH3
FBgn0266377	Q6NNF2
FBgn0266405	A0A6H2EDS4
FBgn0266409	A0A0B4LHK8
FBgn0266410	Q9VHF4
FBgn0266411	Q24167
FBgn0266417	Q9VV43
FBgn0266418	X4YX01
FBgn0266420	P20240
FBgn0266429	Q9U721
FBgn0266430	X2JJ74
FBgn0266431	X2JEB1
FBgn0266432	A0A0B4LG94
FBgn0266433	A0A0B4LGC2
FBgn0266434	X2JKA0
FBgn0266435	Q8MQY9
FBgn0266436	M9NEZ1
FBgn0266437	A0A1L4AAC2
FBgn0266438	Q8MT80
FBgn0266439	A0A0B4LGM3
FBgn0266441	Q9VUK9
FBgn0266442	E1JJ19
FBgn0266443	A0A0B4LHV7
FBgn0266445	X2J761
FBgn0266446	C0HK92
FBgn0266448	C0HK94
FBgn0266449	Q9V447
FBgn0266450	P08155
FBgn0266451	C0HK95
FBgn0266452	Q9VUL1
FBgn0266454	A0A0B4LHJ2
FBgn0266455	A0A0B4LH65
FBgn0266456	X2JD42
FBgn0266459	X2JAK7
FBgn0266465	Q9VEN3
FBgn0266486	A0A0B4LEZ9
FBgn0266487	A0A0B4LG97
FBgn0266488	A0A0B4LFN2
FBgn0266489	A0A0B4LFA8
FBgn0266490	X2JCX4
FBgn0266491	C0HJH4
FBgn0266492	C0HJH3
FBgn0266518	A1Z6M6
FBgn0266521	M9NEA1
FBgn0266525	A0A0B4LEQ5
FBgn0266534	A0A0B4LHM2
FBgn0266538	A0A0B4LIG4
FBgn0266539	A0A0B4LGP2
FBgn0266540	X2JGJ5
FBgn0266557	B7Z002
FBgn0266566	Q9VF13
FBgn0266569	Q0KHX4
FBgn0266570	Q7K4H4
FBgn0266572	X2J9Y4
FBgn0266579	Q9VB15
FBgn0266580	A1Z6H7
FBgn0266581	Q9VD51
FBgn0266582	Q9VZU4
FBgn0266591	X2JD74
FBgn0266598	Q6IKI1
FBgn0266599	P11147
FBgn0266615	A0A0B4LH46
FBgn0266647	X2JGC6
FBgn0266666	Q9VM46
FBgn0266667	Q9VSJ8
FBgn0266669	Q9VVG4
FBgn0266670	Q9VQQ9
FBgn0266671	Q9V8K2
FBgn0266672	Q9VNH6
FBgn0266673	Q9XTM1
FBgn0266674	Q9VDE6
FBgn0266696	X2JAM4
FBgn0266708	Q7JVA5
FBgn0266709	Q9VU41
FBgn0266710	Q8IR47
FBgn0266711	Q7JWD6
FBgn0266717	A0A0B4KG50
FBgn0266719	Q9VBY8
FBgn0266720	Q9VH76
FBgn0266721	Q9VH25
FBgn0266722	Q9VF82
FBgn0266723	Q7K2Q8
FBgn0266724	Q9VUZ1
FBgn0266734	A0A6H2EFP8
FBgn0266745	A0A0B4LHG3
FBgn0266756	A0A0B4K657
FBgn0266757	B7Z0E5
FBgn0266758	A0A0B4K6F9
FBgn0266801	Q9VHR2
FBgn0266811	A0A6M3Q8D7
FBgn0266845	X2JDL1
FBgn0266848	Q9VR53
FBgn0266916	Q9VHP9
FBgn0266917	Q9VEP9
FBgn0266918	Q9VZV5
FBgn0266962	X2J8R6
FBgn0266977	X2JBG1
FBgn0267001	Q9VYN8
FBgn0267002	A1ZAJ2
FBgn0267033	Q9VY72
FBgn0267042	X2JLC4
FBgn0267043	X2JFV5
FBgn0267044	X2JEG9
FBgn0267045	H9ZYP9
FBgn0267046	X2JEG4
FBgn0267047	X2JLD3
FBgn0267048	X2JFW2
FBgn0267049	X2JEG9
FBgn0267050	X2JEG9
FBgn0267104	A0A0B4LHT8
FBgn0267105	A0A0B4LGW0
FBgn0267106	A0A0B4LHW5
FBgn0267163	X2JDD8
FBgn0267236	A0A0B4LH10
FBgn0267252	Q9NFZ3
FBgn0267253	Q9W337
FBgn0267254	X2JA25
FBgn0267255	X2JEG0
FBgn0267326	Q9VLY6
FBgn0267327	O46227
FBgn0267330	O76767
FBgn0267336	A0A0B4KFN3
FBgn0267337	Q9VI93
FBgn0267339	P83100
FBgn0267347	Q7KT57
FBgn0267348	P15215
FBgn0267350	M9PDM4
FBgn0267351	Q9V8P9
FBgn0267363	A8QI34
FBgn0267365	Q9VKZ9
FBgn0267366	Q9VAZ1
FBgn0267376	Q8INK9
FBgn0267378	Q9VQ93
FBgn0267383	Q9VFR8
FBgn0267384	Q9VXE8
FBgn0267385	O62619
FBgn0267390	Q9VUQ9
FBgn0267398	Q8SXI2
FBgn0267408	Q9VF53
FBgn0267428	Q7PLL7
FBgn0267429	A0A0S0WGX2
FBgn0267430	A0A126GUQ2
FBgn0267431	A0A0A1EI90
FBgn0267432	A8Y5B7
FBgn0267433	Q5LJN5
FBgn0267435	P12024
FBgn0267449	B4F7L9
FBgn0267486	Q9VJ95
FBgn0267487	Q9W0G1
FBgn0267488	Q9VLT3
FBgn0267489	A8QI68
FBgn0267490	D0EP91
FBgn0267491	D0EP96
FBgn0267492	D0EP92
FBgn0267493	D0EP94
FBgn0267592	A0A0S0X8W1
FBgn0267648	A0A126GUX4
FBgn0267649	A0A126GUW5
FBgn0267650	A0A126GV02
FBgn0267651	A0A126GV05
FBgn0267652	A0A126GUY7
FBgn0267689	A0A0S0WNI0
FBgn0267690	A0A126GUR2
FBgn0267698	Q9VI13
FBgn0267709	A0A6H2EG72
FBgn0267726	A0A0S0WGU5
FBgn0267728	Q7JXW8
FBgn0267790	Q9VHC7
FBgn0267791	A1ZBW0
FBgn0267792	E1JH10
FBgn0267795	Q9VUC6
FBgn0267796	A0A0U1QT59
FBgn0267821	P11420
FBgn0267823	Q9W1X8
FBgn0267824	Q7JXA2
FBgn0267828	E1JHE4
FBgn0267849	Q7K0X9
FBgn0267861	Q7PL26
FBgn0267912	Q9VXF1
FBgn0267964	A0A0S0WGX5
FBgn0267967	Q9VX37
FBgn0267972	Q9VQ57
FBgn0267975	A0A0B4KGG5
FBgn0267976	Q8MRW1
FBgn0267977	Q9VXU6
FBgn0267978	P29673
FBgn0268063	Q9VS84
FBgn0270924	Q9VL91
FBgn0270925	B7Z0M7
FBgn0270926	Q7KTW9
FBgn0270927	Q9V9T9
FBgn0270928	O17444
FBgn0275436	O16129
FBgn0278600	A0A126GUS8
FBgn0278604	Q9VH89
FBgn0278608	Q24537
FBgn0283427	B7Z001
FBgn0283432	Q8IRZ3
FBgn0283433	Q8IRZ3
FBgn0283434	T2FGB0
FBgn0283437	Q7K2W6
FBgn0283438	Q9VG01
FBgn0283439	A8JQZ1
FBgn0283440	B6JUP5
FBgn0283442	P09052
FBgn0283450	A1Z6X6
FBgn0283451	Q24206
FBgn0283461	P41964
FBgn0283467	Q9Y118
FBgn0283468	A0A0B4KHK1
FBgn0283469	Q9Y162
FBgn0283471	P36188
FBgn0283472	Q94533
FBgn0283473	Q9VWQ2
FBgn0283476	Q9VWZ3
FBgn0283477	Q9V3W7
FBgn0283478	Q9VL89
FBgn0283479	M9PD70
FBgn0283480	Q9W274
FBgn0283494	Q9U915
FBgn0283499	P09208
FBgn0283500	Q9W0I6
FBgn0283503	A0A1L4AAD6
FBgn0283508	C3KGN2
FBgn0283509	O01404
FBgn0283510	Q9V5E1
FBgn0283521	Q867Z4
FBgn0283525	Q9VPX3
FBgn0283531	Q9VQH2
FBgn0283535	P54611
FBgn0283536	Q9XZH6
FBgn0283545	O76908
FBgn0283625	A0A384TPA0
FBgn0283649	Q9VUV7
FBgn0283651	A0A1W5PXH3
FBgn0283652	Q9VPM0
FBgn0283657	B7Z126
FBgn0283658	Q9VM14
FBgn0283659	Q9V3N8
FBgn0283666	O96692
FBgn0283678	Q9VKH5
FBgn0283680	Q7KV26
FBgn0283681	Q9VV41
FBgn0283682	Q9VKK1
FBgn0283712	Q8IR79
FBgn0283724	Q9VZT7
FBgn0283728	Q8IMF1
FBgn0283741	C7LAE5
FBgn0284080	Q7PL72
FBgn0284081	A0A1Z1CSL7
FBgn0284082	A0A1W5PX42
FBgn0284083	A0A384TTL1
FBgn0284084	P09615
FBgn0284220	P15348
FBgn0284221	Q9VTT0
FBgn0284222	A0A1Z1CLY5
FBgn0284223	A0A1W5PW68
FBgn0284224	A0A1W5PW65
FBgn0284225	A0A1W5Q0T5
FBgn0284226	A0A1Z1CH08
FBgn0284227	A0A1Z1CGY8
FBgn0284228	A0A1Z1CN75
FBgn0284229	A0A1Z1CH02
FBgn0284230	A0A1W5Q018
FBgn0284231	A0A384SX97
FBgn0284232	A0A1Z1CK60
FBgn0284233	A0A1Z1CH01
FBgn0284234	A0A1Z1CH22
FBgn0284235	A0A384TLR6
FBgn0284236	A0A1L4AAF3
FBgn0284237	A0A384TRA6
FBgn0284243	Q24560
FBgn0284244	Q9VK10
FBgn0284245	P08736
FBgn0284246	Q7K4B2
FBgn0284247	Q24292
FBgn0284248	P84029
FBgn0284249	P05552
FBgn0284251	Q9VIG1
FBgn0284252	P91927
FBgn0284253	Q9VQR8
FBgn0284254	Q7K0Q2
FBgn0284255	Q9VMH2
FBgn0284256	Q9VJ86
FBgn0284257	Q7K556
FBgn0284408	A0ACD4DAU3
FBgn0284421	O02194
FBgn0284435	Q8MS37
FBgn0284436	Q7K3J0
FBgn0284442	Q9XYU1
FBgn0284444	A2VEN4
FBgn0285879	Q9VXJ5
FBgn0285892	E1JH25
FBgn0285896	Q09147
FBgn0285910	Q9W4P5
FBgn0285911	Q9VHG1
FBgn0285912	Q9VC02
FBgn0285913	Q961C8
FBgn0285917	A0A0B4KEU2
FBgn0285925	P10674
FBgn0285926	M9NF14
FBgn0285937	O18332
FBgn0285938	A0A2U8U1T7
FBgn0285943	A1ZAH1
FBgn0285944	P35500
FBgn0285947	Q9VWG3
FBgn0285948	P41092
FBgn0285949	Q9V597
FBgn0285950	P36241
FBgn0285951	Q9VV39
FBgn0285952	Q9GU68
FBgn0285954	Q27294
FBgn0285955	A8JR05
FBgn0285958	Q9VTJ4
FBgn0285963	A0A0B4KH77
FBgn0285970	Q8SY96
FBgn0285971	Q9VLK8
FBgn0286027	Q9VJQ4
FBgn0286051	Q9VRX7
FBgn0286070	Q7KNQ9
FBgn0286071	Q8SXB0
FBgn0286075	Q9VG84
FBgn0286198	Q9VLX0
FBgn0286199	Q9VCA1
FBgn0286203	A0A0B4KF30
FBgn0286204	Q9VHJ6
FBgn0286213	P80455
FBgn0286222	Q9W3X6
FBgn0286506	Q9VH77
FBgn0286507	Q9VG65
FBgn0286508	Q9VXI1
FBgn0286511	B7YZT5
FBgn0286516	Q9VHK8
FBgn0286567	Q8IRE3
FBgn0286723	Q9V3U0
FBgn0286741	A0A4D6K4B0
FBgn0286778	A0A4P7VA97
FBgn0286781	Q9V431
FBgn0286782	B7YZU2
FBgn0286783	Q7JWF1
FBgn0286784	Q7KN62
FBgn0286785	O44386
FBgn0286786	Q9U3Z7
FBgn0286788	O16810
FBgn0286809	Q9U3V9
FBgn0286813	A0A6M3Q7C8
FBgn0286818	P54399
FBgn0286828	E2QCZ3
FBgn0286833	A0A4D6K4K3
FBgn0286834	A0A4V1D188
FBgn0286852	Q8SZ46
FBgn0286872	A0A6M3Q6L9
FBgn0286873	A0A6M3Q7P3
FBgn0286874	A0A6H2EE94
FBgn0286875	A0A6H2EJE4
FBgn0286876	A0A6M3QHP2
FBgn0286877	A0A6H2EDK0
FBgn0286893	A0A6M3Q719
FBgn0286898	Q9VMA7
FBgn0286929	A0A6H2EHD4
FBgn0286930	A0A6H2EDQ6
FBgn0286931	A0A6M3QHD9
FBgn0286932	A0A6M3Q8N2
FBgn0286933	A0A6M3Q7P0
FBgn0286939	A0A6M3Q891
FBgn0286940	A0A6M3Q7V9
FBgn0286941	A0A6M3QGN8
FBgn0286976	Q9VNN0
FBgn0286977	A0A6H2EDL7
FBgn0286979	Q9VTE7
FBgn0286980	E1JIB2
FBgn0287182	Q7PLL6
FBgn0287183	Q7PLG1
FBgn0287184	Q7PLB8
FBgn0287185	Q1JUZ1
FBgn0287186	Q7PL95
FBgn0287187	Q8SYP9
FBgn0287204	Q9VKH0
FBgn0287209	Q7PLC7
FBgn0287210	A0A6H2EFZ8
FBgn0287211	A0A6H2EFR6
FBgn0287212	A0A6M3Q7Q6
FBgn0287213	A0A6M3QAV0
FBgn0287590	Q24366
FBgn0287218	A0A6H2EI14
FBgn0287225	Q9VEX6
FBgn0287234	Q8SZK9
FBgn0287423	Q9VU58
FBgn0287454	Q9VYZ8
FBgn0287478	B7YZU4
FBgn0287585	Q9VPD3
FBgn0287586	A0A6M3Q6E2
FBgn0287587	A0A6H2EED7
FBgn0287588	A0A6H2EFK9
FBgn0287589	A0A6H2EGA2
FBgn0287590	Q24366
FBgn0287592	A0A6M3Q933
FBgn0287594	A0A6M3Q6F3
FBgn0287595	A0A6H2EDJ9
FBgn0287596	A0A6H2EIG2
FBgn0287597	A0A6H2EEL7
FBgn0287598	C1C5A5
FBgn0287599	A0A6H2EJ23
FBgn0287630	Q9VKS7
FBgn0287631	A1ZAQ3
FBgn0287632	A0ACD4DAQ4
FBgn0287645	Q9VRF5
FBgn0287695	Q9VMC9
FBgn0287696	Q9VV99
FBgn0287720	P52295
FBgn0287724	M9PD84
FBgn0287725	Q9W3W6
FBgn0287767	Q8MT58
FBgn0287768	P25932
FBgn0287774	Q6NQY9
FBgn0287775	A1ZBR2
FBgn0287788	Q4V6M1
FBgn0287825	Q9V7N5
FBgn0287828	P83099
FBgn0287831	A0ACD4DAR7
FBgn0287844	A0A0B4LH20
FBgn0287864	A1Z9X4
FBgn0287873	Q99323
FBgn0288229	Q8IPV3
FBgn0288232	Q9V774
FBgn0288310	Q9W060
FBgn0288433	A1Z9R4
FBgn0288447	C0HM00
FBgn0288469	Q9VWB0
FBgn0288470	Q0E8G6
FBgn0288631	Q8IMR4
FBgn0288686	P08841
FBgn0288690	Q8IRL9
FBgn0288700	Q2MGK8
FBgn0288729	A0ACD4DAU4
FBgn0288730	A0ACD4DAW2
FBgn0288731	A0ACD4DAW3
FBgn0288732	A0ACD4DAV3
FBgn0288733	A0ACD4DAW0
FBgn0288734	A0ACD4DAW5
FBgn0288735	A0ACD4DAV7
FBgn0288736	A0ACD4DAV6
FBgn0288737	A0ACD4DAZ1
FBgn0288738	A0ACD4DAW8
FBgn0288739	A0ACD4DAX0
FBgn0288740	A0ACD4DBL1
FBgn0288741	A0ACD4DAU8
FBgn0288742	A0ACD4DAV2
FBgn0288743	A0ACD4DAU5
FBgn0288744	A0ACD4DAV5
FBgn0288745	A0ACD4DAY3
FBgn0288746	A0ACD4DAY5
FBgn0288747	A0ACD4DAW1
FBgn0288748	A0A9F2H0X9
FBgn0288810	A0A9F2H0Z1
FBgn0288833	Q9VYW3
FBgn0288834	Q9VIH1
FBgn0288835	A0ACD4DAS6
FBgn0288846	Q9VHW4
FBgn0288856	Q7K4V4
FBgn0288857	Q9XZF0
FBgn0288875	Q9VAQ0
FBgn0288888	P41894
FBgn0288966	O62609
FBgn0288967	Q9V3N5
FBgn0288976	Q8INF7
FBgn0289108	Q9VD92
FBgn0289122	Q9VDY1
FBgn0289323	A1ZAK1
FBgn0289556	B7YZT7
FBgn0289578	Q960D4
FBgn0289579	Q9VVL7
FBgn0289650	A0A0B4KFF9
FBgn0289678	Q8IPE5
FBgn0289712	Q9W2N0
FBgn0289743	P33270
FBgn0289744	Q7JXB9
FBgn0289745	A0A0B4LHM3
FBgn0289868	Q9VT90
FBgn0289933	P11046
FBgn0289994	P02518
FBgn0290109	P41374
FBgn0290170	Q9VXH6
FBgn0290174	P54351
FBgn0290182	P45975
FBgn0290203	Q9VL20
FBgn0290324	Q9W1I8
FBgn0290396	Q9VCC0
FBgn0290397	Q9VCC9
FBgn0290398	Q9VBH3
FBgn0290399	Q9VCD0
FBgn0290416	Q9VCA8
FBgn0290417	Q9VBI1
FBgn0290418	Q7KRZ3
FBgn0290419	Q9VBG4
FBgn0290420	Q9VBH7
FBgn0290421	Q9VBI2
FBgn0290431	Q9VBI3
FBgn0290467	Q4V4T8
FBgn0290559	Q8SYQ4
FBgn0290560	M9PDW8
FBgn0290561	Q7K3D4
