CR45932	FBgn0267594
CR42418	FBgn0259849
CR40530	FBgn0085494
CG40635	FBgn0085506
CR42439	FBgn0259870
CG42398	FBgn0259817
CR40719	FBgn0085511
CR42433	FBgn0259864
CR42406	FBgn0259837
CG41561	FBgn0085692
CR45933	FBgn0267595
CR40947	FBgn0085540
CR42411	FBgn0259842
CR42408	FBgn0259839
CR42409	FBgn0259840
CR45934	FBgn0267596
CR11023	FBgn0031208
CG2671	FBgn0002121
CG2657	FBgn0031209
CR43609	FBgn0263584
CG31973	FBgn0051973
CR46254	FBgn0267987
CR45339	FBgn0266878
CR45340	FBgn0266879
CG11371	FBgn0067779
CR44987	FBgn0266322
CG11372	FBgn0031213
CG11374	FBgn0031214
CG11450	FBgn0002931
CG11376	FBgn0031216
CG11377	FBgn0031217
CG12178	FBgn0026787
CG2674	FBgn0005278
CG11455	FBgn0031228
CG13694	FBgn0031219
CG4822	FBgn0031220
CG3164	FBgn0288229
CR44969	FBgn0266304
CG2718	FBgn0001142
CR44185	FBgn0265074
CR44186	FBgn0265075
CG31975	FBgn0051975
CG31976	FBgn0051976
CG31974	FBgn0051974
CG11454	FBgn0031224
CG42399	FBgn0259818
CG3709	FBgn0031227
CG3436	FBgn0031229
CG33635	FBgn0053635
CG18497	FBgn0016977
CG11488	FBgn0031231
CG11617	FBgn0031232
CG11490	FBgn0031233
CG3696	FBgn0266557
CR44220	FBgn0265151
CR44222	FBgn0265153
CR44221	FBgn0265152
CR43580	FBgn0263465
CG13693	FBgn0031235
CR42959	FBgn0262252
CR44218	FBgn0265149
CG11606	FBgn0283652
CG3645	FBgn0031238
CG17075	FBgn0031239
CR44219	FBgn0265150
CG3345	FBgn0031240
CG11604	FBgn0086912
CG11555	FBgn0086856
CG17078	FBgn0086855
CG11561	FBgn0003444
CG11601	FBgn0031244
CG3625	FBgn0031245
CR46262	FBgn0267995
CR46263	FBgn0267996
CG11592	FBgn0025686
CG11562	FBgn0031247
CG3582	FBgn0017457
CG2720	FBgn0024352
CG2699	FBgn0020622
CG4574	FBgn0004611
CR43719	FBgn0263872
CG11912	FBgn0031248
CG11911	FBgn0031249
CG33127	FBgn0053127
CG43755	FBgn0264086
CG31921	FBgn0051921
CG11907	FBgn0031250
CR45367	FBgn0266907
CR45366	FBgn0266906
CG3935	FBgn0000061
CR43718	FBgn0263871
CG4213	FBgn0031251
CG4033	FBgn0003278
CG4260	FBgn0264855
CG4063	FBgn0263933
CG13690	FBgn0031252
CG4087	FBgn0002593
CG11885	FBgn0031253
CG13692	FBgn0031254
CG13691	FBgn0031255
CG4114	FBgn0004583
CR43717	FBgn0263870
CG4280	FBgn0015924
CG4164	FBgn0031256
CR43080	FBgn0262510
CG4133	FBgn0031257
CG4297	FBgn0031258
CG4184	FBgn0027592
CG2762	FBgn0003963
CG4427	FBgn0043364
CR46258	FBgn0267991
CR46259	FBgn0267992
CG3018	FBgn0010602
CG11840	FBgn0031260
CG2914	FBgn0005660
CG11822	FBgn0031261
CG11838	FBgn0260933
CG2789	FBgn0031263
CG11835	FBgn0031264
CG2794	FBgn0031265
CG2863	FBgn0021874
CG2807	FBgn0031266
CG13688	FBgn0031267
CG2813	FBgn0031268
CG13687	FBgn0013323
CG2819	FBgn0023489
CG2851	FBgn0010323
CR46148	FBgn0267827
CG13689	FBgn0031270
CR43648	FBgn0263657
CR43649	FBgn0263658
CG13686	FBgn0040106
CR44797	FBgn0266032
CR44798	FBgn0266033
CG2826	FBgn0040107
CG2839	FBgn0031273
CR45369	FBgn0266909
CG17941	FBgn0284247
CR44988	FBgn0266323
CR46260	FBgn0267993
CG2830	FBgn0011244
CG3159	FBgn0026438
CG3022	FBgn0031275
CR44614	FBgn0265825
CG12506	FBgn0031276
CG13946	FBgn0040725
CG13947	FBgn0031277
CG13948	FBgn0041250
CG3544	FBgn0031279
CG3324	FBgn0000442
CR45259	FBgn0266797
CG31658	FBgn0051658
CG3561	FBgn0086130
CG3883	FBgn0031281
CG3639	FBgn0031282
CG15880	FBgn0031283
CG3876	FBgn0031284
CG3642	FBgn0015621
CG3662	FBgn0031285
CG3862	FBgn0031286
CG3727	FBgn0010583
CG3365	FBgn0020304
CR44060	FBgn0264869
CG4291	FBgn0031287
CG3943	FBgn0020545
CG13949	FBgn0031288
CR45345	FBgn0266884
CR42884	FBgn0262177
CG13950	FBgn0031289
CG4276	FBgn0029095
CG4258	FBgn0020305
CG33526	FBgn0053526
CG15824	FBgn0031292
CG3966	FBgn0002936
CR45348	FBgn0266887
CG4178	FBgn0002563
CR31656	FBgn0003916
CR46377	FBgn0286735
CR45261	FBgn0266799
CR44061	FBgn0264870
CG4226	FBgn0046113
CG4341	FBgn0028481
CR44801	FBgn0266036
CG31795	FBgn0031294
CR46486	FBgn0287617
CG4375	FBgn0031295
CG4415	FBgn0031296
CG4385	FBgn0003310
CG4426	FBgn0015905
CG4428	FBgn0031298
CG4629	FBgn0031299
CG4644	FBgn0261938
CG14339	FBgn0031301
CG14340	FBgn0031302
CG4710	FBgn0016926
CG4552	FBgn0031304
CG4715	FBgn0031305
CG4577	FBgn0031306
CR45717	FBgn0267281
CG4726	FBgn0031307
CG4749	FBgn0283525
CG5041	FBgn0031309
CG4764	FBgn0031310
CG33979	FBgn0261458
CR43767	FBgn0264267
CG4775	FBgn0031312
CG5080	FBgn0031313
CG4785	FBgn0031314
CG14341	FBgn0031315
CG5105	FBgn0024314
CG31922	FBgn0051922
CG5118	FBgn0031317
CG4887	FBgn0031318
CG4896	FBgn0031319
CG5126	FBgn0031320
CG4947	FBgn0031321
CG5001	FBgn0031322
CG5139	FBgn0031323
CG43348	FBgn0263080
CG43349	FBgn0263081
CG5011	FBgn0040723
CG14342	FBgn0031324
CR45346	FBgn0266885
CR43263	FBgn0262944
CG42329	FBgn0259229
CG5397	FBgn0031327
CG5423	FBgn0041097
CG5430	FBgn0011294
CG5440	FBgn0031331
CG33923	FBgn0053923
CG33922	FBgn0053922
CG5450	FBgn0026141
CR45005	FBgn0266357
CR45006	FBgn0266358
CG5556	FBgn0031332
CG5561	FBgn0031333
CG31924	FBgn0051924
CG5565	FBgn0031335
CG31659	FBgn0051659
CG33126	FBgn0053126
CG14346	FBgn0031337
CR44898	FBgn0266203
CG5481	FBgn0002543
CR44897	FBgn0266202
CG43401	FBgn0263320
CG43402	FBgn0263321
CG31928	FBgn0051928
CG33128	FBgn0053128
CG31926	FBgn0051926
CG31661	FBgn0051661
CG18131	FBgn0031343
CG7420	FBgn0031344
CR44064	FBgn0264873
CG18132	FBgn0031345
CG7428	FBgn0001174
CG12193	FBgn0026398
CG4231	FBgn0026397
CG14351	FBgn0261509
CG10869	FBgn0031347
CG31935	FBgn0051935
CG14352	FBgn0031351
CG7361	FBgn0021906
CR44603	FBgn0265814
CR45695	FBgn0267259
CG31666	FBgn0086758
CG17158	FBgn0011570
CG17660	FBgn0031356
CR44976	FBgn0266311
CG17642	FBgn0031357
CG17657	FBgn0086698
CG18317	FBgn0031359
CG17654	FBgn0000579
CG31938	FBgn0260648
CG31937	FBgn0031360
CG17652	FBgn0031361
CG17646	FBgn0264494
CG17712	FBgn0027597
CG17648	FBgn0031364
CG31932	FBgn0041249
CG17650	FBgn0031365
CG31936	FBgn0045497
CG31930	FBgn0045498
CG31929	FBgn0265138
CG31931	FBgn0045500
CG31662	FBgn0045501
CG31933	FBgn0051933
CG31664	FBgn0051664
CG15623	FBgn0031367
CR42982	FBgn0262275
CG31665	FBgn0051665
CR44073	FBgn0264882
CR44074	FBgn0264883
CG31663	FBgn0051663
CG7295	FBgn0031372
CR44075	FBgn0264884
CG15358	FBgn0031373
CG7337	FBgn0031374
CR31667	FBgn0011859
CG15357	FBgn0040719
CG33673	FBgn0053673
CG31670	FBgn0031375
CR31942	FBgn0051942
CG10908	FBgn0267972
CG15356	FBgn0031377
CG15362	FBgn0031378
CG7289	FBgn0031379
CG4233	FBgn0001125
CG7291	FBgn0031381
CR42874	FBgn0262148
CG31941	FBgn0043539
CG33543	FBgn0053543
CR43464	FBgn0263441
CG15353	FBgn0040718
CR45712	FBgn0267276
CG15361	FBgn0040717
CR31943	FBgn0051943
CR31944	FBgn0051944
CG4238	FBgn0031384
CR31939	FBgn0051939
CR31940	FBgn0051940
CR31669	FBgn0051669
CR46374	FBgn0286732
CR31945	FBgn0011860
CG42296	FBgn0259192
CG42295	FBgn0259230
CG4244	FBgn0003557
CR45298	FBgn0266836
CG31672	FBgn0028952
CG15377	FBgn0026396
CG33516	FBgn0053516
CG12674	FBgn0031388
CR44808	FBgn0266043
CR44055	FBgn0264864
CG4259	FBgn0031389
CG7254	FBgn0004507
CG31671	FBgn0031390
CG11723	FBgn0031391
CG7261	FBgn0027509
CG7263	FBgn0031392
CG15382	FBgn0031393
CG3166	FBgn0000097
CR43751	FBgn0265017
CR44066	FBgn0264875
CR31946	FBgn0051946
CR45290	FBgn0266828
CG10874	FBgn0031395
CR44065	FBgn0264874
CG34172	FBgn0085201
CG31668	FBgn0051668
CG33124	FBgn0053124
CG15385	FBgn0031397
CG4265	FBgn0010288
CG34174	FBgn0085203
CG10880	FBgn0031398
CG15386	FBgn0040715
CG42371	FBgn0259717
CG7074	FBgn0031399
CG7082	FBgn0031401
CG15387	FBgn0031403
CG7085	FBgn0267378
CR44114	FBgn0264945
CG10882	FBgn0262126
CR44115	FBgn0264946
CG31679	FBgn0051679
CG32463	FBgn0052463
CG31682	FBgn0051682
CG4267	FBgn0264979
CR42859	FBgn0262106
CG17240	FBgn0011832
CG17239	FBgn0042186
CG17234	FBgn0042187
CG17012	FBgn0031406
CR44787	FBgn0266022
CR44788	FBgn0266023
CG4270	FBgn0031407
CG34049	FBgn0054049
CG17242	FBgn0250841
CR43753	FBgn0264084
CR43754	FBgn0264085
CG4271	FBgn0031409
CG31681	FBgn0051681
CG42658	FBgn0261523
CG17237	FBgn0031410
CG10838	FBgn0028570
CG31949	FBgn0051949
CG16995	FBgn0031412
CG9967	FBgn0031413
CG33955	FBgn0031414
CG3664	FBgn0014010
CG4272	FBgn0261647
CG3597	FBgn0031417
CG3609	FBgn0031418
CG15390	FBgn0031419
CR44982	FBgn0266317
CG9866	FBgn0031420
CG9867	FBgn0264672
CG9870	FBgn0031422
CG3557	FBgn0031423
CG43750	FBgn0264081
CG46448	FBgn0287218
CG9887	FBgn0031424
CG18641	FBgn0031426
CG31948	FBgn0051948
CG34448	FBgn0085477
CG34447	FBgn0085476
CG9886	FBgn0031428
CG44139	FBgn0264988
CR44912	FBgn0266217
CG9885	FBgn0000490
CR31986	FBgn0012017
CR31987	FBgn0012016
CR45286	FBgn0266824
CG3539	FBgn0264978
CG9884	FBgn0011818
CR44607	FBgn0265818
CG3528	FBgn0031430
CR46069	FBgn0267738
CR44112	FBgn0264943
CG3515	FBgn0031431
CR44113	FBgn0264944
CG9964	FBgn0031432
CG18559	FBgn0041337
CG3240	FBgn0026778
CG34314	FBgn0085343
CG3227	FBgn0031434
CG9883	FBgn0031435
CG3214	FBgn0031436
CG9881	FBgn0031437
CG3210	FBgn0026479
CG15394	FBgn0250835
CR44790	FBgn0266025
CR44789	FBgn0266024
CG15395	FBgn0031440
CG43403	FBgn0263322
CR45705	FBgn0267269
CR46328	FBgn0284414
CR46327	FBgn0284413
CR43852	FBgn0264434
CG9962	FBgn0031441
CG43851	FBgn0264433
CG33125	FBgn0053125
CG17301	FBgn0031442
CG9880	FBgn0026395
CG17302	FBgn0031443
CG9879	FBgn0031444
CR46404	FBgn0286882
CG15396	FBgn0041248
CG31690	FBgn0051690
CG15398	FBgn0031446
CG31689	FBgn0031449
CR43549	FBgn0263564
CG2903	FBgn0031450
CG9961	FBgn0031451
CG2843	FBgn0031452
CG3127	FBgn0250906
CG9894	FBgn0031453
CR44772	FBgn0265997
CG9960	FBgn0031454
CG9958	FBgn0031455
CG2848	FBgn0031456
CG3077	FBgn0031457
CG2855	FBgn0031458
CG3069	FBgn0026324
CG2859	FBgn0028398
CG3057	FBgn0019830
CG2862	FBgn0031459
CG15399	FBgn0031460
CG3139	FBgn0004242
CR43821	FBgn0264369
CG16987	FBgn0031461
CG2964	FBgn0031462
CG15400	FBgn0031463
CG3131	FBgn0283531
CG3123	FBgn0031465
CG3119	FBgn0031466
CG2973	FBgn0031467
CR45342	FBgn0266881
CG2975	FBgn0031468
CG18558	FBgn0031469
CG18557	FBgn0031470
CG3117	FBgn0031471
CG2983	FBgn0031472
CG3104	FBgn0031473
CG2986	FBgn0015521
CG2991	FBgn0031474
CG31694	FBgn0051694
CG8813	FBgn0031476
CG8814	FBgn0031478
CG3083	FBgn0031479
CG31950	FBgn0051950
CG18627	FBgn0028970
CG3059	FBgn0024947
CG8817	FBgn0041111
CG3151	FBgn0010263
CG3181	FBgn0024920
CG3178	FBgn0004584
CG3157	FBgn0260639
CG9641	FBgn0031483
CG3165	FBgn0031484
CG9643	FBgn0031485
CG3733	FBgn0250786
CG18642	FBgn0025109
CG3736	FBgn0002989
CG3558	FBgn0025681
CG17265	FBgn0031488
CG17224	FBgn0031489
CG17264	FBgn0031490
CG17223	FBgn0031491
CG3542	FBgn0031492
CG3605	FBgn0031493
CG17219	FBgn0031494
CR44147	FBgn0264996
CG17257	FBgn0031495
CG17258	FBgn0031496
CG17259	FBgn0031497
CG17260	FBgn0031498
CG17262	FBgn0243513
CG17221	FBgn0031500
CG17261	FBgn0031501
CG3524	FBgn0042627
CR43708	FBgn0263847
CR32999	FBgn0003934
CG3523	FBgn0283427
CG9660	FBgn0015600
CG8822	FBgn0005779
CG15403	FBgn0031504
CG12400	FBgn0031505
CG12399	FBgn0011648
CG8825	FBgn0260817
CR31953	FBgn0051953
CG3488	FBgn0014906
CR31734	FBgn0011985
CG44002	FBgn0264744
CR44003	FBgn0264745
CR31951	FBgn0011984
CG31698	FBgn0051698
CG15404	FBgn0031512
CG34393	FBgn0085422
CR45336	FBgn0266875
CR45337	FBgn0266876
CR45338	FBgn0266877
CR45706	FBgn0267270
CR44484	FBgn0265677
CG3347	FBgn0031513
CG3332	FBgn0031514
CR44485	FBgn0265678
CG9664	FBgn0031515
CG9663	FBgn0031516
CG3277	FBgn0031518
CG15406	FBgn0031517
CG3326	FBgn0031519
CG8837	FBgn0031520
CG33281	FBgn0053281
CG33282	FBgn0053282
CG3285	FBgn0031522
CG15408	FBgn0031523
CG3327	FBgn0020445
CG8838	FBgn0031526
CG34394	FBgn0085423
CG15412	FBgn0031528
CG9662	FBgn0031529
CG3289	FBgn0016698
CR45301	FBgn0266839
CG42459	FBgn0259949
CG42460	FBgn0259950
CR44791	FBgn0266026
CR44792	FBgn0266027
CG34175	FBgn0085204
CG3254	FBgn0031530
CG8840	FBgn0031531
CG31952	FBgn0051952
CG2772	FBgn0031533
CG2774	FBgn0031534
CG12795	FBgn0031535
CG3248	FBgn0031536
CG8843	FBgn0266670
CG3246	FBgn0031538
CG3241	FBgn0005616
CR43511	FBgn0263526
CG8844	FBgn0021967
CG3238	FBgn0031540
CG31776	FBgn0051776
CG31956	FBgn0051956
CR45372	FBgn0266912
CR43928	FBgn0264549
CG8846	FBgn0261560
CG15414	FBgn0031542
CG3234	FBgn0014396
CR46495	FBgn0287668
CR46379	FBgn0286737
CR45299	FBgn0266837
CG31954	FBgn0051954
CR45300	FBgn0266838
CG33123	FBgn0284253
CG17593	FBgn0031544
CG3213	FBgn0031545
CG8851	FBgn0031546
CG3212	FBgn0031547
CG8852	FBgn0031548
CG15415	FBgn0031549
CG8853	FBgn0031550
CR44308	FBgn0265367
CG10016	FBgn0024244
CR44309	FBgn0265368
CR44747	FBgn0265960
CR43822	FBgn0264370
CG43815	FBgn0264363
CG3242	FBgn0004892
CR46324	FBgn0284410
CR43823	FBgn0264371
CG3851	FBgn0002985
CR44310	FBgn0265369
CG2788	FBgn0015663
CG15418	FBgn0031554
CG10033	FBgn0000721
CR43508	FBgn0263523
CG34340	FBgn0085369
CG42461	FBgn0259951
CG42463	FBgn0259953
CG42462	FBgn0259952
CG42602	FBgn0261054
CG16704	FBgn0031558
CG3513	FBgn0031559
CG31779	FBgn0051779
CR43364	FBgn0263096
CG43165	FBgn0262721
CG16713	FBgn0031560
CG16712	FBgn0031561
CG3604	FBgn0031562
CG10031	FBgn0031563
CG42464	FBgn0259954
CG42465	FBgn0259955
CG42466	FBgn0259956
CG42467	FBgn0259957
CG43145	FBgn0262621
CR44311	FBgn0265370
CG2816	FBgn0031564
CG31778	FBgn0051778
CG31777	FBgn0051777
CG33122	FBgn0015376
CG31955	FBgn0051955
CG2818	FBgn0031566
CG3410	FBgn0040104
CG2822	FBgn0003386
CG10019	FBgn0031568
CG43707	FBgn0263846
CG43703	FBgn0263842
CR42926	FBgn0262392
CR43704	FBgn0263843
CG10021	FBgn0004893
CG31960	FBgn0051960
CR31958	FBgn0051958
CG3921	FBgn0031571
CG3920	FBgn0021800
CG3407	FBgn0031573
CR44076	FBgn0264885
CR44077	FBgn0264886
CG16738	FBgn0003430
CG2939	FBgn0004567
CR44983	FBgn0266318
CR45451	FBgn0267007
CR45449	FBgn0267005
CR45450	FBgn0267006
CR44078	FBgn0264887
CG3964	FBgn0031574
CG3980	FBgn0031575
CG31957	FBgn0051957
CG3399	FBgn0000256
CG31774	FBgn0051774
CG31773	FBgn0051773
CG43797	FBgn0264341
CR45344	FBgn0266883
CG34176	FBgn0085205
CG15422	FBgn0031579
CG15423	FBgn0031580
CG43773	FBgn0264295
CG43774	FBgn0264296
CG12676	FBgn0000547
CR44984	FBgn0266319
CG31962	FBgn0020376
CG4099	FBgn0014033
CG2955	FBgn0031585
CG11767	FBgn0026394
CR45791	FBgn0267441
CR44057	FBgn0264866
CG31961	FBgn0051961
CG2958	FBgn0040102
CG3714	FBgn0031589
CG3352	FBgn0001075
CG3702	FBgn0031590
CG2960	FBgn0003941
CR44608	FBgn0265819
CR45720	FBgn0267284
CR44058	FBgn0264867
CR44059	FBgn0264868
CR45294	FBgn0266832
CR45295	FBgn0266833
CR45296	FBgn0266834
CG15425	FBgn0265269
CR44080	FBgn0264889
CG3675	FBgn0031592
CG15427	FBgn0010473
CG16857	FBgn0028482
CG2969	FBgn0020762
CR42895	FBgn0262375
CR44697	FBgn0265908
CR44698	FBgn0265909
CR44699	FBgn0265910
CR44700	FBgn0265911
CG15429	FBgn0031596
CR45363	FBgn0266903
CG3048	FBgn0026319
CG17612	FBgn0031597
CG3338	FBgn0031598
CG18013	FBgn0261976
CG4104	FBgn0027560
CG3652	FBgn0031600
CG3054	FBgn0022153
CG33003	FBgn0053003
CG3058	FBgn0031601
CG15431	FBgn0031602
CG43055	FBgn0262357
CR31963	FBgn0051963
CG34177	FBgn0085206
CG34178	FBgn0085207
CG43056	FBgn0262358
CG42468	FBgn0259958
CG15432	FBgn0031603
CG15437	FBgn0027609
CG15433	FBgn0031604
CG15438	FBgn0025684
CG15439	FBgn0031606
CG15440	FBgn0031607
CG15434	FBgn0040705
CG15441	FBgn0019982
CG15442	FBgn0285948
CR33674	FBgn0065053
CG33002	FBgn0053002
CG15435	FBgn0031608
CG15443	FBgn0031609
CG15436	FBgn0031610
CG17840	FBgn0031611
CG15444	FBgn0011603
CG33196	FBgn0053196
CG15636	FBgn0031613
CR43716	FBgn0263869
CR44609	FBgn0265820
CR45452	FBgn0267008
CG34102	FBgn0083938
CG15635	FBgn0031617
CG43798	FBgn0264342
CG3355	FBgn0031619
CR46329	FBgn0284415
CG11929	FBgn0031620
CG12205	FBgn0000227
CG15634	FBgn0031621
CG3251	FBgn0031622
CG34351	FBgn0085380
CG15632	FBgn0031623
CG15631	FBgn0031626
CG15630	FBgn0031627
CG42523	FBgn0260428
CG3294	FBgn0031628
CG3244	FBgn0287234
CR45297	FBgn0266835
CG15629	FBgn0031630
CG3225	FBgn0031631
CR43562	FBgn0263577
CG15628	FBgn0031632
CG2976	FBgn0031633
CR43560	FBgn0263575
CG15627	FBgn0031634
CG15626	FBgn0031635
CG12194	FBgn0031636
CG2950	FBgn0031637
CG11927	FBgn0031638
CG2937	FBgn0031639
CG11926	FBgn0031640
CG31660	FBgn0051660
CG11924	FBgn0000286
CG3008	FBgn0031643
CG15625	FBgn0031644
CR45716	FBgn0267280
CG3036	FBgn0031645
CG2837	FBgn0031646
CG12787	FBgn0041150
CG15624	FBgn0031649
CG3047	FBgn0003372
CG14044	FBgn0031650
CG8849	FBgn0031651
CG3469	FBgn0015000
CG8873	FBgn0031652
CG8871	FBgn0031653
CG8869	FBgn0031654
CG8867	FBgn0020906
CG3753	FBgn0031655
CG34124	FBgn0083960
CR43824	FBgn0264372
CG34125	FBgn0083961
CG8882	FBgn0015834
CG8885	FBgn0262467
CG3756	FBgn0031657
CG8886	FBgn0010607
CG14043	FBgn0031659
CG3782	FBgn0031660
CG8890	FBgn0031661
CG3792	FBgn0031662
CG8891	FBgn0031663
CG8892	FBgn0031664
CG34126	FBgn0083962
CG33113	FBgn0053113
CG31917	FBgn0031668
CG42373	FBgn0265968
CG3887	FBgn0031670
CG16858	FBgn0016075
CG4145	FBgn0000299
CG14042	FBgn0260451
CG14041	FBgn0260470
CG31650	FBgn0031673
CG33995	FBgn0053995
CG44000	FBgn0264742
CG44001	FBgn0264743
CG9121	FBgn0031675
CG9124	FBgn0022023
CG14040	FBgn0031676
CG14036	FBgn0031677
CG5825	FBgn0014857
CG31918	FBgn0031678
CG18174	FBgn0028694
CR45291	FBgn0266829
CG14039	FBgn0028572
CR43820	FBgn0264368
CR42920	FBgn0262213
CR45305	FBgn0266843
CG5827	FBgn0261608
CG31651	FBgn0031681
CG5828	FBgn0031682
CG4230	FBgn0031683
CG8680	FBgn0031684
CG42768	FBgn0261836
CR33789	FBgn0065083
CR33915	FBgn0065107
CR34569	FBgn0083028
CR33749	FBgn0065104
CG6081	FBgn0031688
CG10833	FBgn0031689
CG7742	FBgn0031690
CG14034	FBgn0250847
CG6514	FBgn0031692
CG14026	FBgn0003716
CR31971	FBgn0051971
CR31914	FBgn0051914
CR14033	FBgn0046776
CR44744	FBgn0265957
CG14032	FBgn0031693
CG17970	FBgn0031694
CG14031	FBgn0031695
CG14025	FBgn0000228
CG14030	FBgn0031696
CR44743	FBgn0265956
CR44742	FBgn0265955
CG14029	FBgn0016076
CR45730	FBgn0267294
CG14024	FBgn0031697
CG14023	FBgn0031698
CR44985	FBgn0266320
CG14028	FBgn0015031
CG14022	FBgn0031700
CG14027	FBgn0031701
CG14021	FBgn0031702
CG12512	FBgn0031703
CG11020	FBgn0016920
CR42850	FBgn0262097
CR44745	FBgn0265958
CG6604	FBgn0016660
CR43713	FBgn0263866
CR43714	FBgn0263867
CR43715	FBgn0263868
CR31647	FBgn0051647
CR34662	FBgn0086033
CG6634	FBgn0261963
CR45287	FBgn0266825
CG14020	FBgn0031707
CG7382	FBgn0031708
CG11024	FBgn0000318
CG7371	FBgn0031710
CG6907	FBgn0031711
CR44793	FBgn0266028
CG31989	FBgn0051989
CG31648	FBgn0051648
CG31915	FBgn0051915
CG7277	FBgn0031713
CG14016	FBgn0031715
CG14015	FBgn0031716
CG7269	FBgn0014189
CG6944	FBgn0002525
CG6957	FBgn0031717
CG14014	FBgn0031718
CG18269	FBgn0031719
CG14013	FBgn0031720
CG14017	FBgn0031721
CG6992	FBgn0004620
CG7234	FBgn0020429
CR44794	FBgn0266029
CR32998	FBgn0041719
CG14011	FBgn0031722
CG7251	FBgn0031723
CG18266	FBgn0031724
CG14010	FBgn0031725
CR44795	FBgn0266030
CR44796	FBgn0266031
CG7249	FBgn0031726
CG31646	FBgn0051646
CR44822	FBgn0266069
CR42963	FBgn0262256
CR43028	FBgn0262321
CR42946	FBgn0262239
CR42907	FBgn0262200
CR43040	FBgn0262333
CR42950	FBgn0262243
CR44821	FBgn0266068
CG7235	FBgn0031728
CG12511	FBgn0031729
CR44819	FBgn0266066
CR44820	FBgn0266067
CG7236	FBgn0031730
CG14007	FBgn0031731
CR44818	FBgn0266065
CG34011	FBgn0054011
CG11149	FBgn0031732
CG7238	FBgn0024191
CG11030	FBgn0031736
CG14006	FBgn0031733
CG11147	FBgn0031734
CG11029	FBgn0031735
CG11142	FBgn0031737
CG9171	FBgn0031738
CR31912	FBgn0051912
CG31913	FBgn0051913
CG14005	FBgn0031739
CG7239	FBgn0031740
CG11034	FBgn0031741
CR44575	FBgn0265786
CR44576	FBgn0265787
CG43307	FBgn0262999
CG31644	FBgn0051644
CG34381	FBgn0085410
CG8965	FBgn0031745
CG44574	FBgn0265785
CG42469	FBgn0259959
CG43185	FBgn0262814
CG9029	FBgn0031746
CR44577	FBgn0265788
CR44578	FBgn0265789
CG9024	FBgn0002856
CG8982	FBgn0002855
CR44579	FBgn0265790
CG9021	FBgn0031747
CR43808	FBgn0264352
CG14001	FBgn0043362
CG14000	FBgn0031749
CG9016	FBgn0031751
CR43926	FBgn0264547
CG9019	FBgn0015381
CR45288	FBgn0266826
CR45289	FBgn0266827
CG42603	FBgn0261055
CG9042	FBgn0001128
CR44986	FBgn0266321
CG9044	FBgn0031752
CG13999	FBgn0031753
CG13998	FBgn0040949
CG9046	FBgn0003980
CG13997	FBgn0086266
CG9048	FBgn0003979
CG9050	FBgn0086265
CG13992	FBgn0031756
CG9064	FBgn0031757
CG18340	FBgn0031758
CR43465	FBgn0263442
CG9553	FBgn0000308
CG9075	FBgn0001942
CG9078	FBgn0001941
CG9088	FBgn0031759
CG9093	FBgn0031760
CG9092	FBgn0001089
CR43866	FBgn0264448
CG9098	FBgn0031762
CG11607	FBgn0001170
CG13996	FBgn0031763
CG9107	FBgn0031764
CG9109	FBgn0031765
CG9115	FBgn0025742
CG9117	FBgn0031766
CG31643	FBgn0051643
CG9127	FBgn0000052
CR43024	FBgn0262317
CG9131	FBgn0029161
CG34179	FBgn0085208
CG12393	FBgn0031768
CG9135	FBgn0031769
CG13995	FBgn0031770
CG34180	FBgn0085209
CG9140	FBgn0031771
CG13994	FBgn0031772
CG9144	FBgn0031773
CG9147	FBgn0031774
CG9150	FBgn0031775
CG13993	FBgn0031776
CG9154	FBgn0031777
CG9159	FBgn0266449
CR43801	FBgn0264345
CR9162	FBgn0031778
CR44773	FBgn0265999
CG45074	FBgn0266450
CG45075	FBgn0266445
CG9175	FBgn0031779
CG31641	FBgn0266521
CG31642	FBgn0051642
CG5972	FBgn0284255
CG9226	FBgn0031782
CG42730	FBgn0261683
CG42731	FBgn0261697
CG9222	FBgn0031784
CR45719	FBgn0267283
CR44824	FBgn0266071
CG13991	FBgn0031785
CG13990	FBgn0040950
CG31639	FBgn0051639
CG13989	FBgn0031786
CG34380	FBgn0085409
CG9481	FBgn0026755
CR44823	FBgn0266070
CG33531	FBgn0053531
CG9486	FBgn0031791
CG13983	FBgn0031792
CR46410	FBgn0286891
CG43922	FBgn0264543
CG13984	FBgn0260452
CG9491	FBgn0265778
CG9493	FBgn0031799
CG11567	FBgn0015623
CG9497	FBgn0031800
CG9498	FBgn0031801
CG9499	FBgn0031802
CG9501	FBgn0031803
CG9500	FBgn0031804
CR44777	FBgn0266003
CR44778	FBgn0266004
CG9505	FBgn0031805
CG9506	FBgn0043854
CG42368	FBgn0259714
CG9507	FBgn0031808
CG42370	FBgn0259716
CG42369	FBgn0259715
CG13982	FBgn0031811
CG11527	FBgn0011722
CG9523	FBgn0263278
CG9527	FBgn0031813
CG9528	FBgn0031814
CG9526	FBgn0031815
CG16947	FBgn0031816
CG9531	FBgn0031817
CG9535	FBgn0259749
CG9536	FBgn0031818
CG9539	FBgn0086357
CR45463	FBgn0267019
CG9537	FBgn0031820
CG9542	FBgn0287695
CG9543	FBgn0027496
CG9548	FBgn0031822
CG31638	FBgn0051638
CG9547	FBgn0031824
CG9550	FBgn0031826
CG31637	FBgn0051637
CR44775	FBgn0266001
CG9554	FBgn0000320
CR44776	FBgn0266002
CG9595	FBgn0031829
CG11015	FBgn0031830
CG9596	FBgn0031832
CG11043	FBgn0031831
CG31911	FBgn0263916
CG13766	FBgn0031834
CG11319	FBgn0031835
CG11050	FBgn0031836
CG11320	FBgn0031837
CR44913	FBgn0266218
CG34345	FBgn0085374
CG31634	FBgn0051634
CG31635	FBgn0051635
CG11098	FBgn0286898
CG31633	FBgn0051633
CG31636	FBgn0051636
CG11070	FBgn0028467
CG13771	FBgn0031844
CG11181	FBgn0000392
CG34310	FBgn0085339
CG9232	FBgn0263200
CG11331	FBgn0028990
CG11330	FBgn0000351
CG11329	FBgn0031848
CG11328	FBgn0028703
CG11327	FBgn0031849
CG11326	FBgn0031850
CG11325	FBgn0025595
CG11188	FBgn0031851
CG11324	FBgn0025777
CG11199	FBgn0046704
CG11201	FBgn0031853
CG11323	FBgn0031854
CG11221	FBgn0031855
CG31910	FBgn0051910
CG44271	FBgn0265257
CG11322	FBgn0031856
CG11321	FBgn0031857
CG17378	FBgn0031858
CG9258	FBgn0015776
CG9261	FBgn0015777
CG43610	FBgn0263585
CR31631	FBgn0051631
CG17376	FBgn0042189
CG17377	FBgn0031859
CG11236	FBgn0031860
CG17375	FBgn0031861
CR44081	FBgn0264890
CG31632	FBgn0051632
CG10800	FBgn0017551
CG10805	FBgn0086451
CG10806	FBgn0031865
CR44915	FBgn0266220
CR44914	FBgn0266219
CG13772	FBgn0031866
CR42912	FBgn0262205
CG13773	FBgn0042092
CG10354	FBgn0031868
CG4488	FBgn0011737
CG10203	FBgn0028554
CG32829	FBgn0052829
CG10206	FBgn0026196
CR43582	FBgn0263467
CG10377	FBgn0004838
CG43232	FBgn0262877
CG18304	FBgn0031869
CG10158	FBgn0031871
CG9211	FBgn0031872
CG9207	FBgn0031873
CG3423	FBgn0020616
CG13775	FBgn0031874
CG3430	FBgn0031875
CG9200	FBgn0031876
CG10399	FBgn0031877
CG9188	FBgn0031878
CG3433	FBgn0021944
CG4494	FBgn0264922
CG8749	FBgn0016978
CR43142	FBgn0262616
CG9138	FBgn0031879
CR44326	FBgn0265414
CG43321	FBgn0263026
CG43322	FBgn0263027
CG31628	FBgn0000053
CG3440	FBgn0003046
CG31908	FBgn0051908
CG3476	FBgn0031881
CG9100	FBgn0031882
CG11266	FBgn0031883
CG43227	FBgn0262872
CG13778	FBgn0031885
CG31907	FBgn0051907
CG13779	FBgn0266666
CG8902	FBgn0031886
CG11289	FBgn0031887
CG13780	FBgn0031888
CR44611	FBgn0265822
CR46196	FBgn0267915
CG34378	FBgn0085407
CR44612	FBgn0265823
CR44610	FBgn0265821
CR46210	FBgn0267929
CR44613	FBgn0265824
CG4495	FBgn0031893
CG4496	FBgn0031894
CG4497	FBgn0031895
CG4502	FBgn0031896
CG13784	FBgn0031897
CG4567	FBgn0263133
CR44989	FBgn0266324
CG42253	FBgn0259111
CG43799	FBgn0264343
CG43800	FBgn0264344
CG13786	FBgn0031900
CG4698	FBgn0010453
CG31909	FBgn0051909
CG4889	FBgn0284084
CR45304	FBgn0266842
CG4969	FBgn0031902
CG4971	FBgn0031903
CR44063	FBgn0264872
CG5125	FBgn0002938
CG5149	FBgn0031904
CG5155	FBgn0031905
CG5160	FBgn0031906
CR44079	FBgn0264888
CG5171	FBgn0031907
CR46205	FBgn0267924
CG5177	FBgn0031908
CG5181	FBgn0031909
CG15818	FBgn0031910
CG5229	FBgn0028387
CR43857	FBgn0264439
CR43020	FBgn0262453
CR43032	FBgn0262458
CG5261	FBgn0283658
CG5958	FBgn0031913
CG5973	FBgn0031914
CG12789	FBgn0025697
CG13787	FBgn0041247
CG13788	FBgn0045495
CG6055	FBgn0031918
CG42533	FBgn0260486
CG6441	FBgn0031920
CG6641	FBgn0011283
CG44086	FBgn0264895
CR44082	FBgn0264891
CR46063	FBgn0267732
CG6717	FBgn0083141
CR46535	FBgn0289444
CR45370	FBgn0266910
CG6730	FBgn0031925
CG6739	FBgn0031926
CR44799	FBgn0266034
CR44800	FBgn0266035
CG43756	FBgn0264087
CG6976	FBgn0040299
CR44148	FBgn0264997
CG18585	FBgn0031929
CG7025	FBgn0031930
CG43235	FBgn0262880
CG7052	FBgn0041182
CG7068	FBgn0041181
CR44990	FBgn0266325
CG7075	FBgn0267326
CR31905	FBgn0012018
CG33296	FBgn0053296
CG13793	FBgn0031935
CG13794	FBgn0031936
CG13795	FBgn0031937
CR46074	FBgn0267743
CG13796	FBgn0031939
CG31904	FBgn0260479
CG7216	FBgn0014454
CG7214	FBgn0031940
CG7211	FBgn0031941
CG7203	FBgn0031942
CR45718	FBgn0267282
CG46025	FBgn0267689
CG7191	FBgn0031945
CG7179	FBgn0020880
CG7171	FBgn0003961
CG7164	FBgn0031946
CG7154	FBgn0031947
CG7149	FBgn0031948
CG7144	FBgn0286198
CR44825	FBgn0266072
CG14536	FBgn0031950
CG7138	FBgn0031951
CG7134	FBgn0031952
CG7123	FBgn0289933
CR45008	FBgn0266360
CG7115	FBgn0027515
CG7111	FBgn0020618
CG7109	FBgn0004177
CR43100	FBgn0262546
CG14537	FBgn0031954
CG14535	FBgn0031955
CG7106	FBgn0040099
CG14534	FBgn0031957
CG7105	FBgn0045038
CR45364	FBgn0266904
CR31903	FBgn0011861
CG7104	FBgn0031959
CG7102	FBgn0031961
CG18591	FBgn0261790
CG34132	FBgn0083968
CG31902	FBgn0051902
CG33121	FBgn0053121
CG34421	FBgn0085450
CG7231	FBgn0031968
CG7228	FBgn0031969
CG7227	FBgn0031970
CR44996	FBgn0266331
CG7224	FBgn0031971
CG7221	FBgn0031972
CG7219	FBgn0031973
CG12560	FBgn0031974
CG34010	FBgn0054010
CG7356	FBgn0031975
CG7367	FBgn0031976
CG7380	FBgn0031977
CG7392	FBgn0044323
CG7429	FBgn0031979
CG7424	FBgn0031980
CR33693	FBgn0065055
CG7466	FBgn0031981
CG14472	FBgn0011230
CG18780	FBgn0013531
CG7562	FBgn0010287
CG7586	FBgn0267488
CR45257	FBgn0266795
CG31605	FBgn0261822
CG8683	FBgn0031985
CG8673	FBgn0031986
CG12375	FBgn0031987
CG8668	FBgn0031988
CG8552	FBgn0031990
CR43546	FBgn0263561
CG42762	FBgn0261830
CG42763	FBgn0261831
CG43394	FBgn0263256
CG31606	FBgn0051606
CG8506	FBgn0261064
CG8498	FBgn0031992
CG44122	FBgn0264953
CG34134	FBgn0083970
CG8475	FBgn0031995
CR44116	FBgn0264947
CG8460	FBgn0031996
CG8455	FBgn0031997
CG8451	FBgn0031998
CR44119	FBgn0264950
CR44120	FBgn0264951
CR44121	FBgn0264952
CG8419	FBgn0031999
CG8409	FBgn0003607
CG8396	FBgn0015299
CG8372	FBgn0032000
CG8360	FBgn0032001
CG8353	FBgn0032002
CG8349	FBgn0032003
CG8292	FBgn0032004
CG8282	FBgn0032005
CG8222	FBgn0032006
CG8137	FBgn0028987
CR43262	FBgn0262943
CG14277	FBgn0032008
CG43057	FBgn0262359
CG8086	FBgn0032010
CG8049	FBgn0003502
CR42893	FBgn0262374
CR31899	FBgn0011902
CR43752	FBgn0264083
CG7870	FBgn0261020
CG7851	FBgn0032013
CG7840	FBgn0032014
CG7830	FBgn0032015
CG7818	FBgn0032016
CG7810	FBgn0032017
CG7806	FBgn0032018
CG7795	FBgn0262598
CG7787	FBgn0032020
CG7781	FBgn0032021
CG14275	FBgn0032022
CG14274	FBgn0032023
CG14273	FBgn0032024
CR45371	FBgn0266911
CG7778	FBgn0032025
CG31901	FBgn0051901
CG7627	FBgn0032026
CG13389	FBgn0010265
CG42522	FBgn0261437
CG17291	FBgn0260439
CR45341	FBgn0266880
CG17292	FBgn0032029
CG17293	FBgn0032030
CG13390	FBgn0032031
CG17294	FBgn0032032
CG13391	FBgn0027094
CG13392	FBgn0032033
CG17295	FBgn0032034
CG13393	FBgn0263852
CG13384	FBgn0032036
CG42819	FBgn0262001
CR32989	FBgn0041717
CG42820	FBgn0262002
CG17797	FBgn0015583
CG17799	FBgn0040098
CR45343	FBgn0266882
CG31893	FBgn0040958
CG17814	FBgn0040959
CG13385	FBgn0032039
CG13386	FBgn0032040
CG31898	FBgn0051898
CG13396	FBgn0001084
CR44991	FBgn0266326
CG13387	FBgn0020497
CG13397	FBgn0014417
CG13398	FBgn0032042
CG13388	FBgn0027932
CG17610	FBgn0001137
CG13400	FBgn0027490
CG13399	FBgn0043002
CG10890	FBgn0002887
CG31897	FBgn0051897
CG13401	FBgn0027780
CG17608	FBgn0026718
CG9233	FBgn0285971
CG42840	FBgn0262029
CG33194	FBgn0053194
CR31896	FBgn0051896
CR31892	FBgn0051892
CG43796	FBgn0264340
CR43604	FBgn0263489
CG13088	FBgn0032047
CG43400	FBgn0263314
CG13094	FBgn0032048
CG13095	FBgn0032049
CG13096	FBgn0032050
CG13097	FBgn0032051
CG13089	FBgn0032052
CG13098	FBgn0032053
CG13090	FBgn0032054
CG13091	FBgn0032055
CG10593	FBgn0016122
CG34441	FBgn0085470
CG34440	FBgn0250903
CG17834	FBgn0028394
CR31604	FBgn0051604
CR31603	FBgn0051603
CG18405	FBgn0011259
CR31895	FBgn0051895
CR43855	FBgn0264437
CR31602	FBgn0051602
CG9280	FBgn0001114
CG9287	FBgn0032057
CR31889	FBgn0051889
CG9289	FBgn0032058
CR31890	FBgn0051890
CR31888	FBgn0051888
CG9296	FBgn0032059
CG9298	FBgn0260861
CG9310	FBgn0004914
CR44992	FBgn0266327
CG9314	FBgn0032061
CG12437	FBgn0003209
CG45307	FBgn0266845
CG12438	FBgn0032065
CG9463	FBgn0032066
CG9465	FBgn0032067
CG9466	FBgn0032068
CG9468	FBgn0032069
CG42710	FBgn0261627
CG18024	FBgn0029123
CR45365	FBgn0266905
CR45260	FBgn0266798
CG32986	FBgn0052986
CG32987	FBgn0052987
CG32988	FBgn0052988
CG32983	FBgn0052983
CG9483	FBgn0032072
CR44414	FBgn0265587
CR44415	FBgn0265588
CG42713	FBgn0261630
CG34398	FBgn0085427
CG9494	FBgn0032074
CR46071	FBgn0267740
CG9496	FBgn0032075
CG9510	FBgn0032076
CG9515	FBgn0032077
CG9520	FBgn0032078
CG46397	FBgn0286875
CG31886	FBgn0032079
CG9525	FBgn0032080
CG32985	FBgn0052985
CG32984	FBgn0052984
CG18088	FBgn0032082
CG9541	FBgn0032083
CG13101	FBgn0032084
CG18662	FBgn0040963
CG9552	FBgn0011705
CG9555	FBgn0032085
CG9556	FBgn0013746
CG17906	FBgn0032086
CG18661	FBgn0040964
CG9564	FBgn0015316
CG9568	FBgn0032087
CG13102	FBgn0032088
CG9573	FBgn0032089
CG9582	FBgn0032090
CR44352	FBgn0265452
CG31708	FBgn0051708
CR44483	FBgn0265676
CG12439	FBgn0032094
CG18241	FBgn0032095
CG31609	FBgn0051609
CR44482	FBgn0265675
CG13106	FBgn0032096
CR44617	FBgn0265828
CR44616	FBgn0265827
CR44615	FBgn0265826
CG32982	FBgn0052982
CG13108	FBgn0032100
CG9586	FBgn0032101
CG13109	FBgn0041092
CR31885	FBgn0051885
CG17009	FBgn0032104
CR43734	FBgn0263985
CG4454	FBgn0032105
CG17011	FBgn0040097
CG3694	FBgn0267252
CR45262	FBgn0266800
CR42844	FBgn0262033
CR45456	FBgn0267012
CR45457	FBgn0267013
CG17005	FBgn0032109
CG3738	FBgn0010314
CG3747	FBgn0026439
CG3748	FBgn0032110
CR44802	FBgn0266037
CG43350	FBgn0263082
CG13110	FBgn0032111
CR43404	FBgn0263323
CG34181	FBgn0085210
CG34366	FBgn0085395
CR43865	FBgn0264447
CG3752	FBgn0012036
CG4438	FBgn0032115
CG3759	FBgn0032116
CG3763	FBgn0000640
CG42847	FBgn0262036
CG4435	FBgn0032117
CG3766	FBgn0011232
CG3769	FBgn0032119
CG34182	FBgn0085211
CG3779	FBgn0002973
CG33723	FBgn0053723
CR43769	FBgn0264269
CG4422	FBgn0004868
CG33298	FBgn0032120
CG3811	FBgn0032123
CG31883	FBgn0032122
CG17855	FBgn0032124
CG3818	FBgn0032125
CG13113	FBgn0032126
CG13114	FBgn0032127
CG4405	FBgn0032129
CG46468	FBgn0287599
CR44149	FBgn0264998
CG3838	FBgn0032130
CG4389	FBgn0028479
CG31709	FBgn0051709
CG12245	FBgn0014179
CR43621	FBgn0263612
CG3841	FBgn0032131
CG4382	FBgn0032132
CG3858	FBgn0019809
CG31884	FBgn0040070
CG3881	FBgn0032135
CG31882	FBgn0289678
CG15828	FBgn0032136
CG33299	FBgn0053299
CR46208	FBgn0267927
CR44150	FBgn0264999
CG4379	FBgn0000273
CG3949	FBgn0286786
CG3959	FBgn0011207
CG31710	FBgn0051710
CG4364	FBgn0032138
CG18660	FBgn0028704
CG13116	FBgn0032139
CG13117	FBgn0032140
CR46529	FBgn0289438
CG4105	FBgn0015035
CG3998	FBgn0270924
CG4079	FBgn0011291
CG4008	FBgn0283478
CG44152	FBgn0265001
CG4017	FBgn0032143
CG17633	FBgn0032144
CG34059	FBgn0065108
CG34058	FBgn0065109
CG4026	FBgn0032147
CR18854	FBgn0285991
CG4036	FBgn0032149
CG13123	FBgn0032150
CG4128	FBgn0032151
CR43766	FBgn0264266
CR44701	FBgn0265912
CG4535	FBgn0029174
CG34183	FBgn0085212
CG4537	FBgn0032153
CG5924	FBgn0032154
CR32873	FBgn0063449
CR32876	FBgn0063391
CR32875	FBgn0063392
CR32874	FBgn0063389
CR31877	FBgn0025881
CG4539	FBgn0010520
CG5920	FBgn0004867
CG33300	FBgn0053300
CG13124	FBgn0032156
CG5899	FBgn0032157
CG4602	FBgn0024285
CG4600	FBgn0040064
CG5885	FBgn0025700
CG4598	FBgn0032160
CG4594	FBgn0032161
CG4592	FBgn0032162
CG13125	FBgn0032163
CG42366	FBgn0259712
CG42367	FBgn0259713
CG31876	FBgn0051876
CG31712	FBgn0051712
CR45007	FBgn0266359
CG31713	FBgn0287788
CG4619	FBgn0032166
CG5853	FBgn0032167
CR45949	FBgn0267611
CR42983	FBgn0262428
CG13126	FBgn0032168
CG4709	FBgn0032169
CG5846	FBgn0032171
CG4658	FBgn0032170
CG5850	FBgn0032172
CR44872	FBgn0266166
CR43683	FBgn0263766
CG5838	FBgn0015664
CG4651	FBgn0011272
CR13130	FBgn0040965
CG4722	FBgn0000180
CG31875	FBgn0051875
CG31755	FBgn0051755
CG4747	FBgn0043456
CR44873	FBgn0266167
CG4758	FBgn0011584
CG13131	FBgn0032175
CG13127	FBgn0032176
CG4778	FBgn0027600
CG33301	FBgn0053301
CR44874	FBgn0266168
CR44875	FBgn0266169
CG33302	FBgn0053302
CG4799	FBgn0287720
CG4804	FBgn0032178
CG44153	FBgn0265002
CG13133	FBgn0032181
CG34109	FBgn0083945
CG13135	FBgn0032184
CG4839	FBgn0032187
CG13137	FBgn0032188
CG5772	FBgn0028675
CG31874	FBgn0051874
CG18145	FBgn0032189
CG4897	FBgn0005593
CG34159	FBgn0085188
CG5734	FBgn0032191
CG5731	FBgn0032192
CR44845	FBgn0266139
CG5727	FBgn0032193
CG4901	FBgn0032194
CG5722	FBgn0024320
CG4904	FBgn0250843
CG4908	FBgn0032195
CG5708	FBgn0032196
CG5694	FBgn0290203
CG4912	FBgn0032198
CG31720	FBgn0051720
CG4916	FBgn0004419
CG5686	FBgn0024248
CR44995	FBgn0266330
CG5680	FBgn0000229
CG31717	FBgn0051717
CG4926	FBgn0010407
CG5676	FBgn0032200
CG5671	FBgn0026379
CG5655	FBgn0011305
CG18619	FBgn0032202
CG4946	FBgn0259482
CG4953	FBgn0032204
CG4957	FBgn0032205
CG31873	FBgn0260750
CG5619	FBgn0003751
CG5640	FBgn0260749
CG34043	FBgn0054043
CG5604	FBgn0032208
CG18144	FBgn0032209
CG5603	FBgn0032210
CR44968	FBgn0266303
CG13138	FBgn0032211
CG5395	FBgn0005322
CG5390	FBgn0032213
CG4968	FBgn0032214
CG5387	FBgn0027491
CG5385	FBgn0267365
CG5384	FBgn0032216
CG4972	FBgn0032217
CG5381	FBgn0032218
CG4995	FBgn0032219
CG5371	FBgn0011703
CG5375	FBgn0032221
CG5037	FBgn0032222
CG5034	FBgn0032223
CG5029	FBgn0019932
CG31715	FBgn0051715
CG5025	FBgn0032224
CG5022	FBgn0032225
CG34367	FBgn0085396
CG5367	FBgn0032228
CG5045	FBgn0032229
CG5366	FBgn0027568
CG5052	FBgn0003087
CG13139	FBgn0032230
CG5056	FBgn0032231
CG33304	FBgn0041723
CG33303	FBgn0053303
CG13140	FBgn0032233
CG5091	FBgn0032234
CG5096	FBgn0032235
CG5363	FBgn0004106
CG5108	FBgn0032236
CG5102	FBgn0267821
CR45789	FBgn0267439
CG5362	FBgn0262782
CG31716	FBgn0051716
CG17768	FBgn0032240
CG33677	FBgn0067622
CG31718	FBgn0051718
CG5271	FBgn0003942
CG5277	FBgn0025366
CG5355	FBgn0032242
CG5300	FBgn0032243
CG5313	FBgn0032244
CG5354	FBgn0005683
CG5168	FBgn0032246
CG5352	FBgn0262601
CG5183	FBgn0267330
CG5188	FBgn0032247
CG5343	FBgn0032248
CG5193	FBgn0004915
CG5337	FBgn0032249
CG5198	FBgn0032250
CG5203	FBgn0027052
CG13142	FBgn0032251
CR45375	FBgn0266915
CG6232	FBgn0032252
CG34042	FBgn0065110
CG5322	FBgn0032253
CG6206	FBgn0027611
CG31719	FBgn0051719
CG6187	FBgn0032256
CG6176	FBgn0026431
CG7456	FBgn0032258
CG6144	FBgn0032259
CG13144	FBgn0032260
CG7438	FBgn0086347
CR44224	FBgn0265155
CG6094	FBgn0032261
CG7384	FBgn0032262
CG46149	FBgn0267828
CG6098	FBgn0010398
CG6113	FBgn0032264
CG18301	FBgn0032265
CG18302	FBgn0032266
CR44618	FBgn0265829
CG31721	FBgn0051721
CG6138	FBgn0032268
CG7363	FBgn0032269
CG34160	FBgn0250826
CG34161	FBgn0085190
CG7329	FBgn0032271
CR45351	FBgn0266891
CG31872	FBgn0051872
CG18284	FBgn0043825
CG17097	FBgn0265264
CR44580	FBgn0265791
CG17098	FBgn0287630
CR45692	FBgn0267256
CG45690	FBgn0267254
CG31871	FBgn0051871
CG17104	FBgn0040496
CR44180	FBgn0265069
CG17105	FBgn0032280
CG17107	FBgn0032281
CG7299	FBgn0032282
CG7296	FBgn0032283
CG7294	FBgn0032284
CG17108	FBgn0032285
CG7300	FBgn0032286
CR44181	FBgn0265070
CG7279	FBgn0023496
CG17116	FBgn0024740
CG6415	FBgn0032287
CR44407	FBgn0265580
CG6431	FBgn0032289
CG6443	FBgn0032290
CG17118	FBgn0032291
CG6750	FBgn0032292
CG6444	FBgn0032293
CG6743	FBgn0027868
CG6737	FBgn0032294
CG12299	FBgn0032295
CG6729	FBgn0032296
CR43513	FBgn0263528
CG17124	FBgn0032297
CR46285	FBgn0283551
CG6495	FBgn0027550
CG6720	FBgn0015320
CG6724	FBgn0032298
CG17127	FBgn0032299
CG31869	FBgn0051869
CR44582	FBgn0265793
CG31870	FBgn0051870
CR44581	FBgn0265792
CG6713	FBgn0011676
CG6508	FBgn0032303
CG17134	FBgn0032304
CG6700	FBgn0032305
CR43545	FBgn0263560
CG17140	FBgn0260453
CG17139	FBgn0260454
CG17137	FBgn0069354
CG6647	FBgn0004363
CG43129	FBgn0262599
CG6627	FBgn0027453
CG6620	FBgn0024227
CG6521	FBgn0027363
CR43807	FBgn0264351
CG12517	FBgn0032311
CR45453	FBgn0267009
CR45454	FBgn0267010
CR44490	FBgn0265683
CG14071	FBgn0032312
CR44491	FBgn0265684
CG14070	FBgn0032313
CR45724	FBgn0267288
CG7309	FBgn0032314
CG14069	FBgn0032315
CG33507	FBgn0261871
CG14072	FBgn0032318
CR44492	FBgn0265685
CR44493	FBgn0265686
CG33129	FBgn0053129
CG4621	FBgn0032321
CG16743	FBgn0032322
CG6093	FBgn0000018
CG6105	FBgn0010612
CG4636	FBgn0041781
CG6122	FBgn0004872
CG12253	FBgn0026148
CG16833	FBgn0026147
CG6137	FBgn0000146
CG16834	FBgn0040096
CG6141	FBgn0015756
CG4579	FBgn0021761
CG16840	FBgn0032329
CR45778	FBgn0267425
CG4584	FBgn0250837
CG31868	FBgn0032330
CG4605	FBgn0023415
CG14913	FBgn0032331
CG18666	FBgn0040967
CR46264	FBgn0275432
CG14915	FBgn0032335
CR45725	FBgn0267289
CG43725	FBgn0263971
CG14919	FBgn0032336
CG14920	FBgn0032337
CG16854	FBgn0032338
CG4705	FBgn0032339
CG6181	FBgn0283682
CG6192	FBgn0032341
CG4713	FBgn0261983
CG6201	FBgn0032343
CG14916	FBgn0041246
CG6230	FBgn0027582
CG14921	FBgn0032345
CG6249	FBgn0032346
CG4738	FBgn0262647
CG6258	FBgn0028700
CG4751	FBgn0032348
CG4779	FBgn0040211
CG33114	FBgn0010197
CG31867	FBgn0051867
CG6287	FBgn0032350
CG42403	FBgn0287724
CG16874	FBgn0014076
CG4788	FBgn0032354
CR43859	FBgn0264441
CG43860	FBgn0264442
CG6392	FBgn0040232
CG33694	FBgn0040233
CG33695	FBgn0052831
CR44182	FBgn0265071
CG4851	FBgn0032358
CG16928	FBgn0020270
CG14925	FBgn0283678
CR43409	FBgn0263328
CR43721	FBgn0263874
CR44583	FBgn0265794
CR44584	FBgn0265795
CR44585	FBgn0265796
CG14926	FBgn0032360
CR44586	FBgn0265797
CG4881	FBgn0000287
CR43681	FBgn0263764
CG6464	FBgn0261648
CR46454	FBgn0287465
CG4922	FBgn0003313
CG43355	FBgn0263087
CG6488	FBgn0287204
CG14928	FBgn0032362
CG6509	FBgn0032363
CG4970	FBgn0032364
CG14929	FBgn0032365
CG14930	FBgn0032366
CG43153	FBgn0262683
CG31705	FBgn0028490
CG31706	FBgn0051706
CG34162	FBgn0085191
CR42743	FBgn0261707
CG43438	FBgn0263386
CR44494	FBgn0265687
CR44495	FBgn0265688
CG4977	FBgn0015400
CG6541	FBgn0028412
CR44496	FBgn0265689
CG6555	FBgn0267327
CG6589	FBgn0032368
CG6614	FBgn0032369
CG12307	FBgn0032370
CG4983	FBgn0032371
CG43167	FBgn0262786
CR44497	FBgn0265690
CR44479	FBgn0265672
CR44480	FBgn0265673
CG44477	FBgn0265670
CR44481	FBgn0265674
CG4988	FBgn0032372
CR44143	FBgn0264992
CR44145	FBgn0264994
CG12602	FBgn0032373
CR44144	FBgn0264993
CG42470	FBgn0259960
CG42471	FBgn0259961
CG42472	FBgn0259962
CG14931	FBgn0032374
CG14932	FBgn0032375
CG14936	FBgn0032376
CG14937	FBgn0032377
CG14938	FBgn0020309
CG14939	FBgn0032378
CG44007	FBgn0264815
CG14941	FBgn0000588
CG45011	FBgn0266363
CG45012	FBgn0266364
CR45013	FBgn0266365
CR45014	FBgn0266366
CG42604	FBgn0265349
CG42473	FBgn0259963
CR43937	FBgn0264565
CG42474	FBgn0259964
CR43936	FBgn0264564
CG31704	FBgn0051704
CG44008	FBgn0264750
CG14933	FBgn0040968
CG46426	FBgn0286929
CG42486	FBgn0259989
CG14934	FBgn0032381
CG14935	FBgn0032382
CG42751	FBgn0261805
CG16960	FBgn0026392
CG16961	FBgn0026391
CG5006	FBgn0026390
CG16963	FBgn0005664
CG16964	FBgn0032385
CR43314	FBgn0263019
CR42938	FBgn0263107
CG16965	FBgn0032387
CG6686	FBgn0032388
CG34163	FBgn0085192
CG12314	FBgn0261266
CG16969	FBgn0032390
CG5202	FBgn0032391
CG31866	FBgn0051866
CG18789	FBgn0042127
CG31864	FBgn0051864
CG31865	FBgn0051865
CG18787	FBgn0042125
CG12264	FBgn0032393
CG6746	FBgn0032394
CG5279	FBgn0014019
CR44588	FBgn0265799
CG6734	FBgn0032395
CR44587	FBgn0265798
CG5304	FBgn0010497
CG18788	FBgn0042126
CG6756	FBgn0032397
CG6766	FBgn0032398
CR46070	FBgn0267739
CG6785	FBgn0032399
CG6770	FBgn0032400
CR44589	FBgn0265800
CG6792	FBgn0032401
CG14945	FBgn0032402
CG12317	FBgn0028425
CG5317	FBgn0032404
CG34164	FBgn0085193
CG7061	FBgn0027505
CG14946	FBgn0032405
CG14947	FBgn0032406
CR44591	FBgn0265802
CR44590	FBgn0265801
CG6716	FBgn0003145
CR44592	FBgn0265803
CR44593	FBgn0265804
CG5325	FBgn0032407
CR44594	FBgn0265805
CG6712	FBgn0032408
CG10692	FBgn0028707
CG5336	FBgn0032409
CG6618	FBgn0029137
CG5353	FBgn0027081
CG6601	FBgn0015797
CG16996	FBgn0263234
CG16997	FBgn0263235
CG17211	FBgn0032414
CG17212	FBgn0032415
CG17213	FBgn0032416
CG31760	FBgn0051760
CG31861	FBgn0051861
CG31860	FBgn0051860
CG17217	FBgn0032419
CG6583	FBgn0032420
CG17218	FBgn0032421
CR43356	FBgn0263088
CG31762	FBgn0000114
CG6579	FBgn0032422
CG31759	FBgn0051759
CR45282	FBgn0266820
CR45283	FBgn0266821
CG31862	FBgn0051862
CG43813	FBgn0264361
CG43065	FBgn0262475
CG17010	FBgn0032424
CG6504	FBgn0041195
CG31764	FBgn0043841
CG6405	FBgn0032428
CG5446	FBgn0032429
CG6388	FBgn0032430
CG5435	FBgn0032431
CG5442	FBgn0265298
CR43583	FBgn0263468
CR43584	FBgn0263469
CG6382	FBgn0020443
CG5427	FBgn0032433
CG5421	FBgn0032434
CG6417	FBgn0032435
CG5418	FBgn0032436
CR17024	FBgn0032437
CG42281	FBgn0259176
CR42910	FBgn0262203
CG31858	FBgn0051858
CG43051	FBgn0262353
CR43573	FBgn0263458
CR42746	FBgn0261709
CR44598	FBgn0265809
CR44597	FBgn0265808
CR44596	FBgn0265807
CR44595	FBgn0265806
CG34395	FBgn0085424
CG17031	FBgn0032439
CG12287	FBgn0004394
CG15485	FBgn0032442
CG5525	FBgn0032444
CG6153	FBgn0032445
CG5780	FBgn0032446
CG6167	FBgn0032447
CG5781	FBgn0032448
CG17036	FBgn0032449
CG5776	FBgn0032450
CG12292	FBgn0032451
CG15484	FBgn0032452
CG6180	FBgn0032453
CG5787	FBgn0032454
CG5792	FBgn0032455
CG6214	FBgn0032456
CR46284	FBgn0283550
CG15483	FBgn0032457
CR46206	FBgn0267925
CR46330	FBgn0284416
CR43818	FBgn0264366
CG12283	FBgn0015399
CR44970	FBgn0266305
CR44971	FBgn0266306
CG5983	FBgn0040508
CG17174	FBgn0040509
CG17176	FBgn0040510
CG17178	FBgn0040506
CR44183	FBgn0265072
CG16800	FBgn0032462
CG3762	FBgn0263598
CG5075	FBgn0032464
CG12404	FBgn0032465
CG12403	FBgn0265262
CG5092	FBgn0021796
CG9934	FBgn0032467
CG9933	FBgn0028965
CG9932	FBgn0262160
CR44197	FBgn0265086
CR45447	FBgn0267003
CR45461	FBgn0267017
CG5142	FBgn0032470
CG44198	FBgn0265087
CG43050	FBgn0262352
CG5122	FBgn0032471
CG9928	FBgn0032472
CG16978	FBgn0040972
CR44199	FBgn0265088
CG5182	FBgn0028410
CG5204	FBgn0032473
CG9828	FBgn0032474
CG5216	FBgn0024291
CG16975	FBgn0032475
CR46256	FBgn0267989
CG43925	FBgn0264546
CG5439	FBgn0032476
CG5287	FBgn0032477
CG31849	FBgn0051849
CG5458	FBgn0032478
CG16974	FBgn0032479
CG5682	FBgn0032480
CG16972	FBgn0032481
CG5547	FBgn0032482
CG15482	FBgn0032483
CR31850	FBgn0004191
CG9431	FBgn0032484
CR31854	FBgn0004192
CG9426	FBgn0032485
CG5705	FBgn0032486
CG15481	FBgn0032487
CG16812	FBgn0032488
CG15480	FBgn0032489
CG16813	FBgn0032490
CG16815	FBgn0032491
CG5648	FBgn0032492
CG15479	FBgn0032493
CG5867	FBgn0027586
CG5945	FBgn0032494
CR46479	FBgn0287610
CR45330	FBgn0266869
CR33788	FBgn0041720
CR31853	FBgn0003935
CG16820	FBgn0032495
CG31728	FBgn0284244
CG31851	FBgn0051851
CG31730	FBgn0051730
CG44085	FBgn0264894
CG31848	FBgn0051848
CG9414	FBgn0028406
CR44083	FBgn0264892
CG6116	FBgn0032499
CR44972	FBgn0266307
CG31729	FBgn0051729
CG16824	FBgn0040973
CG43778	FBgn0264308
CG16825	FBgn0032503
CG43779	FBgn0264301
CG16826	FBgn0032505
CG9395	FBgn0032506
CG9377	FBgn0032507
CG12396	FBgn0022069
CG6523	FBgn0032509
CG31852	FBgn0051852
CG31855	FBgn0051855
CG9306	FBgn0032511
CG9305	FBgn0032512
CG6565	FBgn0032513
CG9302	FBgn0032514
CG6699	FBgn0025724
CG6866	FBgn0032515
CR44599	FBgn0265810
CG9293	FBgn0032516
CG7099	FBgn0032517
CG9282	FBgn0032518
CG16957	FBgn0032519
CG10859	FBgn0032520
CR44600	FBgn0265811
CG7110	FBgn0032521
CG9271	FBgn0003983
CG16848	FBgn0032522
CG16956	FBgn0032523
CG42784	FBgn0263354
CG43850	FBgn0264432
CG7121	FBgn0026760
CR45683	FBgn0267243
CG9267	FBgn0032524
CG16954	FBgn0032525
CG42809	FBgn0261991
CR45684	FBgn0267244
CG42810	FBgn0261992
CG46308	FBgn0284224
CG9239	FBgn0023407
CG33640	FBgn0053640
CG33641	FBgn0053641
CG33642	FBgn0053642
CG33643	FBgn0053643
CG33644	FBgn0053644
CG33645	FBgn0053645
CG15638	FBgn0028943
CG16852	FBgn0028942
CG9263	FBgn0032530
CG16853	FBgn0028941
CG7147	FBgn0259984
CR44973	FBgn0266308
CG9254	FBgn0028513
CR42901	FBgn0262194
CR43410	FBgn0263329
CG9031	FBgn0028546
CR44726	FBgn0265939
CG18507	FBgn0028527
CG31814	FBgn0051814
CG7311	FBgn0028848
CG9014	FBgn0028847
CG31813	FBgn0051813
CR45913	FBgn0267573
CG7364	FBgn0028541
CR44846	FBgn0266140
CR42979	FBgn0262272
CR43039	FBgn0262332
CG43376	FBgn0263206
CG9008	FBgn0028540
CR31845	FBgn0051845
CG7393	FBgn0024846
CG16890	FBgn0028932
CG31731	FBgn0028539
CR44847	FBgn0266141
CG16863	FBgn0028931
CG7578	FBgn0028538
CG7820	FBgn0027844
CG16889	FBgn0028658
CG16865	FBgn0028919
CG16888	FBgn0032533
CG7793	FBgn0001965
CG7811	FBgn0000153
CG8987	FBgn0004406
CG8978	FBgn0001961
CG7833	FBgn0015271
CG33650	FBgn0004407
CG33649	FBgn0064115
CG7885	FBgn0026373
CG31842	FBgn0260407
CG31811	FBgn0028509
CG33307	FBgn0053307
CG33306	FBgn0053306
CG8997	FBgn0028920
CG7916	FBgn0028534
CG7953	FBgn0028533
CG7968	FBgn0028532
CR44848	FBgn0266142
CG8954	FBgn0019890
CG8827	FBgn0012037
CG16869	FBgn0032535
CG16870	FBgn0025115
CG17988	FBgn0032536
CG16886	FBgn0028938
CG42711	FBgn0261628
CG16885	FBgn0032538
CG16884	FBgn0028544
CG42282	FBgn0261514
CG33119	FBgn0027929
CG31839	FBgn0028543
CG34003	FBgn0054003
CG33115	FBgn0028542
CG16873	FBgn0028936
CG31770	FBgn0028430
CG8942	FBgn0259896
CG8864	FBgn0028940
CG18146	FBgn0028939
CG8930	FBgn0003255
CG42692	FBgn0261582
CR31838	FBgn0028909
CG4501	FBgn0027348
CG16880	FBgn0001967
CR44849	FBgn0266143
CR45352	FBgn0266892
CR31840	FBgn0051840
CG4500	FBgn0286723
CG18095	FBgn0028872
CR45284	FBgn0266822
CG32975	FBgn0028875
CG16876	FBgn0260011
CG46301	FBgn0283651
CG15293	FBgn0028526
CG31769	FBgn0051769
CG43332	FBgn0263037
CG43333	FBgn0263038
CG4551	FBgn0016930
CR44727	FBgn0265940
CR44728	FBgn0265941
CR44216	FBgn0265147
CG42677	FBgn0261563
CR44729	FBgn0265942
CG32971	FBgn0052971
CR43639	FBgn0263648
CR43640	FBgn0263649
CG15287	FBgn0261529
CG33090	FBgn0028916
CG15286	FBgn0028531
CG18125	FBgn0264253
CG18124	FBgn0028530
CG7532	FBgn0261534
CR44850	FBgn0266144
CG43052	FBgn0262354
CG7516	FBgn0261535
CG4212	FBgn0015791
CR44851	FBgn0266145
CG7480	FBgn0001970
CR43463	FBgn0266428
CG4215	FBgn0015546
CG3478	FBgn0020258
CG4220	FBgn0004858
CR44733	FBgn0265946
CG15284	FBgn0264810
CG3474	FBgn0028871
CR44732	FBgn0265945
CR45726	FBgn0267290
CG15283	FBgn0028844
CR44730	FBgn0265943
CR44731	FBgn0265944
CG4491	FBgn0005771
CR31985	FBgn0028882
CR45303	FBgn0266841
CR45693	FBgn0267257
CR31977	FBgn0011862
CR31978	FBgn0011863
CR31982	FBgn0011864
CG33648	FBgn0053648
CR31981	FBgn0011865
CR31980	FBgn0011866
CR44852	FBgn0266146
CG4218	FBgn0250844
CR44853	FBgn0266147
CR44854	FBgn0266148
CR44855	FBgn0266149
CG3473	FBgn0028913
CR44856	FBgn0266150
CG42680	FBgn0261566
CR31983	FBgn0028912
CG3479	FBgn0003016
CR31979	FBgn0028911
CR31984	FBgn0028910
CR43411	FBgn0263330
CG3481	FBgn0000055
CG3484	FBgn0000056
CG15282	FBgn0028855
CG34165	FBgn0085194
CG42685	FBgn0261571
CR44857	FBgn0266151
CG31835	FBgn0051835
CG31775	FBgn0028537
CG42585	FBgn0260953
CG42586	FBgn0260954
CG34166	FBgn0085195
CG42681	FBgn0261567
CG42587	FBgn0260955
CR46411	FBgn0286892
CR45458	FBgn0267014
CG4691	FBgn0028870
CR44858	FBgn0266152
CG4697	FBgn0028838
CG4701	FBgn0028868
CG4650	FBgn0032549
CR15280	FBgn0028867
CG18636	FBgn0032551
CG18420	FBgn0028866
CG33308	FBgn0250834
CG33309	FBgn0053309
CR43805	FBgn0264349
CG42682	FBgn0261568
CG15279	FBgn0028886
CG4480	FBgn0032553
CG15278	FBgn0032554
CR45727	FBgn0267291
CG4479	FBgn0013300
CG4478	FBgn0013301
CR45302	FBgn0266840
CG42313	FBgn0259213
CG3491	FBgn0028887
CR45331	FBgn0266870
CG4482	FBgn0086711
CG10846	FBgn0040228
CG4140	FBgn0261881
CG4185	FBgn0028926
CG4103	FBgn0283659
CG3688	FBgn0286027
CR43856	FBgn0264438
CG15274	FBgn0260446
CG33310	FBgn0053310
CG31832	FBgn0051832
CG4182	FBgn0041713
CG4180	FBgn0001977
CG3497	FBgn0004837
CG7595	FBgn0000317
CG33679	FBgn0053679
CG3710	FBgn0010422
CG46283	FBgn0283442
CG46282	FBgn0283440
CG4170	FBgn0024183
CG15270	FBgn0028879
CG15269	FBgn0028878
CG3647	FBgn0001978
CR43853	FBgn0264435
CR44706	FBgn0265917
CR43854	FBgn0264436
CR31831	FBgn0028889
CR44771	FBgn0265996
CR44770	FBgn0265995
CG4168	FBgn0028888
CG42475	FBgn0259965
CR43357	FBgn0263089
CR44196	FBgn0265085
CG43230	FBgn0262875
CG3994	FBgn0028516
CG15267	FBgn0028862
CG3975	FBgn0283467
CG15266	FBgn0259982
CG31732	FBgn0045842
CG42616	FBgn0261268
CG15261	FBgn0086691
CR43682	FBgn0263765
CR45349	FBgn0266888
CG15263	FBgn0028853
CG15260	FBgn0028850
CG31733	FBgn0011239
CR43764	FBgn0264264
CG15262	FBgn0028852
CG15259	FBgn0041103
CG3758	FBgn0287768
CG15258	FBgn0032563
CR44859	FBgn0266153
CR45373	FBgn0266913
CR46408	FBgn0286889
CR44860	FBgn0266154
CR45374	FBgn0266914
CG44869	FBgn0266163
CG4158	FBgn0001983
CG4161	FBgn0028892
CR44861	FBgn0266155
CR44862	FBgn0266156
CR44863	FBgn0266157
CR45353	FBgn0266893
CG3956	FBgn0003448
CG15257	FBgn0020371
CR45293	FBgn0266831
CG4162	FBgn0002524
CR44864	FBgn0266158
CR43761	FBgn0264261
CG42448	FBgn0259922
CR45728	FBgn0267292
CG15256	FBgn0028880
CG4192	FBgn0028370
CG15255	FBgn0028950
CR44865	FBgn0266159
CG11864	FBgn0028944
CG15254	FBgn0028949
CG15253	FBgn0028948
CG11865	FBgn0028947
CG17868	FBgn0028946
CG7631	FBgn0028945
CG18480	FBgn0028518
CG4587	FBgn0028863
CG44141	FBgn0264990
CG18477	FBgn0028864
CG18478	FBgn0028517
CG43923	FBgn0264544
CG44140	FBgn0264989
CG31780	FBgn0051780
CG31827	FBgn0051827
CG43924	FBgn0264545
CG3938	FBgn0010382
CR44974	FBgn0266309
CR44866	FBgn0266160
CG13240	FBgn0001989
CR32877	FBgn0003936
CG4152	FBgn0001986
CG3903	FBgn0001987
CG3793	FBgn0028507
CG4148	FBgn0001990
CG18801	FBgn0041627
CG31826	FBgn0051826
CG43760	FBgn0264260
CG18109	FBgn0028901
CR44602	FBgn0265813
CG42876	FBgn0262150
CR44601	FBgn0265812
CG18518	FBgn0028900
CR31822	FBgn0051822
CR45694	FBgn0267258
CR43763	FBgn0264263
CG13243	FBgn0028903
CG4767	FBgn0028902
CR42791	FBgn0261924
CG42792	FBgn0261925
CG7653	FBgn0028935
CG44475	FBgn0265668
CR31824	FBgn0051824
CG18096	FBgn0041183
CG31735	FBgn0051735
CG31823	FBgn0051823
CG31821	FBgn0051821
CG7644	FBgn0028645
CR44867	FBgn0266161
CR44868	FBgn0266162
CG13244	FBgn0032577
CG4793	FBgn0028514
CG12448	FBgn0028857
CG18063	FBgn0028856
CR43803	FBgn0264347
CG10839	FBgn0028858
CR43412	FBgn0263331
CG4838	FBgn0028644
CR43825	FBgn0264373
CG34167	FBgn0085196
CR43826	FBgn0264374
CG13245	FBgn0045827
CG43816	FBgn0264364
CG31820	FBgn0051820
CR44844	FBgn0266138
CG4824	FBgn0000182
CG45084	FBgn0266459
CG4846	FBgn0013433
CR44870	FBgn0266164
CG4891	FBgn0028520
CG4892	FBgn0028884
CG34168	FBgn0085197
CR44871	FBgn0266165
CG4894	FBgn0001991
CR43806	FBgn0264350
CR44734	FBgn0265947
CR44735	FBgn0265948
CR44736	FBgn0265949
CG31819	FBgn0028893
CR43840	FBgn0264392
CG42817	FBgn0261999
CG42818	FBgn0262000
CG4993	FBgn0024734
CG46309	FBgn0284225
CG4930	FBgn0028515
CG4965	FBgn0002673
CG4935	FBgn0028897
CG7664	FBgn0001994
CG4132	FBgn0040079
CG17329	FBgn0028896
CG13258	FBgn0032582
CR44899	FBgn0266204
CG4163	FBgn0001992
CG5876	FBgn0028375
CG17328	FBgn0028895
CG5869	FBgn0028894
CG4249	FBgn0028525
CG5861	FBgn0015338
CG4214	FBgn0011708
CG5855	FBgn0000339
CG4274	FBgn0001086
CG5848	FBgn0000250
CG4278	FBgn0014092
CG5818	FBgn0001995
CG4440	FBgn0040984
CG31817	FBgn0028899
CG42266	FBgn0259151
CG44405	FBgn0265578
CG5813	FBgn0000307
CG42231	FBgn0087041
CG4455	FBgn0028506
CG5809	FBgn0025678
CG17330	FBgn0028841
CG5888	FBgn0028523
CG4472	FBgn0020416
CG4475	FBgn0020415
CG4559	FBgn0020414
CG4952	FBgn0005677
CG4580	FBgn0032585
CR44994	FBgn0266329
CG4599	FBgn0032586
CG5953	FBgn0032587
CR43540	FBgn0263555
CR45354	FBgn0266894
CR45355	FBgn0266895
CG31816	FBgn0051816
CG42389	FBgn0259735
CG5968	FBgn0032588
CR46376	FBgn0286734
CG31815	FBgn0051815
CG4631	FBgn0032590
CR44151	FBgn0265000
CG5996	FBgn0032593
CG4694	FBgn0001185
CR42898	FBgn0262191
CG17161	FBgn0261278
CG4711	FBgn0267347
CG31807	FBgn0051807
CG33552	FBgn0053552
CR44975	FBgn0266310
CR42985	FBgn0262430
CR42914	FBgn0262386
CR43019	FBgn0262452
CR42960	FBgn0262413
CR43669	FBgn0263744
CR43670	FBgn0263745
CG31808	FBgn0062978
CG13263	FBgn0086907
CG17903	FBgn0284248
CG17332	FBgn0027779
CR42999	FBgn0262438
CR43671	FBgn0263746
CG31812	FBgn0051812
CG17996	FBgn0032595
CG17331	FBgn0032596
CG17904	FBgn0032597
CG11397	FBgn0015391
CG17905	FBgn0032598
CG13277	FBgn0261068
CG17912	FBgn0032600
CG17914	FBgn0032601
CG13278	FBgn0032602
CG17927	FBgn0264695
CG13279	FBgn0000406
CG17928	FBgn0032603
CG13270	FBgn0040262
CG13271	FBgn0040261
CG17932	FBgn0040260
CG13280	FBgn0032609
CG13272	FBgn0086673
CG31991	FBgn0004797
CG13281	FBgn0022213
CG31739	FBgn0051739
CG13282	FBgn0032612
CG13283	FBgn0032613
CG45090	FBgn0266491
CG45091	FBgn0266492
CG13284	FBgn0032614
CG31810	FBgn0051810
CG31809	FBgn0051809
CG6012	FBgn0032615
CR43858	FBgn0264440
CR31781	FBgn0051781
CG32832	FBgn0052832
CG31743	FBgn0032618
CG34313	FBgn0085342
CG6115	FBgn0040985
CG42555	FBgn0261671
CR44392	FBgn0265542
CG42556	FBgn0260758
CG31805	FBgn0051805
CG12288	FBgn0032620
CG6291	FBgn0026150
CR43053	FBgn0262355
CR44393	FBgn0265543
CR45285	FBgn0266823
CG33179	FBgn0053179
CG44406	FBgn0265579
CR44408	FBgn0265581
CG31806	FBgn0051806
CR45356	FBgn0266896
CR45357	FBgn0266897
CG6304	FBgn0032624
CR45462	FBgn0267018
CR43802	FBgn0264346
CG15136	FBgn0032625
CR43819	FBgn0264367
CG12620	FBgn0032626
CR45448	FBgn0267004
CG31784	FBgn0051784
CG34106	FBgn0083942
CG12621	FBgn0265607
CG34169	FBgn0085198
CR44394	FBgn0265544
CG31747	FBgn0045487
CG31744	FBgn0045486
CG31748	FBgn0045485
CG31750	FBgn0046888
CG15138	FBgn0032629
CR44396	FBgn0265546
CR44395	FBgn0265545
CR45729	FBgn0267293
CG15140	FBgn0032631
CG6380	FBgn0032632
CG34170	FBgn0085199
CR45696	FBgn0267260
CG45691	FBgn0267255
CR43239	FBgn0265270
CR44345	FBgn0265445
CR44346	FBgn0265446
CG31804	FBgn0051804
CG6860	FBgn0032633
CG5020	FBgn0020503
CG6840	FBgn0032634
CG15141	FBgn0032635
CG31803	FBgn0051803
CG6794	FBgn0011274
CR44409	FBgn0265582
CG5043	FBgn0032636
CG33928	FBgn0053928
CG6667	FBgn0260632
CR46204	FBgn0267923
CG5050	FBgn0032637
CG6639	FBgn0032638
CG18563	FBgn0032639
CG6605	FBgn0000183
CG5094	FBgn0032640
CG6582	FBgn0286781
CG6549	FBgn0024689
CG5110	FBgn0032642
CG6453	FBgn0032643
CG5131	FBgn0032644
CG43221	FBgn0262857
CG43645	FBgn0263654
CG43220	FBgn0262856
CG6433	FBgn0003187
CR45715	FBgn0267279
CG15142	FBgn0032645
CG6412	FBgn0032646
CG5526	FBgn0013810
CG15143	FBgn0032647
CG15144	FBgn0032648
CG15145	FBgn0032649
CR43304	FBgn0262996
CR45697	FBgn0267261
CG7094	FBgn0032650
CR45919	FBgn0267579
CR42937	FBgn0262398
CR42939	FBgn0262400
CR45358	FBgn0266898
CR45698	FBgn0267262
CR45111	FBgn0266586
CR45112	FBgn0266587
CR44411	FBgn0265584
CG5545	FBgn0032651
CR44410	FBgn0265583
CG6870	FBgn0032652
CG5559	FBgn0261089
CR44412	FBgn0265585
CR44413	FBgn0265586
CG15147	FBgn0032654
CG43054	FBgn0262356
CR45699	FBgn0267263
CG7100	FBgn0015609
CG43231	FBgn0262876
CG42829	FBgn0262018
CR43419	FBgn0263338
CG42830	FBgn0262017
CR43420	FBgn0263339
CR45332	FBgn0266871
CR45333	FBgn0266872
CG43271	FBgn0262960
CR43274	FBgn0262963
CR44399	FBgn0265549
CR44398	FBgn0265548
CR44397	FBgn0265547
CG15148	FBgn0023096
CG5674	FBgn0032656
CG5681	FBgn0032658
CG31742	FBgn0051742
CR44767	FBgn0265992
CR44604	FBgn0265815
CR44605	FBgn0265816
CG5693	FBgn0040989
CG42659	FBgn0261531
CG42634	FBgn0261357
CG42635	FBgn0261358
CG31740	FBgn0051740
CG15150	FBgn0032660
CG15151	FBgn0243486
CG5711	FBgn0000120
CG31783	FBgn0002939
CG31741	FBgn0051741
CG15153	FBgn0032663
CG5755	FBgn0032664
CG44476	FBgn0265669
CG15152	FBgn0032665
CG5758	FBgn0032666
CG31785	FBgn0051785
CG7210	FBgn0001301
CG15154	FBgn0041184
CR44478	FBgn0265671
CG17681	FBgn0032668
CG15155	FBgn0032669
CG5783	FBgn0032670
CG7200	FBgn0032671
CG42750	FBgn0261804
CG7180	FBgn0267486
CR44900	FBgn0266205
CR43413	FBgn0263332
CG31802	FBgn0051802
CR43406	FBgn0263325
CR43408	FBgn0263327
CG31788	FBgn0051788
CR44901	FBgn0266206
CR44902	FBgn0266207
CG31787	FBgn0051787
CR44696	FBgn0265907
CG43362	FBgn0263094
CR44693	FBgn0265904
CG42605	FBgn0261057
CR43358	FBgn0263090
CG5790	FBgn0032677
CR43353	FBgn0263085
CG43354	FBgn0263086
CR44694	FBgn0265905
CR44695	FBgn0265906
CR45721	FBgn0267285
CR44489	FBgn0265682
CG5803	FBgn0000636
CG7157	FBgn0011559
CG34171	FBgn0085200
CR44486	FBgn0265679
CR44487	FBgn0265680
CR44488	FBgn0265681
CG10305	FBgn0261597
CG12750	FBgn0086707
CG10302	FBgn0284256
CG10174	FBgn0032680
CR43344	FBgn0263049
CR43044	FBgn0262463
CR42949	FBgn0262406
CR43029	FBgn0262456
CG10283	FBgn0032681
CG10176	FBgn0032682
CG10275	FBgn0032683
CG10178	FBgn0032684
CG10211	FBgn0032685
CR44903	FBgn0266208
CG34341	FBgn0085370
CG15160	FBgn0032688
CG10393	FBgn0003270
CG10413	FBgn0032689
CG31789	FBgn0051789
CG10333	FBgn0032690
CG10414	FBgn0032691
CG15161	FBgn0032692
CG15162	FBgn0032694
CG10391	FBgn0032693
CR42490	FBgn0086200
CG43338	FBgn0263079
CG43339	FBgn0263078
CG42626	FBgn0261349
CG31801	FBgn0086681
CG31751	FBgn0086909
CG10387	FBgn0015553
CG10385	FBgn0005617
CG10336	FBgn0032698
CG10383	FBgn0032699
CG10338	FBgn0032700
CG10341	FBgn0032701
CG10376	FBgn0032702
CG10343	FBgn0032703
CG10373	FBgn0032704
CG10372	FBgn0025608
CG10346	FBgn0032705
CG10369	FBgn0032706
CG10348	FBgn0032707
CR44768	FBgn0265993
CR44769	FBgn0265994
CG42752	FBgn0261806
CG15167	FBgn0032709
CG31753	FBgn0045852
CR43804	FBgn0264348
CR44904	FBgn0266209
CG43814	FBgn0264362
CR43817	FBgn0264365
CG10570	FBgn0040992
CG42502	FBgn0260228
CG17325	FBgn0040993
CG42305	FBgn0259201
CG17324	FBgn0027074
CG17323	FBgn0032713
CG17322	FBgn0027070
CG17597	FBgn0032715
CG17320	FBgn0015808
CG10600	FBgn0032717
CG31752	FBgn0051752
CG33120	FBgn0053120
CG17321	FBgn0032719
CG10602	FBgn0032721
CG10603	FBgn0032720
CG10619	FBgn0003896
CR43553	FBgn0263568
CR44737	FBgn0265950
CR44739	FBgn0265952
CR44738	FBgn0265951
CG18397	FBgn0032723
CR44740	FBgn0265953
CG46304	FBgn0284082
CG10428	FBgn0032724
CG10679	FBgn0032725
CG10621	FBgn0032726
CR44741	FBgn0265954
CG10623	FBgn0032727
CG10637	FBgn0015772
CG18398	FBgn0032728
CG10639	FBgn0032729
CG10431	FBgn0032730
CG10641	FBgn0032731
CG15168	FBgn0032732
CG15170	FBgn0032733
CG15169	FBgn0032734
CG46465	FBgn0287596
CG10650	FBgn0046302
CG31792	FBgn0051792
CG31793	FBgn0051793
CG10652	FBgn0086710
CR34668	FBgn0086039
CG15171	FBgn0028569
CR45292	FBgn0266830
CR44184	FBgn0265073
CG15172	FBgn0032740
CR43700	FBgn0263838
CG10446	FBgn0032741
CG10653	FBgn0001202
CG31800	FBgn0051800
CG17492	FBgn0086442
CG10449	FBgn0002022
CG15173	FBgn0032744
CG10473	FBgn0263198
CG10470	FBgn0032746
CG10655	FBgn0002021
CG42641	FBgn0261396
CG10492	FBgn0032748
CG10493	FBgn0032749
CG10495	FBgn0032750
CG10702	FBgn0032752
CG17343	FBgn0032751
CG17572	FBgn0032753
CR33315	FBgn0053315
CG10700	FBgn0032754
CG10699	FBgn0002023
CG17344	FBgn0032755
CG43731	FBgn0263982
CR44905	FBgn0266210
CG10501	FBgn0000075
CG10561	FBgn0002036
CG10697	FBgn0000422
CG10691	FBgn0002031
CG10689	FBgn0086444
CG10563	FBgn0086445
CG10687	FBgn0086443
CG17347	FBgn0086446
CG10685	FBgn0086447
CG10719	FBgn0010300
CR44977	FBgn0266312
CG17568	FBgn0032763
CG42688	FBgn0265263
CG46059	FBgn0267726
CG17566	FBgn0010097
CG10739	FBgn0010309
CG17348	FBgn0015380
CR46209	FBgn0267928
CR44189	FBgn0265078
CG31797	FBgn0051797
CR44191	FBgn0265080
CR44190	FBgn0265079
CG17564	FBgn0032768
CG10750	FBgn0032769
CR45700	FBgn0267264
CR45258	FBgn0266796
CG17559	FBgn0024245
CG13086	FBgn0032770
CG17349	FBgn0032771
CG17350	FBgn0032772
CG15825	FBgn0032773
CG17549	FBgn0032774
CG17544	FBgn0032775
CG31798	FBgn0051798
CG31794	FBgn0041789
CR33712	FBgn0065096
CG9976	FBgn0016675
CG33532	FBgn0053532
CG33533	FBgn0053533
CG13085	FBgn0032780
CG16771	FBgn0032779
CG9987	FBgn0032781
CG9994	FBgn0032782
CG10237	FBgn0032783
CG9999	FBgn0003346
CG10234	FBgn0024230
CG10223	FBgn0284220
CG10026	FBgn0032785
CG10034	FBgn0000964
CR45722	FBgn0267286
CR45723	FBgn0267287
CR43839	FBgn0264391
CG10195	FBgn0032787
CG13084	FBgn0032788
CG13083	FBgn0032789
CG10194	FBgn0032790
CG18094	FBgn0032791
CG10189	FBgn0032793
CG10084	FBgn0002044
CG10123	FBgn0040268
CG10188	FBgn0032796
CG10186	FBgn0032797
CR43363	FBgn0263095
CG10132	FBgn0032798
CG10166	FBgn0032799
CG10137	FBgn0032800
CG10165	FBgn0032801
CG33116	FBgn0053116
CG31697	FBgn0051697
CR45455	FBgn0267011
CG13082	FBgn0032803
CG13081	FBgn0032804
CG10360	FBgn0003231
CG10337	FBgn0032805
CG10363	FBgn0041180
CR46413	FBgn0286913
CR13079	FBgn0264845
CG13078	FBgn0032809
CG13077	FBgn0032810
CG10334	FBgn0005672
CR43035	FBgn0262460
CR42899	FBgn0262377
CR43016	FBgn0262449
CG10364	FBgn0027949
CG10268	FBgn0032811
CG10263	FBgn0032812
CG10262	FBgn0032813
CG10366	FBgn0032814
CG10443	FBgn0000464
CR44978	FBgn0266313
CG46244	FBgn0267964
CR44979	FBgn0266314
CG31695	FBgn0005590
CG10462	FBgn0032815
CG10447	FBgn0032816
CR44906	FBgn0266211
CG10631	FBgn0032817
CG10628	FBgn0032818
CG10463	FBgn0032819
CG31692	FBgn0032820
CG10604	FBgn0000529
CG10538	FBgn0032821
CG10466	FBgn0032822
CG10528	FBgn0004811
CG43720	FBgn0263873
CR32879	FBgn0003931
CR32881	FBgn0043022
CR32878	FBgn0003923
CG13962	FBgn0032824
CR32882	FBgn0003922
CR32880	FBgn0043021
CG10481	FBgn0032827
CR43097	FBgn0262543
CG31691	FBgn0044811
CG33117	FBgn0053117
CR43828	FBgn0264376
CR43827	FBgn0264375
CR45183	FBgn0266693
CG10664	FBgn0032833
CG34051	FBgn0054051
CG42866	FBgn0262140
CG13965	FBgn0032834
CG16772	FBgn0032835
CR45701	FBgn0267265
CG10680	FBgn0032836
CG18806	FBgn0042129
CG10658	FBgn0014000
CG43861	FBgn0264443
CR43620	FBgn0263611
CR44908	FBgn0266213
CG10659	FBgn0032839
CG13968	FBgn0032840
CG10726	FBgn0014127
CG10895	FBgn0019686
CG10728	FBgn0003978
CG13969	FBgn0045064
CR44907	FBgn0266212
CG10730	FBgn0032843
CG16784	FBgn0003141
CG10718	FBgn0004374
CG43690	FBgn0263773
CG10747	FBgn0032845
CG10721	FBgn0032846
CG10756	FBgn0032847
CG10722	FBgn0032848
CG10757	FBgn0032849
CG10723	FBgn0032850
CG13970	FBgn0032851
CG10651	FBgn0032853
CR40341	FBgn0259996
CR40172	FBgn0058172
CR40465	FBgn0250817
CG17571	FBgn0259998
CG17570	FBgn0260000
CG12617	FBgn0040996
CR43414	FBgn0263333
CG10076	FBgn0003475
CR43606	FBgn0263581
CG10922	FBgn0011638
CG10043	FBgn0015803
CG11012	FBgn0026756
CG16798	FBgn0032856
CG10947	FBgn0032857
CG10949	FBgn0032858
CG10954	FBgn0032859
CR34570	FBgn0083038
CR34571	FBgn0083026
CR34572	FBgn0083037
CR34573	FBgn0083036
CR34574	FBgn0083025
CR34575	FBgn0083035
CR34576	FBgn0083024
CR34577	FBgn0083034
CR34578	FBgn0083023
CR34579	FBgn0083033
CR34580	FBgn0083032
CR34581	FBgn0083022
CR34582	FBgn0083031
CR34583	FBgn0083021
CR34584	FBgn0083030
CR34585	FBgn0083020
CR34586	FBgn0083029
CG15130	FBgn0032860
CG31688	FBgn0263355
CR43607	FBgn0263582
CG31683	FBgn0051683
CG31687	FBgn0051687
CG18858	FBgn0042175
CG2508	FBgn0032863
CG2493	FBgn0032864
CR44980	FBgn0266315
CG43233	FBgn0262878
CR43234	FBgn0262879
CR46416	FBgn0286916
CR45361	FBgn0266901
CR43027	FBgn0262455
CR45360	FBgn0266900
CR45359	FBgn0266899
CG34007	FBgn0054007
CR45702	FBgn0267266
CG44270	FBgn0265256
CR45707	FBgn0267271
CR46323	FBgn0284409
CR45347	FBgn0266886
CR43518	FBgn0263533
CR44909	FBgn0266214
CG31677	FBgn0051677
CR43608	FBgn0263583
CG15475	FBgn0032867
CR43011	FBgn0262445
CR42978	FBgn0262425
CG17472	FBgn0032868
CR43158	FBgn0262688
CG31680	FBgn0051680
CG42606	FBgn0261058
CG17470	FBgn0032869
CG2488	FBgn0016054
CG2608	FBgn0032870
CR32957	FBgn0259936
CR34587	FBgn0082938
CR34588	FBgn0082937
CR34589	FBgn0082936
CG18810	FBgn0042133
CG2611	FBgn0032871
CG2478	FBgn0261787
CG2614	FBgn0032873
CG31678	FBgn0051678
CR45004	FBgn0266356
CG2615	FBgn0086657
CG1962	FBgn0032876
CG2617	FBgn0032877
CG1864	FBgn0014859
CR44187	FBgn0265076
CR44188	FBgn0265077
CR45306	FBgn0266844
CG9316	FBgn0032878
CG9317	FBgn0032879
CG9318	FBgn0032880
CG2637	FBgn0262743
CG9319	FBgn0032881
CG9320	FBgn0032882
CG9323	FBgn0032883
CG1768	FBgn0011202
CG1759	FBgn0000251
CG9324	FBgn0032884
CG9326	FBgn0250785
CR44146	FBgn0264995
CG9328	FBgn0032886
CG33322	FBgn0053322
CG33321	FBgn0067311
CG33320	FBgn0067312
CG14405	FBgn0032888
CG9331	FBgn0032889
CG31673	FBgn0051673
CG31674	FBgn0051674
CG9333	FBgn0032891
CG9334	FBgn0028986
CG31676	FBgn0051676
CR44307	FBgn0265366
CG14402	FBgn0032894
CG9335	FBgn0032895
CG14400	FBgn0032896
CG9336	FBgn0032897
CR9337	FBgn0032898
CG9338	FBgn0032899
CG31675	FBgn0051675
CG14401	FBgn0032900
CG9339	FBgn0032901
CG43739	FBgn0263996
CR44981	FBgn0266316
CR33317	FBgn0053317
CG9342	FBgn0266369
CR33318	FBgn0053318
CG9273	FBgn0288834
CG9272	FBgn0032907
CR33319	FBgn0053319
CG9270	FBgn0032908
CR44606	FBgn0265817
CG42238	FBgn0250867
CR46375	FBgn0286733
CG1762	FBgn0010395
CG9265	FBgn0032910
CG9264	FBgn0032911
CG33511	FBgn0053511
CG33510	FBgn0053510
CG33509	FBgn0053509
CG33508	FBgn0053508
CG9259	FBgn0032913
CG14397	FBgn0032914
CG12050	FBgn0284251
CG34136	FBgn0083972
CR43809	FBgn0264353
CG9257	FBgn0032916
CG9256	FBgn0040297
CG46307	FBgn0284223
CR44056	FBgn0264865
CG1099	FBgn0023388
CG9253	FBgn0032919
CR34670	FBgn0086041
CG9252	FBgn0086251
CG1071	FBgn0024371
CG9250	FBgn0032921
CG9249	FBgn0032922
CG9248	FBgn0032923
CG9247	FBgn0032924
CG9246	FBgn0032925
CR44910	FBgn0266215
CG43345	FBgn0263050
CG43346	FBgn0263051
CG9244	FBgn0010100
CG31627	FBgn0051627
CG9242	FBgn0000239
CR43589	FBgn0263474
CR44911	FBgn0266216
CG9241	FBgn0032929
CG14396	FBgn0011829
CG31624	FBgn0051624
CG31988	FBgn0051988
CG8681	FBgn0026255
CG8678	FBgn0032935
CR31625	FBgn0003930
CG8679	FBgn0032934
CG8677	FBgn0026577
CG31626	FBgn0051626
CR45713	FBgn0267277
CG8676	FBgn0261239
CR46295	FBgn0283561
CG8674	FBgn0021856
CG8671	FBgn0032938
CR43521	FBgn0263536
CR31621	FBgn0041336
CG18362	FBgn0032940
CG31622	FBgn0264556
CG8669	FBgn0000370
CG46314	FBgn0284230
CR44785	FBgn0266020
CR42696	FBgn0261586
CG8667	FBgn0023091
CG8666	FBgn0032943
CG31623	FBgn0023090
CG31620	FBgn0041245
CG8665	FBgn0032945
CG8663	FBgn0032946
CR31616	FBgn0051616
CR31615	FBgn0051615
CR31754	FBgn0051754
CG33801	FBgn0053801
CG33910	FBgn0053910
CR33802	FBgn0053802
CG33909	FBgn0053909
CG33803	FBgn0053803
CG31617	FBgn0051617
CG17949	FBgn0061209
CG31618	FBgn0051618
CR33727	FBgn0053727
CG31611	FBgn0051611
CG31613	FBgn0051613
CG33804	FBgn0053804
CG33908	FBgn0053908
CR33805	FBgn0053805
CG33907	FBgn0053907
CG33806	FBgn0053806
CG33807	FBgn0053807
CG33906	FBgn0053906
CG33808	FBgn0053808
CR33728	FBgn0053728
CG33905	FBgn0053905
CG33809	FBgn0053809
CG33810	FBgn0053810
CG33904	FBgn0053904
CR33811	FBgn0053811
CG33903	FBgn0053903
CG33812	FBgn0053812
CG33813	FBgn0053813
CG33902	FBgn0053902
CG33814	FBgn0053814
CR33729	FBgn0053729
CG33901	FBgn0053901
CG33815	FBgn0053815
CG33816	FBgn0053816
CG33900	FBgn0053900
CG33817	FBgn0053817
CR33730	FBgn0053730
CG33899	FBgn0053899
CG33818	FBgn0053818
CG33819	FBgn0053819
CG33898	FBgn0053898
CG33820	FBgn0053820
CR33731	FBgn0053731
CG33897	FBgn0053897
CG33821	FBgn0053821
CG33822	FBgn0053822
CG33896	FBgn0053896
CG33823	FBgn0053823
CR33732	FBgn0053732
CG33895	FBgn0053895
CG33824	FBgn0053824
CG33825	FBgn0053825
CG33894	FBgn0053894
CG33826	FBgn0053826
CR33733	FBgn0053733
CG33893	FBgn0053893
CG33827	FBgn0053827
CG33828	FBgn0053828
CG33892	FBgn0053892
CG33829	FBgn0053829
CR33734	FBgn0053734
CG33891	FBgn0053891
CG33830	FBgn0053830
CG33831	FBgn0053831
CG33890	FBgn0053890
CG33832	FBgn0053832
CR33735	FBgn0053735
CG33889	FBgn0053889
CG33833	FBgn0053833
CG33834	FBgn0053834
CG33888	FBgn0053888
CG33835	FBgn0053835
CR33736	FBgn0053736
CG33887	FBgn0053887
CG33836	FBgn0053836
CG33837	FBgn0053837
CG33886	FBgn0053886
CG33838	FBgn0053838
CR33737	FBgn0053737
CG33885	FBgn0053885
CG33839	FBgn0053839
CG33840	FBgn0053840
CG33884	FBgn0053884
CG33841	FBgn0053841
CR33738	FBgn0053738
CG33883	FBgn0053883
CG33842	FBgn0053842
CG33843	FBgn0053843
CG33882	FBgn0053882
CG33844	FBgn0053844
CR33739	FBgn0053739
CG33881	FBgn0053881
CG33845	FBgn0053845
CG33846	FBgn0053846
CG33880	FBgn0053880
CG33847	FBgn0053847
CR33740	FBgn0053740
CG33879	FBgn0053879
CG33848	FBgn0053848
CG33849	FBgn0053849
CG33878	FBgn0053878
CG33850	FBgn0053850
CR33741	FBgn0053741
CG33877	FBgn0053877
CG33851	FBgn0053851
CG33852	FBgn0053852
CG33876	FBgn0053876
CG33853	FBgn0053853
CR33742	FBgn0053742
CG33875	FBgn0053875
CG33854	FBgn0053854
CG33855	FBgn0053855
CG33874	FBgn0053874
CG33856	FBgn0053856
CR33743	FBgn0053743
CG33873	FBgn0053873
CG33857	FBgn0053857
CG33858	FBgn0053858
CG33872	FBgn0053872
CG33859	FBgn0053859
CR33744	FBgn0053744
CG33871	FBgn0053871
CG33860	FBgn0053860
CG33861	FBgn0053861
CG33870	FBgn0053870
CG33862	FBgn0053862
CR33745	FBgn0053745
CG33869	FBgn0053869
CG33863	FBgn0053863
CG33864	FBgn0053864
CG33868	FBgn0053868
CG33865	FBgn0053865
CR33746	FBgn0053746
CR33867	FBgn0053867
CG33866	FBgn0053866
CR31614	FBgn0051614
CG3305	FBgn0032949
CR42545	FBgn0260718
CG12548	FBgn0016919
CR42546	FBgn0260719
CG2201	FBgn0032955
CR43148	FBgn0262631
CG2207	FBgn0022893
CR44993	FBgn0266328
CG1506	FBgn0023416
CR43144	FBgn0262620
CG1512	FBgn0032956
CG2225	FBgn0032957
CR46066	FBgn0267735
CG2238	FBgn0000559
CR33705	FBgn0065100
CG31619	FBgn0051619
CG11628	FBgn0086779
CG1416	FBgn0032961
CG31612	FBgn0051612
CG11630	FBgn0032964
CR44269	FBgn0265255
CR44786	FBgn0266021
CG1374	FBgn0003866
CR46424	FBgn0286927
CR44917	FBgn0266222
CR44918	FBgn0266223
CR44919	FBgn0266224
CR44920	FBgn0266225
CR45362	FBgn0266902
CR43762	FBgn0264262
CG11629	FBgn0032965
CG1421	FBgn0032966
CG1428	FBgn0032967
CG31600	FBgn0283728
CG11634	FBgn0032968
CR45334	FBgn0266873
CR45704	FBgn0267268
CR45703	FBgn0267267
CR44217	FBgn0265148
CR44803	FBgn0266038
CR44804	FBgn0266039
CG2528	FBgn0032969
CR44916	FBgn0266221
CG31693	FBgn0051693
CG12630	FBgn0028979
CR33987	FBgn0053987
CR45335	FBgn0266874
CG41434	FBgn0084001
CG31601	FBgn0051601
CR46202	FBgn0267921
CG34173	FBgn0085202
CG42597	FBgn0260996
CR31700	FBgn0051700
CG31702	FBgn0051702
CG6691	FBgn0032971
CG31703	FBgn0051703
CG15219	FBgn0040519
CG10834	FBgn0032972
CG6675	FBgn0032973
CR46480	FBgn0287611
CG3651	FBgn0032974
CG15218	FBgn0025674
CR43240	FBgn0262885
CG42748	FBgn0261802
CR43241	FBgn0262886
CG34137	FBgn0083973
CG1832	FBgn0032979
CR44809	FBgn0266044
CG3635	FBgn0032981
CG42352	FBgn0259683
CR12628	FBgn0042701
CR43765	FBgn0264265
CG3262	FBgn0032986
CG12775	FBgn0032987
CG3278	FBgn0032988
CG17018	FBgn0039972
CR43359	FBgn0263091
CG17489	FBgn0064225
CR43565	FBgn0082980
CG17490	FBgn0040009
CR46268	FBgn0278598
CG17493	FBgn0040010
CG17494	FBgn0040011
CG40006	FBgn0058006
CR43927	FBgn0264548
CG40439	FBgn0058439
CR43266	FBgn0262947
CG17715	FBgn0041004
CG18028	FBgn0002566
CR40005	FBgn0058005
CG17678	FBgn0000384
CG18140	FBgn0250907
CG17540	FBgn0086683
CR43242	FBgn0262887
CG12567	FBgn0039958
CR43000	FBgn0262293
CR44268	FBgn0265254
CR46450	FBgn0287461
CR46253	FBgn0267986
CG40041	FBgn0063368
CG40042	FBgn0267976
CR42530	FBgn0260435
CR41519	FBgn0085664
CG45781	FBgn0267428
CG46302	FBgn0284080
CG40498	FBgn0069969
CR41257	FBgn0085582
CG12559	FBgn0003256
CR42653	FBgn0261505
CR40190	FBgn0085732
CG40191	FBgn0058191
CG40218	FBgn0267398
CR44042	FBgn0264834
CG41265	FBgn0262123
CR44043	FBgn0264835
CG40196	FBgn0267861
CG17691	FBgn0039993
CR40068	FBgn0058068
CG41520	FBgn0087011
CR41379	FBgn0085784
CG17684	FBgn0263780
CR46487	FBgn0287618
CR40100	FBgn0058100
CG40263	FBgn0058263
CR42911	FBgn0262204
CG41378	FBgn0085638
CR46481	FBgn0287612
CG15848	FBgn0020908
CG42596	FBgn0260995
CR41243	FBgn0085570
CG41242	FBgn0085569
CR45227	FBgn0266762
CR46489	FBgn0287620
CR41501	FBgn0085786
CR40461	FBgn0058461
CG40733	FBgn0085512
CG42595	FBgn0262124
CR45139	FBgn0266632
CG40080	FBgn0046706
CG17683	FBgn0262115
CG40127	FBgn0262116
CG17665	FBgn0262117
CG40129	FBgn0260798
CR44100	FBgn0264909
CG18001	FBgn0040007
CG40293	FBgn0046692
CG17484	FBgn0260799
CG17486	FBgn0032997
CR45923	FBgn0267585
CG17883	FBgn0040005
CG17704	FBgn0026401
CR40282	FBgn0039979
CR45471	FBgn0267027
CR41440	FBgn0084049
CG17082	FBgn0039994
CR43281	FBgn0262970
CR46064	FBgn0267733
CG12547	FBgn0250830
CR46478	FBgn0287609
CR46476	FBgn0287607
CR46477	FBgn0287608
CG17528	FBgn0261387
CG14464	FBgn0033000
CG44102	FBgn0264911
CG33492	FBgn0040849
CR44105	FBgn0264914
CG2981	FBgn0013348
CR43360	FBgn0263092
CG3107	FBgn0033005
CG2944	FBgn0026238
CR43256	FBgn0262901
CG3136	FBgn0033010
CG33554	FBgn0053554
CR41443	FBgn0084008
CG2682	FBgn0033015
CG10392	FBgn0261403
CG10465	FBgn0033017
CG10395	FBgn0033019
CG30441	FBgn0050441
CG10396	FBgn0033020
CG10417	FBgn0033021
CR42646	FBgn0261429
CG42345	FBgn0286203
CG30440	FBgn0050440
CG30438	FBgn0050438
CG12408	FBgn0033027
CG17510	FBgn0039969
CG17508	FBgn0039970
CG11665	FBgn0033028
CG1344	FBgn0027507
CG8426	FBgn0033029
CR45472	FBgn0267028
CG8245	FBgn0033031
CG1298	FBgn0033032
CG11066	FBgn0033033
CG17337	FBgn0287767
CG8390	FBgn0259978
CG8376	FBgn0267978
CG12792	FBgn0022288
CG34200	FBgn0085229
CG7791	FBgn0033038
CG7897	FBgn0266580
CR43594	FBgn0263479
CG11163	FBgn0025693
CG17250	FBgn0033041
CG14468	FBgn0033042
CG12754	FBgn0033043
CG34385	FBgn0085414
CG44438	FBgn0265631
CR44125	FBgn0264956
CG43366	FBgn0263109
CR44126	FBgn0264957
CR46269	FBgn0278599
CG7882	FBgn0033047
CG7881	FBgn0033048
CR44127	FBgn0264958
CG7838	FBgn0263855
CG11680	FBgn0002774
CG44128	FBgn0264959
CG12051	FBgn0000043
CG7865	FBgn0033050
CG7863	FBgn0033051
CG33131	FBgn0033052
CG14591	FBgn0033054
CG7861	FBgn0033055
CR44130	FBgn0264961
CG34211	FBgn0085240
CG34212	FBgn0085241
CG14593	FBgn0033058
CG7856	FBgn0033056
CR44131	FBgn0264980
CG7845	FBgn0284246
CG7849	FBgn0033060
CG14590	FBgn0033061
CG7843	FBgn0033062
CG1765	FBgn0000546
CG14589	FBgn0033063
CR30304	FBgn0011958
CR32837	FBgn0011891
CR30513	FBgn0011938
CR33972	FBgn0011937
CR33973	FBgn0011936
CR43904	FBgn0264505
CR30512	FBgn0011957
CR30518	FBgn0011933
CR30511	FBgn0011932
CR30510	FBgn0011931
CR30517	FBgn0011889
CR30516	FBgn0011888
CR30312	FBgn0011887
CR30313	FBgn0011880
CR30314	FBgn0011956
CR30515	FBgn0011890
CR30316	FBgn0050316
CG8345	FBgn0033065
CR30514	FBgn0011955
CG8343	FBgn0040502
CG11211	FBgn0033067
CG11212	FBgn0262867
CR30519	FBgn0011935
CR30319	FBgn0011934
CG30432	FBgn0050432
CG8335	FBgn0033069
CG30431	FBgn0050431
CG17994	FBgn0033072
CG8325	FBgn0021847
CG8276	FBgn0263144
CR44161	FBgn0265044
CG8330	FBgn0033074
CG12110	FBgn0286511
CR46075	FBgn0267744
CG9397	FBgn0086655
CR45127	FBgn0266620
CR43905	FBgn0264506
CG15233	FBgn0033076
CR46361	FBgn0286039
CG33919	FBgn0053919
CG3161	FBgn0262736
CG3152	FBgn0026761
CG3274	FBgn0042085
CG3174	FBgn0033079
CG33134	FBgn0029131
CG30443	FBgn0050443
CG3183	FBgn0033081
CG3273	FBgn0013732
CG3189	FBgn0266518
CG15845	FBgn0284249
CR45128	FBgn0266621
CG15908	FBgn0033085
CG9410	FBgn0033086
CG3194	FBgn0033087
CG3271	FBgn0033088
CG17266	FBgn0033089
CG9422	FBgn0033092
CG30445	FBgn0259977
CR44164	FBgn0265049
CR44165	FBgn0265050
CG15909	FBgn0033090
CG30446	FBgn0050446
CG3270	FBgn0033093
CG3403	FBgn0259483
CG3269	FBgn0014009
CG3409	FBgn0033095
CG45092	FBgn0266525
CR43503	FBgn0263518
CR43611	FBgn0263586
CG9428	FBgn0033096
CG9430	FBgn0033097
CG9432	FBgn0010482
CG3268	FBgn0028579
CG3267	FBgn0042083
CG3265	FBgn0027066
CG3420	FBgn0033100
CG9436	FBgn0033101
CG34392	FBgn0085421
CG9438	FBgn0289743
CG3283	FBgn0014028
CG15237	FBgn0033104
CG3450	FBgn0022224
CG44154	FBgn0265003
CR44442	FBgn0265635
CG15236	FBgn0033108
CG34215	FBgn0085244
CR43502	FBgn0263517
CG9445	FBgn0040674
CR44166	FBgn0265051
CG9446	FBgn0265935
CG9447	FBgn0033110
CR44169	FBgn0265058
CG9453	FBgn0265137
CG9454	FBgn0033112
CG9455	FBgn0033113
CG9456	FBgn0028988
CG9460	FBgn0033115
CG30158	FBgn0050158
CG3358	FBgn0033117
CG33558	FBgn0053558
CG33351	FBgn0066293
CG33350	FBgn0066292
CR30300	FBgn0011892
CR30301	FBgn0011893
CR30302	FBgn0011894
CR30303	FBgn0011895
CG33348	FBgn0053348
CG33349	FBgn0053349
CG3567	FBgn0033121
CG30157	FBgn0050157
CG3572	FBgn0022960
CR44170	FBgn0265059
CR44171	FBgn0265060
CG30156	FBgn0050156
CG17002	FBgn0033122
CG18817	FBgn0029508
CG30159	FBgn0050159
CG18816	FBgn0042086
CR42785	FBgn0261856
CG30160	FBgn0050160
CG12847	FBgn0033124
CG12846	FBgn0029507
CG10106	FBgn0029506
CG43646	FBgn0263655
CG43647	FBgn0263656
CR44172	FBgn0265061
CG12845	FBgn0033127
CG12142	FBgn0033128
CG12844	FBgn0033129
CG12843	FBgn0033130
CG33914	FBgn0053914
CR12842	FBgn0033131
CG12143	FBgn0033132
CG12841	FBgn0033133
CG12840	FBgn0033134
CG2374	FBgn0016032
CG12839	FBgn0033135
CG4471	FBgn0033137
CG12838	FBgn0033136
CG4445	FBgn0027558
CG12832	FBgn0033138
CG12837	FBgn0033139
CG12836	FBgn0033140
CR30298	FBgn0050298
CG12831	FBgn0033141
CR30299	FBgn0050299
CG43722	FBgn0263934
CG4485	FBgn0015038
CG4486	FBgn0015039
CR44443	FBgn0265636
CG12172	FBgn0024294
CG12828	FBgn0033145
CR44200	FBgn0265095
CG11084	FBgn0003090
CG1865	FBgn0024293
CG1859	FBgn0044011
CG1857	FBgn0002930
CG11060	FBgn0033149
CG33140	FBgn0053140
CG30385	FBgn0050385
CG30384	FBgn0050384
CG1854	FBgn0026389
CG1851	FBgn0026602
CG11086	FBgn0033153
CR45280	FBgn0266818
CG1850	FBgn0033154
CG1845	FBgn0033155
CG12165	FBgn0260991
CG11101	FBgn0003174
CG12164	FBgn0033158
CG17800	FBgn0033159
CR45129	FBgn0266622
CR44071	FBgn0264880
CG1708	FBgn0000352
CG11107	FBgn0033160
CG1712	FBgn0041243
CG1707	FBgn0283450
CR44201	FBgn0265096
CG11166	FBgn0033166
CG11112	FBgn0033164
CG11113	FBgn0033165
CG43123	FBgn0262583
CG43267	FBgn0262948
CR43514	FBgn0263529
CG1701	FBgn0033167
CG11121	FBgn0003460
CR44202	FBgn0265097
CG11145	FBgn0033168
CR44203	FBgn0265098
CR44204	FBgn0265099
CG11123	FBgn0033169
CG11124	FBgn0033170
CG1669	FBgn0040513
CG30503	FBgn0050503
CG30502	FBgn0050502
CG11125	FBgn0033174
CR45320	FBgn0266859
CG11143	FBgn0025885
CG11141	FBgn0033177
CG11127	FBgn0033178
CG11139	FBgn0033179
CG11140	FBgn0010548
CG42396	FBgn0259745
CG1621	FBgn0263240
CR43723	FBgn0263967
CG1620	FBgn0033183
CG1616	FBgn0015929
CG2146	FBgn0261397
CG12736	FBgn0033184
CG1605	FBgn0025185
CG1603	FBgn0033185
CG1602	FBgn0033186
CG2144	FBgn0033187
CG10667	FBgn0286788
CG1600	FBgn0033188
CR44209	FBgn0265107
CG2140	FBgn0264294
CG2137	FBgn0033190
CG1598	FBgn0033191
CG2105	FBgn0033192
CG30499	FBgn0050499
CG30498	FBgn0004132
CG2093	FBgn0033194
CR45130	FBgn0266623
CG1363	FBgn0004133
CG1360	FBgn0033195
CG2092	FBgn0261385
CG1358	FBgn0033196
CR44444	FBgn0265637
CG43340	FBgn0263077
CR45131	FBgn0266624
CG43341	FBgn0263046
CG17985	FBgn0033199
CG1341	FBgn0028687
CG30491	FBgn0050491
CG30495	FBgn0050495
CG1339	FBgn0033202
CG2070	FBgn0033203
CG2065	FBgn0033204
CG2064	FBgn0033205
CG12042	FBgn0033206
CG12826	FBgn0033207
CG1577	FBgn0033208
CG12107	FBgn0033209
CG1406	FBgn0033210
CG1399	FBgn0033212
CG30493	FBgn0050493
CG30496	FBgn0050496
CG34216	FBgn0085245
CG1389	FBgn0003733
CG1941	FBgn0033214
CR43551	FBgn0263566
CG1942	FBgn0033215
CG1946	FBgn0033216
CG18812	FBgn0042135
CG46385	FBgn0286778
CG1555	FBgn0000337
CR45108	FBgn0266577
CG11217	FBgn0015614
CR43543	FBgn0263558
CG12825	FBgn0033221
CG12824	FBgn0033222
CG12055	FBgn0001091
CG1925	FBgn0002891
CG1553	FBgn0033224
CG1891	FBgn0003317
CG1550	FBgn0033225
CG1882	FBgn0033226
CG1548	FBgn0029093
CG30383	FBgn0290467
CG11205	FBgn0003082
CG18495	FBgn0263121
CG18853	FBgn0042173
CG30382	FBgn0050382
CG12821	FBgn0040780
CG12822	FBgn0033229
CG34361	FBgn0085390
CG30377	FBgn0050377
CG12159	FBgn0033232
CG1877	FBgn0015509
CG17853	FBgn0026393
CG15835	FBgn0033233
CG8791	FBgn0033234
CG30381	FBgn0050381
CG8729	FBgn0023171
CG8730	FBgn0026722
CG8728	FBgn0033235
CG30380	FBgn0050380
CG30379	FBgn0050379
CG14764	FBgn0033236
CG34430	FBgn0085459
CG34431	FBgn0085460
CG11165	FBgn0033238
CG30378	FBgn0050378
CG2906	FBgn0033240
CG2915	FBgn0033241
CG2916	FBgn0026361
CG2910	FBgn0027548
CG14763	FBgn0033243
CG8726	FBgn0033244
CG8725	FBgn0027054
CG11198	FBgn0033246
CG8722	FBgn0033247
CR44272	FBgn0265299
CG11196	FBgn0033248
CG11194	FBgn0027788
CG11191	FBgn0033249
CG8721	FBgn0013307
CG8719	FBgn0013308
CG14762	FBgn0033250
CR43557	FBgn0263572
CR45267	FBgn0266805
CR43724	FBgn0263970
CG18455	FBgn0025360
CG12769	FBgn0033252
CG17977	FBgn0040778
CG8715	FBgn0020279
CG12770	FBgn0021814
CG8717	FBgn0025469
CG8714	FBgn0028563
CG17975	FBgn0028562
CG17976	FBgn0028561
CG8713	FBgn0033257
CG8712	FBgn0033258
CG11210	FBgn0033259
CG8711	FBgn0033260
CG18316	FBgn0033261
CG30372	FBgn0050372
CG2158	FBgn0033264
CG8710	FBgn0033265
CG2160	FBgn0033266
CG42516	FBgn0260390
CG42515	FBgn0260398
CG2163	FBgn0005648
CG2297	FBgn0033268
CG8709	FBgn0263593
CG11546	FBgn0010504
CR44068	FBgn0264877
CR30374	FBgn0050374
CR30297	FBgn0050297
CG8708	FBgn0033271
CG8707	FBgn0033272
CG2173	FBgn0021995
CG30373	FBgn0050373
CR34650	FBgn0086021
CG2183	FBgn0033273
CG11482	FBgn0011659
CG14757	FBgn0033274
CG33087	FBgn0053087
CG14756	FBgn0033275
CG34217	FBgn0085246
CG8704	FBgn0010109
CR44275	FBgn0265302
CR46356	FBgn0285969
CR46360	FBgn0286038
CG8705	FBgn0013726
CR44276	FBgn0265303
CR44445	FBgn0265638
CR44446	FBgn0265639
CG44439	FBgn0265632
CG14760	FBgn0033277
CG30369	FBgn0050369
CG14759	FBgn0033278
CG2291	FBgn0033279
CG12126	FBgn0033280
CG30376	FBgn0050376
CG30375	FBgn0050375
CG30371	FBgn0050371
CR44280	FBgn0265307
CR43002	FBgn0262440
CR44447	FBgn0265640
CR44448	FBgn0265641
CR44449	FBgn0265642
CR44450	FBgn0265643
CG42698	FBgn0261588
CG11635	FBgn0033283
CG30364	FBgn0050364
CG30365	FBgn0050365
CG34218	FBgn0250827
CG30363	FBgn0050363
CG30366	FBgn0050366
CG30362	FBgn0050362
CG18449	FBgn0033285
CG2127	FBgn0033286
CG8701	FBgn0033287
CG2121	FBgn0033289
CG43296	FBgn0262988
CG2038	FBgn0028836
CG11650	FBgn0002531
CR30367	FBgn0011812
CG8697	FBgn0002533
CG2043	FBgn0002534
CG2044	FBgn0002535
CG2110	FBgn0033292
CG2060	FBgn0014469
CR43023	FBgn0262316
CG2062	FBgn0015034
CG8696	FBgn0002570
CG8694	FBgn0002569
CG8695	FBgn0002571
CG8693	FBgn0033294
CG30359	FBgn0050359
CG30360	FBgn0050360
CG11669	FBgn0033296
CG8690	FBgn0033297
CG30361	FBgn0050361
CR44279	FBgn0265306
CG12780	FBgn0033301
CR45308	FBgn0266846
CG8687	FBgn0033302
CR14753	FBgn0033303
CG2397	FBgn0033304
CG42326	FBgn0259226
CG14752	FBgn0033307
CG43183	FBgn0262812
CG8736	FBgn0033308
CG8735	FBgn0033309
CG8643	FBgn0267792
CG8642	FBgn0033312
CG8639	FBgn0033313
CG14750	FBgn0022027
CG8734	FBgn0033315
CG14749	FBgn0033316
CG8635	FBgn0033317
CG2411	FBgn0003892
CR44281	FBgn0265308
CG8732	FBgn0263120
CG30354	FBgn0050354
CG30355	FBgn0050355
CR30292	FBgn0011906
CG8579	FBgn0001285
CG8586	FBgn0033320
CG8738	FBgn0033321
CG8584	FBgn0033322
CG12376	FBgn0033323
CG14744	FBgn0033324
CG14746	FBgn0043576
CG14743	FBgn0033326
CG8577	FBgn0033327
CG14745	FBgn0043575
CG14767	FBgn0040777
CG30357	FBgn0050357
CG8411	FBgn0005695
CR43578	FBgn0263463
CG30356	FBgn0050356
CG8739	FBgn0086784
CG8740	FBgn0289556
CG42615	FBgn0261267
CR44277	FBgn0265304
CR44278	FBgn0265305
CG8746	FBgn0033330
CG33141	FBgn0024189
CG30350	FBgn0050350
CG10844	FBgn0011286
CG8272	FBgn0033337
CG8269	FBgn0021825
CG8266	FBgn0033339
CR45202	FBgn0266729
CG8262	FBgn0027513
CG13751	FBgn0033340
CG13746	FBgn0033341
CG8261	FBgn0004921
CG8258	FBgn0284436
CG30349	FBgn0050349
CG8252	FBgn0033344
CG8251	FBgn0003074
CG11770	FBgn0002552
CG34219	FBgn0085248
CG8248	FBgn0033347
CG8247	FBgn0033348
CG8243	FBgn0033349
CG8237	FBgn0033350
CG8235	FBgn0033351
CG8232	FBgn0033352
CG13749	FBgn0033353
CG13745	FBgn0033354
CG13748	FBgn0033355
CR44273	FBgn0265300
CR44274	FBgn0265301
CG8230	FBgn0027607
CG33199	FBgn0053199
CG8229	FBgn0033356
CG8226	FBgn0033357
CG8224	FBgn0011300
CG8216	FBgn0033358
CG8213	FBgn0286782
CG34350	FBgn0265011
CG8172	FBgn0033362
CG13744	FBgn0033363
CG13747	FBgn0033364
CG8170	FBgn0033365
CG8196	FBgn0033366
CG8193	FBgn0033367
CG13743	FBgn0033368
CG8197	FBgn0033369
CG8084	FBgn0011746
CR45924	FBgn0267586
CG8083	FBgn0025709
CG11778	FBgn0033371
CG13742	FBgn0033372
CG12759	FBgn0010220
CG8080	FBgn0033373
CG13741	FBgn0033374
CR42451	FBgn0083124
CR34525	FBgn0082981
CR33637	FBgn0086672
CR34526	FBgn0082928
CR34527	FBgn0082943
CR34528	FBgn0082942
CR34529	FBgn0082927
CG8078	FBgn0033375
CR33636	FBgn0086603
CG8777	FBgn0033376
CG8075	FBgn0015838
CG8073	FBgn0033377
CG8781	FBgn0033378
CG8070	FBgn0033379
CG8069	FBgn0033380
CG8068	FBgn0003612
CG11784	FBgn0033381
CG18659	FBgn0027561
CG8058	FBgn0033382
CG8057	FBgn0260972
CG8788	FBgn0028955
CG44286	FBgn0265313
CG8055	FBgn0086656
CG30342	FBgn0050342
CG30344	FBgn0050344
CG30345	FBgn0050345
CG8008	FBgn0033387
CR44283	FBgn0265310
CG8046	FBgn0033388
CG2412	FBgn0033389
CG42382	FBgn0259728
CG8014	FBgn0015477
CG8024	FBgn0002567
CR44284	FBgn0265311
CG8026	FBgn0033391
CG45085	FBgn0266486
CG1650	FBgn0015561
CG8027	FBgn0033392
CG8029	FBgn0262515
CR45309	FBgn0266847
CR44451	FBgn0265644
CG2040	FBgn0010114
CG1944	FBgn0033395
CG10842	FBgn0015037
CG10843	FBgn0033397
CG30343	FBgn0050343
CG2049	FBgn0020621
CG34141	FBgn0083977
CR45132	FBgn0266625
CG2063	FBgn0033400
CG1968	FBgn0033401
CG2072	FBgn0026326
CG1975	FBgn0028408
CG2078	FBgn0033402
CG13954	FBgn0033405
CG13739	FBgn0033403
CR45918	FBgn0267578
CR42927	FBgn0262220
CG1978	FBgn0033404
CG12158	FBgn0040775
CG8799	FBgn0010549
CG8800	FBgn0033408
CG8801	FBgn0028473
CG13951	FBgn0016970
CG33774	FBgn0053774
CG8804	FBgn0016078
CG8805	FBgn0041087
CG13955	FBgn0033412
CG8806	FBgn0033413
CG8808	FBgn0017558
CG11804	FBgn0029092
CR45321	FBgn0266860
CG42332	FBgn0287478
CG33758	FBgn0053758
CG33757	FBgn0053757
CG1916	FBgn0004360
CG42344	FBgn0259246
CG1888	FBgn0033421
CR43651	FBgn0263660
CR43013	FBgn0262447
CR45281	FBgn0266819
CG12931	FBgn0033422
CG1809	FBgn0033423
CG34407	FBgn0085436
CG1814	FBgn0033426
CR46257	FBgn0267990
CG1868	FBgn0033427
CG1818	FBgn0033428
CG12929	FBgn0033429
CG1821	FBgn0285949
CG42600	FBgn0261016
CG1827	FBgn0033431
CG1825	FBgn0010342
CG1902	FBgn0033434
CG30338	FBgn0050338
CG30340	FBgn0050340
CG30339	FBgn0050339
CR44285	FBgn0265312
CG30000	FBgn0050000
CG30005	FBgn0050005
CG12926	FBgn0033437
CR44069	FBgn0264878
CG1794	FBgn0033438
CR42879	FBgn0262172
CR42913	FBgn0262385
CR44070	FBgn0264879
CR30003	FBgn0011921
CG1782	FBgn0023143
CG30002	FBgn0260474
CG1773	FBgn0033439
CG10459	FBgn0033440
CR44292	FBgn0265338
CG1772	FBgn0010316
CG42347	FBgn0259678
CG33800	FBgn0262594
CG18345	FBgn0005614
CG1690	FBgn0033442
CR44205	FBgn0265103
CG1688	FBgn0027589
CR44207	FBgn0265105
CR44208	FBgn0265106
CG1698	FBgn0033443
CG1648	FBgn0033446
CG1652	FBgn0040092
CG1656	FBgn0040093
CG34033	FBgn0054033
CG30001	FBgn0050001
CG1625	FBgn0033447
CG1623	FBgn0033448
CG1663	FBgn0033449
CG12924	FBgn0033450
CG1665	FBgn0033451
CG1599	FBgn0266186
CG1667	FBgn0033453
CG1584	FBgn0023180
CG1519	FBgn0023175
CG1671	FBgn0033454
CG1516	FBgn0027580
CR44293	FBgn0265339
CG30010	FBgn0050010
CG46338	FBgn0288856
CG1675	FBgn0033457
CR45138	FBgn0266631
CG18446	FBgn0033458
CG12744	FBgn0033459
CG1472	FBgn0033460
CR45467	FBgn0267023
CG1513	FBgn0033463
CG12923	FBgn0033461
CG30008	FBgn0050008
CG30007	FBgn0285892
CG1441	FBgn0033464
CG2346	FBgn0000715
CG12140	FBgn0286783
CG1429	FBgn0011656
CG15863	FBgn0033467
CG12130	FBgn0283510
CG1418	FBgn0033468
CG12133	FBgn0033469
CG12131	FBgn0027619
CG12134	FBgn0033471
CR46453	FBgn0287464
CR46455	FBgn0287466
CR43948	FBgn0264599
CG2328	FBgn0000606
CR45324	FBgn0266863
CG2331	FBgn0286784
CG15862	FBgn0022382
CR43542	FBgn0263557
CR44294	FBgn0265340
CG12128	FBgn0033473
CG1407	FBgn0033474
CG12129	FBgn0033475
CG18445	FBgn0033476
CG34220	FBgn0085249
CR44295	FBgn0265341
CG2249	FBgn0040773
CG44296	FBgn0265342
CG12918	FBgn0263260
CG2264	FBgn0262169
CR44297	FBgn0265343
CR44298	FBgn0265344
CG1385	FBgn0010385
CG2292	FBgn0033479
CG12921	FBgn0033480
CG1362	FBgn0013435
CG12920	FBgn0033481
CG1371	FBgn0033482
CG12919	FBgn0033483
CR46369	FBgn0286727
CR43567	FBgn0263201
CR46368	FBgn0286726
CR46370	FBgn0286728
CG2269	FBgn0033484
CG1380	FBgn0028560
CG2275	FBgn0001291
CG1381	FBgn0033485
CG17870	FBgn0004907
CG4001	FBgn0003071
CG11866	FBgn0033486
CG17753	FBgn0010531
CG30011	FBgn0050011
CG46319	FBgn0284235
CG12917	FBgn0033490
CR43467	FBgn0263444
CG33478	FBgn0026388
CG18011	FBgn0033491
CG33135	FBgn0033494
CR45133	FBgn0266626
CG12214	FBgn0265512
CG34221	FBgn0085250
CG33183	FBgn0000448
CG12912	FBgn0033497
CG46321	FBgn0284237
CR46322	FBgn0284238
CR45265	FBgn0266803
CG3454	FBgn0005619
CG12209	FBgn0033498
CG12914	FBgn0033499
CG12913	FBgn0033500
CG12210	FBgn0003660
CG12911	FBgn0033501
CR30009	FBgn0050009
CG12910	FBgn0033502
CG18408	FBgn0033504
CG3298	FBgn0028426
CG12909	FBgn0033507
CG12905	FBgn0033508
CG12908	FBgn0026403
CG34222	FBgn0250822
CG42732	FBgn0261698
CG43172	FBgn0262791
CG43200	FBgn0262836
CG46305	FBgn0284083
CG43171	FBgn0262790
CG43178	FBgn0262807
CG43201	FBgn0262837
CG46298	FBgn0283625
CG12902	FBgn0033512
CG43397	FBgn0263271
CG42733	FBgn0261686
CG43396	FBgn0263270
CG12906	FBgn0041242
CR44210	FBgn0265141
CG12900	FBgn0033515
CG12898	FBgn0033516
CR43177	FBgn0262806
CG33477	FBgn0053477
CG33476	FBgn0053476
CG33475	FBgn0053475
CG11765	FBgn0033518
CG11825	FBgn0033519
CG33474	FBgn0053474
CG12405	FBgn0033520
CG12896	FBgn0033521
CG42236	FBgn0262114
CG12895	FBgn0033523
CG2204	FBgn0001122
CG18377	FBgn0033524
CG12892	FBgn0033526
CG11777	FBgn0033527
CG12891	FBgn0261862
CR45134	FBgn0266627
CG11761	FBgn0033528
CG17765	FBgn0033529
CG12052	FBgn0283521
CG44025	FBgn0264817
CR43581	FBgn0263466
CR43596	FBgn0263481
CR43597	FBgn0263482
CR43598	FBgn0263483
CR45135	FBgn0266628
CR46278	FBgn0283426
CG2368	FBgn0263102
CG11883	FBgn0033538
CG16728	FBgn0033539
CG11887	FBgn0033540
CG12934	FBgn0033541
CR44452	FBgn0265645
CR46229	FBgn0267949
CG11895	FBgn0024836
CG7576	FBgn0005586
CG12309	FBgn0033542
CG12338	FBgn0033543
CG7220	FBgn0033544
CG7614	FBgn0024956
CG33144	FBgn0053144
CR43605	FBgn0263802
CR44299	FBgn0265345
CR44300	FBgn0265346
CR44301	FBgn0265347
CG30018	FBgn0050018
CG12340	FBgn0027499
CG12935	FBgn0033547
CG7637	FBgn0033548
CG12936	FBgn0033549
CG12341	FBgn0033550
CG7222	FBgn0033551
CG12342	FBgn0086898
CG12323	FBgn0029134
CG12938	FBgn0033554
CG12324	FBgn0033555
CG12343	FBgn0033556
CG12325	FBgn0033557
CG12344	FBgn0033558
CG7686	FBgn0027525
CG30015	FBgn0050015
CR45136	FBgn0266629
CR44302	FBgn0265348
CG30016	FBgn0050016
CG6751	FBgn0263510
CG7704	FBgn0010356
CG11919	FBgn0033564
CG18003	FBgn0061356
CG18004	FBgn0033566
CR42957	FBgn0262412
CG30020	FBgn0050020
CG12346	FBgn0017414
CG12942	FBgn0033569
CG7712	FBgn0033570
CG11979	FBgn0033571
CG12943	FBgn0033572
CG12944	FBgn0033573
CG7722	FBgn0033574
CR45228	FBgn0266763
CG33473	FBgn0040765
CG43188	FBgn0262817
CR46409	FBgn0286890
CG30489	FBgn0050489
CR46420	FBgn0286920
CG33503	FBgn0053503
CR46421	FBgn0286921
CG13232	FBgn0033578
CG13229	FBgn0033579
CG13231	FBgn0033580
CG12391	FBgn0033581
CG13230	FBgn0040764
CG7734	FBgn0003396
CG9084	FBgn0033582
CG7736	FBgn0037084
CG7737	FBgn0033584
CG30021	FBgn0050021
CG13218	FBgn0033587
CG13228	FBgn0033588
CG13227	FBgn0033589
CG34223	FBgn0085252
CG13217	FBgn0033590
CG34224	FBgn0085253
CG13216	FBgn0033591
CG13215	FBgn0033592
CG9080	FBgn0033593
CG13226	FBgn0033594
CG34225	FBgn0085254
CR30029	FBgn0050029
CG34227	FBgn0085256
CG43112	FBgn0262572
CG13225	FBgn0026386
CG9079	FBgn0033597
CG13224	FBgn0033598
CG13223	FBgn0033599
CG9077	FBgn0033600
CG9076	FBgn0033601
CG13222	FBgn0033602
CG13214	FBgn0033603
CG9073	FBgn0010423
CG9070	FBgn0086519
CG9067	FBgn0033605
CG13221	FBgn0041174
CG9062	FBgn0033607
CG13220	FBgn0033608
CG13213	FBgn0033609
CG18335	FBgn0033610
CG12390	FBgn0015582
CG30033	FBgn0050033
CG18336	FBgn0040763
CG42336	FBgn0259238
CG7741	FBgn0033615
CG13208	FBgn0033614
CG12389	FBgn0025373
CG7745	FBgn0033616
CG13207	FBgn0016047
CG43114	FBgn0262574
CG13206	FBgn0026385
CG13209	FBgn0003382
CG12350	FBgn0043470
CG12388	FBgn0043471
CG12387	FBgn0011556
CG12386	FBgn0011554
CG12385	FBgn0011555
CG18444	FBgn0003863
CG18681	FBgn0010425
CG18211	FBgn0010357
CG30028	FBgn0010359
CG30031	FBgn0050031
CG30025	FBgn0050025
CG12351	FBgn0010358
CG13202	FBgn0033623
CG7754	FBgn0015001
CR30024	FBgn0011987
CG12384	FBgn0033624
CG13201	FBgn0001276
CG12352	FBgn0024188
CG30030	FBgn0041241
CG13204	FBgn0033627
CG9035	FBgn0021795
CG13203	FBgn0033628
CG9033	FBgn0033629
CG9027	FBgn0033631
CG30023	FBgn0082585
CG30022	FBgn0050022
CR30257	FBgn0050257
CR30506	FBgn0050506
CR45106	FBgn0266573
CR45107	FBgn0266574
CG7759	FBgn0033633
CG30026	FBgn0050026
CG34054	FBgn0054054
CG9023	FBgn0015872
CG7763	FBgn0040503
CR43771	FBgn0264271
CG7777	FBgn0033635
CG33472	FBgn0260499
CG7776	FBgn0000581
CG17835	FBgn0001269
CG9015	FBgn0000577
CG10897	FBgn0033636
CR33661	FBgn0086658
CR43907	FBgn0264508
CG9006	FBgn0086712
CG9005	FBgn0033638
CG9003	FBgn0033639
CG34228	FBgn0085257
CR30254	FBgn0050254
CR30255	FBgn0011915
CG8998	FBgn0044020
CG13198	FBgn0033640
CR32844	FBgn0011916
CG30035	FBgn0050035
CG8234	FBgn0033644
CG8238	FBgn0040491
CG13196	FBgn0033645
CG8996	FBgn0010516
CG13197	FBgn0062449
CR33471	FBgn0053471
CG13195	FBgn0033648
CR45377	FBgn0266926
CG13194	FBgn0033649
CG12443	FBgn0033652
CG13193	FBgn0033650
CG42493	FBgn0260007
CG12444	FBgn0033651
CG13192	FBgn0033653
CG8991	FBgn0033654
CG34229	FBgn0259832
CG8988	FBgn0033656
CG43190	FBgn0262819
CR44304	FBgn0265363
CG8271	FBgn0033657
CG8274	FBgn0013756
CG34230	FBgn0085259
CG8986	FBgn0033658
CG18188	FBgn0033659
CG42531	FBgn0260436
CR42532	FBgn0260437
CG13185	FBgn0033661
CG13190	FBgn0260932
CG8983	FBgn0033663
CG8280	FBgn0284245
CR32905	FBgn0015543
CG42572	FBgn0260959
CG13189	FBgn0033665
CG13183	FBgn0033667
CR44305	FBgn0265364
CR44312	FBgn0265371
CG13188	FBgn0033668
CG8979	FBgn0033669
CG8290	FBgn0026573
CG30036	FBgn0050036
CG30037	FBgn0050037
CG33145	FBgn0053145
CG8975	FBgn0011704
CG34231	FBgn0085260
CG8972	FBgn0033672
CG8298	FBgn0033673
CR45319	FBgn0266858
CR45318	FBgn0266857
CG8967	FBgn0004839
CR44306	FBgn0265365
CG8964	FBgn0267728
CG8889	FBgn0259985
CG17509	FBgn0260012
CG8321	FBgn0033677
CG43191	FBgn0262820
CG8340	FBgn0010339
CG8344	FBgn0004463
CG8357	FBgn0024732
CG30039	FBgn0050039
CG44314	FBgn0265373
CG8364	FBgn0028407
CG8888	FBgn0033679
CG13186	FBgn0033680
CG30040	FBgn0086677
CG18343	FBgn0033683
CG8881	FBgn0026176
CG8378	FBgn0027495
CG13178	FBgn0033685
CG12367	FBgn0033686
CG8878	FBgn0027504
CG8407	FBgn0033687
CG8877	FBgn0033688
CR43007	FBgn0262300
CR43600	FBgn0263485
CG13177	FBgn0040759
CG34232	FBgn0085261
CG16747	FBgn0014184
CG8427	FBgn0023167
CR46194	FBgn0267913
CR42975	FBgn0286007
CR42931	FBgn0286006
CG8439	FBgn0010621
CG8862	FBgn0289744
CR45264	FBgn0266802
CG8860	FBgn0033691
CG13176	FBgn0033692
CG13175	FBgn0033693
CG33964	FBgn0053964
CG16792	FBgn0000426
CG8453	FBgn0025454
CG8859	FBgn0033696
CG8457	FBgn0033697
CG8858	FBgn0033698
CG8857	FBgn0033699
CR34153	FBgn0083989
CR34152	FBgn0083988
CR45276	FBgn0266814
CG8856	FBgn0020377
CG13171	FBgn0033701
CG8854	FBgn0033702
CR44313	FBgn0265372
CG13170	FBgn0033703
CG43315	FBgn0263020
CG43316	FBgn0263021
CG43244	FBgn0262889
CR44315	FBgn0265374
CG13168	FBgn0033705
CG13167	FBgn0033706
CG8472	FBgn0000253
CR43900	FBgn0264501
CG42700	FBgn0261611
CR45271	FBgn0266809
CG8850	FBgn0033708
CG13164	FBgn0061197
CG17739	FBgn0033710
CG30203	FBgn0050203
CG30046	FBgn0050046
CR44316	FBgn0265375
CG13163	FBgn0033712
CG8841	FBgn0033713
CG8487	FBgn0264560
CR30249	FBgn0050249
CR30250	FBgn0050250
CR30251	FBgn0050251
CG8490	FBgn0033715
CR30252	FBgn0011878
CR30253	FBgn0011877
CG34021	FBgn0054021
CG8493	FBgn0033716
CG8839	FBgn0033717
CG13162	FBgn0266111
CG30047	FBgn0050047
CG30049	FBgn0050049
CG30043	FBgn0050043
CR33013	FBgn0053013
CG33012	FBgn0053012
CG13160	FBgn0033720
CG13159	FBgn0033721
CG30045	FBgn0050045
CG30042	FBgn0050042
CG13155	FBgn0033723
CG8501	FBgn0033724
CG8502	FBgn0033725
CG8836	FBgn0033726
CG13158	FBgn0033727
CG30048	FBgn0050048
CG8505	FBgn0033728
CG8510	FBgn0033729
CG8511	FBgn0033730
CG30050	FBgn0050050
CG33626	FBgn0053626
CG33627	FBgn0053627
CG8515	FBgn0033731
CG13157	FBgn0033732
CG42782	FBgn0261853
CR46027	FBgn0267691
CG8834	FBgn0033733
CG8520	FBgn0033734
CG8525	FBgn0033735
CG13154	FBgn0033736
CG8831	FBgn0033737
CG43204	FBgn0262840
CG8830	FBgn0033738
CG30051	FBgn0050051
CG8529	FBgn0033739
CG30334	FBgn0050334
CG12369	FBgn0010238
CG8828	FBgn0033740
CG8545	FBgn0033741
CG8550	FBgn0033742
CG12370	FBgn0033744
CG34234	FBgn0085263
CG8824	FBgn0045063
CG30044	FBgn0050044
CG8821	FBgn0033748
CG8819	FBgn0033749
CG13151	FBgn0033750
CG8818	FBgn0033751
CG8569	FBgn0033752
CG33632	FBgn0053632
CG8581	FBgn0011592
CG33752	FBgn0053752
CG30056	FBgn0050056
CG33775	FBgn0053775
CG8587	FBgn0033753
CG8816	FBgn0033754
CG8592	FBgn0003527
CG8594	FBgn0033755
CG8815	FBgn0022764
CR30055	FBgn0050055
CR45279	FBgn0266817
CG8604	FBgn0027356
CR43909	FBgn0264510
CG17759	FBgn0004435
CG45086	FBgn0266487
CG30054	FBgn0050054
CG17760	FBgn0033756
CG8811	FBgn0033757
CG33792	FBgn0053792
CG12372	FBgn0028683
CG33671	FBgn0061359
CG33672	FBgn0061360
CG8625	FBgn0011604
CG8785	FBgn0033760
CG8778	FBgn0033761
CG8632	FBgn0033762
CG8646	FBgn0033763
CG8776	FBgn0261673
CG42708	FBgn0261625
CG8771	FBgn0033766
CG13148	FBgn0033767
CG30053	FBgn0050053
CG30052	FBgn0050052
CG8768	FBgn0033769
CG12442	FBgn0033770
CG42663	FBgn0261545
CG8767	FBgn0033773
CG8766	FBgn0026619
CG12373	FBgn0026741
CG8764	FBgn0011227
CG8657	FBgn0020930
CG8759	FBgn0086904
CG12374	FBgn0033774
CR45266	FBgn0266804
CG17579	FBgn0003326
CR45137	FBgn0266630
CG17580	FBgn0040755
CR44453	FBgn0265646
CG17577	FBgn0033775
CG17584	FBgn0028963
CG17575	FBgn0250842
CG30488	FBgn0050488
CG30486	FBgn0050486
CR45468	FBgn0267024
CG17574	FBgn0033777
CR45140	FBgn0266633
CG3644	FBgn0000181
CR43469	FBgn0263446
CG3790	FBgn0033778
CR43468	FBgn0263445
CG3814	FBgn0025692
CG3821	FBgn0002069
CG3798	FBgn0013305
CR45141	FBgn0266634
CG3830	FBgn0003975
CR46237	FBgn0267957
CR46336	FBgn0285940
CR46337	FBgn0285941
CR44461	FBgn0265654
CG3845	FBgn0010488
CG13319	FBgn0033781
CG3850	FBgn0033782
CG17019	FBgn0033783
CG13322	FBgn0033784
CG13320	FBgn0033785
CG30487	FBgn0050487
CG3879	FBgn0004512
CG44251	FBgn0265186
CG44250	FBgn0265185
CG13321	FBgn0033787
CG3886	FBgn0005624
CR44339	FBgn0265427
CG33798	FBgn0053798
CG3905	FBgn0265623
CG13323	FBgn0033788
CG13324	FBgn0033789
CG3915	FBgn0033791
CG44341	FBgn0265429
CG13325	FBgn0033792
CG3955	FBgn0033793
CG13326	FBgn0033794
CG34438	FBgn0259876
CG43741	FBgn0263998
CG3991	FBgn0020370
CG34439	FBgn0085468
CG4007	FBgn0020391
CG15870	FBgn0033798
CG4604	FBgn0033799
CG4016	FBgn0086532
CR45142	FBgn0266635
CG33138	FBgn0053138
CG33137	FBgn0053137
CG17724	FBgn0033802
CG33182	FBgn0053182
CG32904	FBgn0028991
CG4062	FBgn0027079
CG4088	FBgn0005654
CG34315	FBgn0085344
CG4616	FBgn0033806
CG30058	FBgn0050058
CG34235	FBgn0085264
CG34312	FBgn0085341
CG12251	FBgn0033807
CG4627	FBgn0033808
CG4630	FBgn0033809
CG4646	FBgn0033810
CG17059	FBgn0040754
CG4643	FBgn0043010
CG4654	FBgn0011763
CR43918	FBgn0264539
CG4663	FBgn0033812
CG12765	FBgn0033813
CG4670	FBgn0033814
CG4676	FBgn0033815
CG4679	FBgn0033816
CG4688	FBgn0033817
CR45278	FBgn0266816
CG4696	FBgn0002789
CG4712	FBgn0033818
CG4714	FBgn0033819
CR44343	FBgn0265443
CG4716	FBgn0033820
CG10799	FBgn0033821
CG42319	FBgn0259219
CG32843	FBgn0052843
CG4734	FBgn0033826
CG17047	FBgn0033827
CR44206	FBgn0265104
CR42925	FBgn0262391
CG17048	FBgn0033828
CR45312	FBgn0266851
CG10814	FBgn0033830
CG43691	FBgn0263774
CG4740	FBgn0041579
CG4744	FBgn0033834
CG18279	FBgn0288447
CG18278	FBgn0033836
CR45470	FBgn0267026
CG33470	FBgn0053470
CG30059	FBgn0260475
CG42321	FBgn0259221
CG30060	FBgn0265272
CR32842	FBgn0011881
CR32841	FBgn0011909
CR30244	FBgn0011882
CR30521	FBgn0011883
CR30246	FBgn0011884
CR30247	FBgn0011885
CR30508	FBgn0011910
CG30065	FBgn0050065
CG4812	FBgn0019928
CR30509	FBgn0050509
CG4832	FBgn0013765
CG30062	FBgn0050062
CG4840	FBgn0086757
CG5912	FBgn0000119
CG43192	FBgn0262821
CG5970	FBgn0033842
CG13329	FBgn0040477
CG6016	FBgn0033844
CG6033	FBgn0004638
CG17064	FBgn0033845
CG6061	FBgn0033846
CG6050	FBgn0024556
CG33528	FBgn0260964
CG13330	FBgn0033848
CG13331	FBgn0033850
CG13332	FBgn0033851
CR30507	FBgn0011896
CG6145	FBgn0033853
CG33156	FBgn0053156
CG6155	FBgn0014877
CG13333	FBgn0033855
CR34531	FBgn0083006
CR43587	FBgn0263472
CR43574	FBgn0263459
CG13334	FBgn0033856
CG42807	FBgn0261989
CG42808	FBgn0261990
CR44365	FBgn0265496
CR44366	FBgn0265497
CG6191	FBgn0027581
CG45088	FBgn0266489
CG6197	FBgn0033859
CG18369	FBgn0033860
CG43058	FBgn0262360
CG34236	FBgn0085265
CG12464	FBgn0033861
CG17716	FBgn0000633
CG6209	FBgn0033862
CG13337	FBgn0033863
CG18368	FBgn0033864
CR45031	FBgn0266391
CR45032	FBgn0266392
CG6220	FBgn0033865
CG6280	FBgn0033866
CG13338	FBgn0033867
CG13340	FBgn0033868
CR43810	FBgn0264358
CR43811	FBgn0264359
CG6305	FBgn0033869
CG12295	FBgn0261041
CG6315	FBgn0000662
CG13339	FBgn0033871
CG6329	FBgn0033872
CG6337	FBgn0033873
CG6347	FBgn0033874
CG6357	FBgn0033875
CG10808	FBgn0033876
CG30484	FBgn0050484
CG30485	FBgn0050485
CR46287	FBgn0283553
CG6543	FBgn0033879
CG6553	FBgn0033880
CR44367	FBgn0265498
CG13345	FBgn0086356
CG13343	FBgn0263697
CG16935	FBgn0033883
CG13344	FBgn0033884
CG18076	FBgn0013733
CG6646	FBgn0033885
CG6671	FBgn0262739
CG30481	FBgn0050481
CG33155	FBgn0053155
CG13349	FBgn0033886
CG6692	FBgn0013770
CG42806	FBgn0261975
CG13348	FBgn0275436
CG6704	FBgn0033887
CG18568	FBgn0033888
CG6701	FBgn0033889
CG13350	FBgn0033890
CG8067	FBgn0033891
CG8085	FBgn0020620
CG8118	FBgn0002643
CR43524	FBgn0263539
CG18371	FBgn0033893
CG30483	FBgn0040752
CG42287	FBgn0259183
CG42288	FBgn0259184
CR42922	FBgn0262215
CG8233	FBgn0033897
CG8241	FBgn0086895
CG13018	FBgn0040751
CG13016	FBgn0033899
CG8257	FBgn0033900
CG12366	FBgn0033901
CG8309	FBgn0033902
CG8323	FBgn0033903
CG18327	FBgn0033904
CG18324	FBgn0033905
CR44368	FBgn0265499
CG8331	FBgn0033906
CG8338	FBgn0033907
CG8367	FBgn0000289
CG30069	FBgn0050069
CG8394	FBgn0033911
CG8404	FBgn0005613
CG8415	FBgn0033912
CR42951	FBgn0262407
CG8468	FBgn0033913
CG8479	FBgn0261276
CR42981	FBgn0262427
CG8485	FBgn0033915
CG8494	FBgn0033916
CG8503	FBgn0033917
CG8523	FBgn0010241
CG8542	FBgn0001220
CG8531	FBgn0033918
CG8536	FBgn0027538
CG8547	FBgn0033919
CG8553	FBgn0261270
CG8561	FBgn0261269
CG8585	FBgn0263397
CG8589	FBgn0033921
CG34379	FBgn0085408
CG8613	FBgn0033924
CG8617	FBgn0033925
CG12505	FBgn0033926
CR10102	FBgn0033927
CG13941	FBgn0033928
CG8151	FBgn0033929
CG34184	FBgn0085213
CG34442	FBgn0085471
CG34443	FBgn0085472
CG34444	FBgn0085473
CG30067	FBgn0050067
CG30072	FBgn0050072
CG30073	FBgn0050073
CG30074	FBgn0050074
CG34185	FBgn0085214
CG13939	FBgn0033931
CG30075	FBgn0050075
CG8422	FBgn0033932
CG10104	FBgn0033933
CR44369	FBgn0265500
CG17385	FBgn0033934
CG10105	FBgn0033935
CG17386	FBgn0033936
CG10108	FBgn0013725
CR45277	FBgn0266815
CG42702	FBgn0288433
CR44462	FBgn0265655
CG46146	FBgn0267824
CG10110	FBgn0024698
CG8787	FBgn0261823
CG10112	FBgn0033942
CG30197	FBgn0050197
CG10117	FBgn0265974
CG30076	FBgn0050076
CG43919	FBgn0264540
CG10119	FBgn0010397
CG12869	FBgn0033943
CG10122	FBgn0019938
CG30077	FBgn0050077
CG10128	FBgn0003742
CR43602	FBgn0263487
CG12868	FBgn0033945
CG33469	FBgn0053469
CG33468	FBgn0053468
CG12864	FBgn0026427
CG10130	FBgn0010638
CG12863	FBgn0033948
CR42452	FBgn0083123
CR34532	FBgn0082951
CR34533	FBgn0082940
CR34534	FBgn0082939
CR34535	FBgn0082926
CR34536	FBgn0082950
CR34537	FBgn0082952
CR34538	FBgn0082941
CR34539	FBgn0082931
CR34540	FBgn0082930
CR34541	FBgn0082929
CR34542	FBgn0082919
CG10131	FBgn0033949
CG43236	FBgn0262881
CR42715	FBgn0261632
CG12862	FBgn0033950
CG10139	FBgn0033951
CG10143	FBgn0033952
CG12861	FBgn0033953
CG12860	FBgn0033954
CG12866	FBgn0033955
CG10145	FBgn0020269
CG30479	FBgn0050479
CG30480	FBgn0050480
CG43428	FBgn0263376
CG12858	FBgn0033958
CG10816	FBgn0010388
CG10146	FBgn0012042
CG18372	FBgn0041581
CG10149	FBgn0028689
CG30476	FBgn0050476
CG10151	FBgn0033960
CG12859	FBgn0033961
CG10153	FBgn0266723
CG12857	FBgn0033963
CG10155	FBgn0020767
CR42254	FBgn0259112
CG10159	FBgn0015602
CG10197	FBgn0001319
CG10200	FBgn0033968
CG10202	FBgn0033969
CR45329	FBgn0266868
CG10205	FBgn0033970
CG10207	FBgn0016684
CG10209	FBgn0033971
CG10212	FBgn0027783
CG10215	FBgn0028434
CG12797	FBgn0033972
CG12855	FBgn0033973
CG33506	FBgn0053506
CG33505	FBgn0053505
CG10228	FBgn0264962
CG10240	FBgn0013773
CG10241	FBgn0015714
CG10242	FBgn0033978
CG10243	FBgn0033979
CG10246	FBgn0013771
CG10245	FBgn0033980
CG10247	FBgn0288232
CG10248	FBgn0013772
CG17453	FBgn0033982
CG10249	FBgn0027596
CG10253	FBgn0033983
CG12853	FBgn0040747
CG10255	FBgn0033984
CG10257	FBgn0033985
CG42783	FBgn0261854
CG12424	FBgn0033987
CG7761	FBgn0033988
CR30241	FBgn0050241
CG7639	FBgn0033989
CG10265	FBgn0033990
CR43830	FBgn0264378
CG7449	FBgn0287864
CG43101	FBgn0262547
CG30473	FBgn0043530
CR45256	FBgn0266791
CR43622	FBgn0263613
CG33467	FBgn0053467
CR44457	FBgn0265650
CG11798	FBgn0015371
CG34186	FBgn0262954
CG8089	FBgn0033993
CG7544	FBgn0033994
CG18285	FBgn0013467
CR43831	FBgn0264379
CG43068	FBgn0262478
CG42476	FBgn0259966
CG43829	FBgn0264377
CG8090	FBgn0033995
CG11807	FBgn0033996
CG42391	FBgn0259737
CR12953	FBgn0033997
CG8092	FBgn0033998
CG30081	FBgn0050081
CG8093	FBgn0033999
CG11808	FBgn0034000
CG12954	FBgn0034001
CR44463	FBgn0265656
CG8079	FBgn0034002
CG8094	FBgn0001187
CG33466	FBgn0259878
CR44370	FBgn0265508
CG8095	FBgn0286785
CG16827	FBgn0034005
CG44240	FBgn0265194
CR44241	FBgn0265176
CG8102	FBgn0034007
CG8152	FBgn0034008
CG8153	FBgn0004698
CG8155	FBgn0034009
CG8156	FBgn0013750
CG8157	FBgn0034010
CG8160	FBgn0034011
CR44371	FBgn0265509
CG16801	FBgn0034012
CG8166	FBgn0034013
CG8169	FBgn0011660
CR44458	FBgn0265651
CR44459	FBgn0265652
CR43276	FBgn0262965
CR43275	FBgn0262964
CR43105	FBgn0262565
CR43186	FBgn0262815
CG8171	FBgn0000996
CG8174	FBgn0286813
CG43729	FBgn0263980
CR45020	FBgn0266378
CG8175	FBgn0014865
CG30472	FBgn0050472
CG34188	FBgn0085217
CG8180	FBgn0034021
CG12964	FBgn0034022
CG12960	FBgn0034023
CG30469	FBgn0050469
CG30468	FBgn0050468
CG30464	FBgn0050464
CG8182	FBgn0034025
CG8183	FBgn0019968
CG30471	FBgn0050471
CG30467	FBgn0050467
CG8187	FBgn0034027
CR45927	FBgn0267589
CG8186	FBgn0022097
CG8190	FBgn0034029
CG8192	FBgn0034030
CG12963	FBgn0034031
CG8195	FBgn0034032
CG8200	FBgn0024754
CG30466	FBgn0050466
CG8203	FBgn0013762
CG8204	FBgn0034033
CG42524	FBgn0260429
CR42945	FBgn0262403
CG8205	FBgn0023441
CR45143	FBgn0266636
CG8207	FBgn0034035
CG8210	FBgn0262512
CG30091	FBgn0050091
CR43429	FBgn0263377
CG33139	FBgn0284254
CG30082	FBgn0050082
CG8214	FBgn0266708
CG30090	FBgn0050090
CR44372	FBgn0265510
CG30088	FBgn0050088
CG30087	FBgn0050087
CG33460	FBgn0053460
CG33461	FBgn0053461
CG33462	FBgn0053462
CG30080	FBgn0050080
CG42662	FBgn0261538
CG46433	FBgn0286939
CG30083	FBgn0050083
CG30089	FBgn0050089
CG30084	FBgn0265991
CG8253	FBgn0034046
CG33465	FBgn0053465
CG8246	FBgn0003130
CG8249	FBgn0034045
CG12970	FBgn0034047
CG8256	FBgn0022160
CG30085	FBgn0050085
CG43758	FBgn0264089
CR46471	FBgn0287602
CG33463	FBgn0053463
CR44373	FBgn0265511
CG8291	FBgn0034049
CG8293	FBgn0015247
CG8297	FBgn0034050
CG8295	FBgn0034051
CG8299	FBgn0034052
CG8302	FBgn0034053
CG30093	FBgn0050093
CR43561	FBgn0263576
CG44162	FBgn0265045
CG8366	FBgn0034054
CR45021	FBgn0266379
CG8314	FBgn0034057
CG8315	FBgn0034058
CG8320	FBgn0034059
CG8322	FBgn0020236
CG8370	FBgn0034060
CG8386	FBgn0034061
CG8389	FBgn0034063
CG8388	FBgn0034062
CG8392	FBgn0010590
CG8395	FBgn0034065
CG8397	FBgn0034066
CG8399	FBgn0034067
CG8400	FBgn0034068
CG8401	FBgn0034069
CG8403	FBgn0034070
CG8405	FBgn0034071
CR43012	FBgn0262446
CR43415	FBgn0263334
CG18250	FBgn0034072
CG34147	FBgn0083983
CG8414	FBgn0034073
CG8416	FBgn0014020
CG8418	FBgn0265605
CG8421	FBgn0034075
CG8424	FBgn0034076
CG8425	FBgn0010052
CG30095	FBgn0050095
CG8428	FBgn0086676
CG8430	FBgn0001124
CG30094	FBgn0050094
CG8431	FBgn0027091
CG8433	FBgn0029175
CG10731	FBgn0034081
CG8434	FBgn0034083
CR45993	FBgn0267655
CR45994	FBgn0267656
CG10734	FBgn0034082
CG8435	FBgn0034084
CG18243	FBgn0034085
CG8440	FBgn0015754
CG8441	FBgn0034086
CG8443	FBgn0034087
CG8445	FBgn0262166
CG44242	FBgn0265177
CG44243	FBgn0265178
CG42837	FBgn0262026
CG18247	FBgn0015295
CG8448	FBgn0034091
CR30237	FBgn0050237
CR30238	FBgn0050238
CR30239	FBgn0050239
CR30240	FBgn0050240
CR43898	FBgn0264496
CG7798	FBgn0034092
CG15706	FBgn0034093
CG3666	FBgn0034094
CG15701	FBgn0034095
CG7786	FBgn0034096
CG3687	FBgn0034097
CG15707	FBgn0034098
CG15708	FBgn0034099
CG42701	FBgn0261612
CG7773	FBgn0025519
CG3730	FBgn0015925
CG7765	FBgn0001308
CG33017	FBgn0053017
CG7760	FBgn0024249
CG15704	FBgn0034103
CG15705	FBgn0034104
CG7755	FBgn0034105
CG9068	FBgn0034106
CR43728	FBgn0263976
CG30324	FBgn0050324
CG30099	FBgn0050099
CR43730	FBgn0263981
CG3767	FBgn0028424
CG30100	FBgn0050100
CG42372	FBgn0259718
CG7747	FBgn0034109
CG3615	FBgn0034110
CR45232	FBgn0267793
CG34399	FBgn0085428
CG8060	FBgn0034113
CG30096	FBgn0050096
CG4282	FBgn0034114
CG8048	FBgn0287825
CG4311	FBgn0010611
CG7997	FBgn0034117
CG6251	FBgn0034118
CG7989	FBgn0262560
CG15710	FBgn0034120
CG30098	FBgn0050098
CR43416	FBgn0263335
CR45322	FBgn0266861
CG6262	FBgn0034121
CG15711	FBgn0034122
CR45316	FBgn0266855
CR45317	FBgn0266856
CG43187	FBgn0262816
CG33960	FBgn0264273
CG7969	FBgn0029153
CG7964	FBgn0029154
CG4398	FBgn0034126
CG7848	FBgn0034127
CG4409	FBgn0034128
CG15925	FBgn0034129
CG33550	FBgn0261292
CG33524	FBgn0261293
CG15712	FBgn0034131
CG33458	FBgn0053458
CG33459	FBgn0053459
CG4439	FBgn0034132
CG7813	FBgn0285943
CG4700	FBgn0011260
CG4750	FBgn0259795
CG4905	FBgn0034135
CG8380	FBgn0034136
CG4945	FBgn0034137
CG8332	FBgn0034138
CG4927	FBgn0034139
CG8317	FBgn0034140
CG5072	FBgn0016131
CR44375	FBgn0265525
CG4918	FBgn0003274
CG8311	FBgn0034141
CG8306	FBgn0034142
CG8303	FBgn0034143
CG5089	FBgn0034144
CG5065	FBgn0034145
CG8250	FBgn0040505
CG18471	FBgn0024232
CG8221	FBgn0020506
CG8178	FBgn0024319
CG8098	FBgn0024315
CG34457	FBgn0085486
CG34458	FBgn0085487
CG30463	FBgn0050463
CG5210	FBgn0013763
CR43104	FBgn0262564
CR44464	FBgn0265657
CG42477	FBgn0259967
CG15617	FBgn0034151
CG8626	FBgn0034152
CG15616	FBgn0034153
CG8622	FBgn0015584
CG33530	FBgn0053530
CG8566	FBgn0267002
CG34189	FBgn0085218
CG5267	FBgn0034154
CG42392	FBgn0259738
CG5348	FBgn0034156
CG8905	FBgn0010213
CG5409	FBgn0011743
CG33544	FBgn0053544
CG15920	FBgn0034157
CG5522	FBgn0034158
CG15919	FBgn0040743
CG15615	FBgn0034159
CR44465	FBgn0265658
CR44379	FBgn0265529
CR44380	FBgn0265530
CG5550	FBgn0034160
CR43417	FBgn0263336
CG34459	FBgn0085488
CG34460	FBgn0085489
CR43650	FBgn0263659
CR42988	FBgn0262432
CG8652	FBgn0026754
CR44466	FBgn0265659
CR44467	FBgn0265660
CG5859	FBgn0289323
CG8648	FBgn0025832
CG5935	FBgn0026533
CR43577	FBgn0263462
CG8912	FBgn0014870
CG6341	FBgn0028737
CG6426	FBgn0034162
CG6421	FBgn0025827
CG6429	FBgn0046999
CG6435	FBgn0034165
CG8910	FBgn0025833
CG6472	FBgn0034166
CR43014	FBgn0262307
CG6518	FBgn0004784
CG6622	FBgn0003091
CG43788	FBgn0264329
CG43789	FBgn0264330
CG15614	FBgn0034168
CG34190	FBgn0085219
CG9013	FBgn0262513
CG34415	FBgn0085444
CG34191	FBgn0085220
CG44239	FBgn0265174
CG6665	FBgn0034172
CG9010	FBgn0034173
CR44376	FBgn0265526
CR30236	FBgn0011867
CR44377	FBgn0265527
CG6702	FBgn0004580
CG30461	FBgn0050461
CG9002	FBgn0050462
CG9001	FBgn0034175
CG9000	FBgn0034176
CG6796	FBgn0034177
CG8980	FBgn0026402
CG6805	FBgn0034179
CG15609	FBgn0034180
CG8963	FBgn0034181
CG6829	FBgn0263864
CR44390	FBgn0265540
CG9635	FBgn0023172
CG43327	FBgn0263032
CG43328	FBgn0263033
CG43371	FBgn0263114
CR45144	FBgn0266637
CR45145	FBgn0266638
CG9640	FBgn0034182
CG9642	FBgn0034183
CG9646	FBgn0034184
CG6953	FBgn0026721
CG8961	FBgn0086350
CG8950	FBgn0034186
CG6967	FBgn0034187
CG30460	FBgn0050460
CR46382	FBgn0286740
CG8946	FBgn0010591
CG6984	FBgn0034191
CG8938	FBgn0010226
CG46491	FBgn0287631
CG46492	FBgn0287632
CG15611	FBgn0034194
CG18730	FBgn0000079
CR45272	FBgn0266810
CG10956	FBgn0034195
CG17876	FBgn0000078
CG15605	FBgn0034196
CG15918	FBgn0034197
CG45273	FBgn0266811
CG34098	FBgn0083936
CG11400	FBgn0034198
CR44391	FBgn0265541
CG15917	FBgn0034199
CG11395	FBgn0034200
CG43103	FBgn0262563
CG43107	FBgn0262567
CR44386	FBgn0265536
CR33921	FBgn0065048
CR30234	FBgn0050234
CR30235	FBgn0050235
CR33628	FBgn0065047
CG17290	FBgn0034201
CG17287	FBgn0034202
CG30458	FBgn0050458
CG30457	FBgn0050457
CG10953	FBgn0034204
CR44387	FBgn0265537
CG44388	FBgn0265538
CR44389	FBgn0265539
CR45323	FBgn0266862
CG10950	FBgn0034205
CG43237	FBgn0262882
CG33197	FBgn0265487
CR46235	FBgn0267955
CG18469	FBgn0034206
CG12699	FBgn0046294
CR43660	FBgn0263708
CG43272	FBgn0262961
CG43108	FBgn0262568
CR45997	FBgn0267659
CR43661	FBgn0263709
CR44344	FBgn0265444
CR30232	FBgn0050232
CR30233	FBgn0011879
CG10939	FBgn0010620
CG6568	FBgn0034210
CG30101	FBgn0050101
CG10938	FBgn0016697
CG6556	FBgn0286070
CG4798	FBgn0022029
CG6550	FBgn0034214
CG4802	FBgn0034215
CG6546	FBgn0025716
CG18468	FBgn0034217
CG6542	FBgn0027506
CG18467	FBgn0034218
CG6536	FBgn0034219
CG6530	FBgn0028956
CG10764	FBgn0034221
CG34192	FBgn0263233
CG10751	FBgn0024196
CG14478	FBgn0028953
CG6522	FBgn0034223
CG4816	FBgn0022987
CG6520	FBgn0034224
CG43110	FBgn0262570
CG4827	FBgn0034225
CG30104	FBgn0050104
CG30103	FBgn0050103
CG43164	FBgn0283508
CG34193	FBgn0085222
CG4847	FBgn0034229
CG4853	FBgn0034230
CG11419	FBgn0034231
CG4866	FBgn0034232
CG33130	FBgn0263197
CG4878	FBgn0034237
CG43370	FBgn0263113
CG34194	FBgn0085223
CG4886	FBgn0028382
CG6510	FBgn0010409
CG4903	FBgn0034240
CG43323	FBgn0263076
CG43324	FBgn0263029
CG14480	FBgn0034242
CG46428	FBgn0286931
CG6501	FBgn0034243
CG4909	FBgn0040294
CG14482	FBgn0034245
CG42239	FBgn0250868
CG4921	FBgn0016701
CG6493	FBgn0034246
CG6484	FBgn0034247
CR45274	FBgn0266812
CG14483	FBgn0034248
CR45275	FBgn0266813
CG6477	FBgn0034249
CG4924	FBgn0029079
CG30105	FBgn0050105
CG4943	FBgn0029006
CG11423	FBgn0034251
CG43920	FBgn0264541
CG42649	FBgn0261501
CR30333	FBgn0050333
CR30231	FBgn0050231
CG10936	FBgn0034253
CG44403	FBgn0265576
CR34543	FBgn0082922
CG10683	FBgn0004400
CG18186	FBgn0034255
CG30106	FBgn0050106
CG4954	FBgn0034258
CG30108	FBgn0050108
CG30109	FBgn0050109
CG44404	FBgn0265577
CG6459	FBgn0034259
CG6446	FBgn0016059
CG4966	FBgn0034261
CG42561	FBgn0260763
CG42562	FBgn0260764
CG14485	FBgn0034262
CG17818	FBgn0027872
CR45146	FBgn0266639
CR32886	FBgn0045800
CR32887	FBgn0063381
CR32888	FBgn0063385
CR32889	FBgn0063377
CR32890	FBgn0063384
CR32894	FBgn0063383
CR32891	FBgn0063376
CR32895	FBgn0063382
CR32892	FBgn0063388
CR32893	FBgn0063375
CR32896	FBgn0063374
CR32897	FBgn0063380
CR32898	FBgn0063379
CR32899	FBgn0063378
CR32900	FBgn0063387
CR32901	FBgn0063373
CR32902	FBgn0063386
CG6424	FBgn0028494
CG46315	FBgn0284231
CG10934	FBgn0034263
CG10933	FBgn0034264
CG6410	FBgn0034265
CG4975	FBgn0034266
CG4984	FBgn0034267
CG34195	FBgn0085224
CG6406	FBgn0034269
CG6401	FBgn0034270
CG4996	FBgn0034271
CG14487	FBgn0034272
CG12298	FBgn0003545
CG10931	FBgn0034274
CG5002	FBgn0034275
CG6385	FBgn0034276
CG5005	FBgn0022740
CG5009	FBgn0027572
CG6370	FBgn0034277
CR43509	FBgn0263629
CR44416	FBgn0265589
CG14488	FBgn0034278
CG18635	FBgn0034279
CG6362	FBgn0028740
CG6355	FBgn0028741
CG33981	FBgn0250851
CR42964	FBgn0262416
CG5032	FBgn0026309
CG5788	FBgn0026316
CG5033	FBgn0028744
CG5036	FBgn0028743
CR45270	FBgn0266808
CG42311	FBgn0259211
CG11430	FBgn0041585
CG14489	FBgn0015522
CG30323	FBgn0050323
CG14490	FBgn0034281
CG5785	FBgn0003701
CG5784	FBgn0034282
CR44417	FBgn0265590
CG5076	FBgn0011589
CG30325	FBgn0050325
CG30110	FBgn0050110
CG42639	FBgn0283437
CG14492	FBgn0034283
CG14491	FBgn0034284
CR44418	FBgn0265591
CG10930	FBgn0003140
CG33996	FBgn0034286
CR44419	FBgn0265592
CG5084	FBgn0034288
CG10910	FBgn0034289
CG5773	FBgn0034290
CG5770	FBgn0034291
CG5767	FBgn0034292
CG34005	FBgn0054005
CG14495	FBgn0034293
CG5765	FBgn0034294
CG10911	FBgn0034295
CR45313	FBgn0266852
CG10912	FBgn0034296
CR45314	FBgn0266853
CG34386	FBgn0085415
CR45022	FBgn0266380
CG5757	FBgn0034299
CG5098	FBgn0034300
CG5756	FBgn0034301
CG34196	FBgn0085225
CG5753	FBgn0003520
CG10913	FBgn0028983
CG12767	FBgn0040465
CG5748	FBgn0001222
CG5109	FBgn0003044
CG5119	FBgn0265297
CR34544	FBgn0083054
CR34545	FBgn0083053
CR33633	FBgn0086600
CG17680	FBgn0062440
CG5742	FBgn0034304
CG5124	FBgn0000057
CG5738	FBgn0022238
CG10914	FBgn0034307
CG10915	FBgn0034308
CG5733	FBgn0034310
CG42518	FBgn0260392
CG42517	FBgn0260401
CG5729	FBgn0027836
CR45315	FBgn0266854
CG10916	FBgn0034312
CG5726	FBgn0034313
CR46345	FBgn0286005
CG5140	FBgn0034314
CG5721	FBgn0034315
CG33958	FBgn0053958
CG14499	FBgn0034317
CG14500	FBgn0034318
CG30114	FBgn0050114
CR45147	FBgn0266640
CR45310	FBgn0266849
CR45311	FBgn0266850
CG46388	FBgn0286834
CG10917	FBgn0000658
CR44420	FBgn0265593
CR44421	FBgn0265594
CG5581	FBgn0266420
CG33198	FBgn0053198
CG5580	FBgn0285917
CG14502	FBgn0034321
CG18536	FBgn0034322
CG18537	FBgn0034323
CG18538	FBgn0034324
CG18539	FBgn0034325
CG18540	FBgn0034326
CG14505	FBgn0034327
CG14503	FBgn0040737
CR42736	FBgn0261700
CG43202	FBgn0262838
CG15066	FBgn0034328
CG18108	FBgn0034329
CG18107	FBgn0034330
CG15067	FBgn0034331
CG18106	FBgn0025583
CG16844	FBgn0040736
CG16836	FBgn0040735
CG15065	FBgn0040734
CG15068	FBgn0040733
CG5154	FBgn0064237
CG17522	FBgn0063499
CG5164	FBgn0034335
CG17523	FBgn0063498
CG17524	FBgn0063497
CR43687	FBgn0263770
CR43688	FBgn0263771
CG17525	FBgn0063496
CG17527	FBgn0063495
CG17530	FBgn0063494
CG17531	FBgn0063493
CG17533	FBgn0063492
CG17534	FBgn0063491
CG5576	FBgn0013983
CG5170	FBgn0027835
CG5174	FBgn0034345
CG12263	FBgn0034346
CG30118	FBgn0284257
CG5186	FBgn0261477
CG5189	FBgn0034350
CG30120	FBgn0050120
CG5519	FBgn0261119
CG5190	FBgn0034351
CG17669	FBgn0034352
CG30116	FBgn0028496
CG5224	FBgn0034354
CG43066	FBgn0262476
CG10924	FBgn0034356
CG17725	FBgn0003067
CG45087	FBgn0266488
CG34390	FBgn0085419
CR46271	FBgn0283428
CG30115	FBgn0050115
CG42697	FBgn0261587
CG10927	FBgn0034360
CG5497	FBgn0034361
CG5323	FBgn0034362
CG5327	FBgn0034363
CG5493	FBgn0034364
CG5489	FBgn0034366
CG5335	FBgn0034365
CG5341	FBgn0266671
CG5345	FBgn0000566
CG5482	FBgn0290561
CG30122	FBgn0050122
CR30227	FBgn0050227
CR30228	FBgn0011868
CG33724	FBgn0262595
CG5473	FBgn0034371
CG5469	FBgn0034372
CG42306	FBgn0259202
CG33136	FBgn0053136
CG15085	FBgn0023214
CG44434	FBgn0265626
CG44435	FBgn0265627
CG44433	FBgn0265625
CG42855	FBgn0262102
CG42856	FBgn0262103
CG15071	FBgn0034377
CG15073	FBgn0034379
CG15087	FBgn0034380
CR33942	FBgn0062961
CG33147	FBgn0053147
CR43507	FBgn0263522
CG15088	FBgn0034381
CG33998	FBgn0053998
CR30121	FBgn0050121
CG18609	FBgn0034382
CG17821	FBgn0034383
CG15077	FBgn0034387
CG42351	FBgn0259682
CG15078	FBgn0034389
CR30229	FBgn0050229
CR43964	FBgn0264679
CG15093	FBgn0034390
CG15080	FBgn0034391
CG15094	FBgn0034392
CG15095	FBgn0010651
CR44468	FBgn0265661
CG15096	FBgn0034394
CR43418	FBgn0263337
CR46234	FBgn0267954
CG15081	FBgn0010551
CG15097	FBgn0034396
CG15082	FBgn0034397
CG15098	FBgn0034398
CG15083	FBgn0034399
CG15099	FBgn0034400
CG15100	FBgn0034401
CG15084	FBgn0034402
CG18190	FBgn0034403
CR46485	FBgn0287616
CG15101	FBgn0010053
CG15102	FBgn0034405
CG15106	FBgn0034406
CG43069	FBgn0262479
CG43070	FBgn0262480
CG43071	FBgn0262481
CG12763	FBgn0004240
CG10794	FBgn0034407
CG43109	FBgn0262569
CG12758	FBgn0034408
CG30329	FBgn0028669
CG18608	FBgn0014269
CG15107	FBgn0041702
CG15104	FBgn0267351
CG18605	FBgn0034411
CG15105	FBgn0265356
CR43588	FBgn0263473
CG15113	FBgn0263116
CG43351	FBgn0263083
CG15115	FBgn0034413
CG15116	FBgn0034415
CG15109	FBgn0034416
CG16720	FBgn0004168
CG30125	FBgn0050125
CG15117	FBgn0034417
CG15110	FBgn0027535
CG15118	FBgn0034418
CG15111	FBgn0034419
CG15112	FBgn0000578
CR43399	FBgn0263290
CG10737	FBgn0034420
CG7097	FBgn0263395
CG7137	FBgn0034422
CG11949	FBgn0010434
CG7225	FBgn0004003
CG33454	FBgn0053454
CG33453	FBgn0053453
CR44432	FBgn0265614
CG7229	FBgn0034423
CG7230	FBgn0003254
CG11906	FBgn0034425
CG10476	FBgn0034426
CG10474	FBgn0034427
CG18606	FBgn0034428
CG18607	FBgn0034429
CG11001	FBgn0013954
CG15119	FBgn0034430
CG7417	FBgn0086358
CG7461	FBgn0034432
CG9834	FBgn0034433
CG44011	FBgn0264753
CG34045	FBgn0054045
CG9975	FBgn0034435
CG11961	FBgn0034436
CG10051	FBgn0034437
CG9416	FBgn0034438
CG10062	FBgn0034439
CG10073	FBgn0034440
CG10081	FBgn0034441
CG11257	FBgn0034442
CG17246	FBgn0261439
CG10460	FBgn0034443
CR45925	FBgn0267587
CG43443	FBgn0263391
CR43430	FBgn0263378
CR43579	FBgn0263464
CR30224	FBgn0028981
CR30225	FBgn0050225
CR30326	FBgn0050326
CG7563	FBgn0012051
CG10023	FBgn0020440
CG7626	FBgn0040273
CG7726	FBgn0013325
CR34546	FBgn0082987
CG7735	FBgn0034446
CG9291	FBgn0266711
CG9277	FBgn0284243
CG7744	FBgn0034447
CG8201	FBgn0260934
CG7753	FBgn0002716
CG11242	FBgn0034451
CG11237	FBgn0034452
CG8432	FBgn0026378
CG11228	FBgn0261456
CG15120	FBgn0034454
CG16926	FBgn0040732
CG11007	FBgn0034455
CR44472	FBgn0265665
CR30223	FBgn0050223
CG15121	FBgn0034456
CG15122	FBgn0034457
CG15904	FBgn0034458
CG9218	FBgn0003435
CG43111	FBgn0262571
CR33535	FBgn0053535
CG42878	FBgn0262170
CG16716	FBgn0034459
CR44473	FBgn0265666
CR44474	FBgn0265667
CR44503	FBgn0265696
CG42753	FBgn0261807
CG18367	FBgn0034460
CR43500	FBgn0263515
CG43277	FBgn0262966
CG15124	FBgn0034461
CG15905	FBgn0034462
CR44211	FBgn0265142
CR44212	FBgn0265143
CR44213	FBgn0265144
CR44214	FBgn0265145
CG15125	FBgn0034463
CR44504	FBgn0265697
CR42966	FBgn0262418
CR42954	FBgn0262410
CR43047	FBgn0262464
CR42952	FBgn0262408
CR42961	FBgn0262414
CR43006	FBgn0262443
CR42890	FBgn0262372
CR42903	FBgn0262380
CG11018	FBgn0034464
CG9854	FBgn0015949
CG11025	FBgn0028372
CG15127	FBgn0040730
CG34198	FBgn0085227
CR44505	FBgn0265698
CG15128	FBgn0034467
CG15126	FBgn0040729
CR44506	FBgn0265699
CG11797	FBgn0034468
CG30129	FBgn0046880
CG30128	FBgn0046879
CG11218	FBgn0034470
CR44509	FBgn0265702
CG8462	FBgn0034471
CG30450	FBgn0043533
CG8517	FBgn0034472
CR30215	FBgn0050215
CR30452	FBgn0050452
CR30218	FBgn0050218
CR30451	FBgn0011850
CR33930	FBgn0065076
CR30455	FBgn0011849
CR30453	FBgn0011848
CR30454	FBgn0050454
CR30220	FBgn0050220
CR30449	FBgn0050449
CR33452	FBgn0053452
CR33451	FBgn0053451
CR33450	FBgn0053450
CR33449	FBgn0053449
CR33448	FBgn0053448
CR33447	FBgn0053447
CR33446	FBgn0053446
CR33445	FBgn0053445
CR33444	FBgn0053444
CR33443	FBgn0053443
CR33442	FBgn0053442
CR33441	FBgn0053441
CR33440	FBgn0053440
CR33439	FBgn0053439
CR33438	FBgn0053438
CR33437	FBgn0053437
CR33436	FBgn0053436
CR33435	FBgn0053435
CR33434	FBgn0053434
CR33433	FBgn0053433
CR33432	FBgn0053432
CR33431	FBgn0053431
CR33430	FBgn0053430
CR33429	FBgn0053429
CR33428	FBgn0053428
CR33427	FBgn0053427
CR33426	FBgn0053426
CR33425	FBgn0053425
CR33424	FBgn0053424
CR33423	FBgn0053423
CR33422	FBgn0053422
CR33421	FBgn0053421
CR33420	FBgn0053420
CR33419	FBgn0053419
CR33418	FBgn0053418
CR33417	FBgn0053417
CR33416	FBgn0053416
CR33415	FBgn0053415
CR33414	FBgn0053414
CR33413	FBgn0053413
CR33412	FBgn0053412
CR33411	FBgn0053411
CR33410	FBgn0053410
CR33409	FBgn0053409
CR33408	FBgn0053408
CR33407	FBgn0053407
CR33406	FBgn0053406
CR33405	FBgn0053405
CR33404	FBgn0053404
CR33403	FBgn0053403
CR33402	FBgn0053402
CR33401	FBgn0053401
CR33400	FBgn0053400
CR33399	FBgn0053399
CR33398	FBgn0053398
CR33397	FBgn0053397
CR33396	FBgn0053396
CR33395	FBgn0053395
CR33394	FBgn0053394
CR33393	FBgn0053393
CR33392	FBgn0053392
CR33391	FBgn0053391
CR33390	FBgn0053390
CR33389	FBgn0053389
CR33388	FBgn0053388
CR33387	FBgn0053387
CR33386	FBgn0053386
CR33385	FBgn0053385
CR33384	FBgn0053384
CR33383	FBgn0053383
CR33382	FBgn0053382
CR33381	FBgn0053381
CR33380	FBgn0053380
CR33379	FBgn0053379
CR33378	FBgn0053378
CR33377	FBgn0053377
CR33376	FBgn0053376
CR33375	FBgn0053375
CR33374	FBgn0053374
CR33373	FBgn0053373
CR33372	FBgn0053372
CR33371	FBgn0053371
CR33370	FBgn0053370
CR33369	FBgn0053369
CR33368	FBgn0053368
CR33367	FBgn0053367
CR33366	FBgn0053366
CR33365	FBgn0053365
CR33364	FBgn0053364
CR33363	FBgn0053363
CR33362	FBgn0053362
CR33361	FBgn0053361
CR33360	FBgn0053360
CR33359	FBgn0053359
CR33358	FBgn0053358
CR33357	FBgn0053357
CR33356	FBgn0053356
CR33355	FBgn0053355
CR33354	FBgn0053354
CR33353	FBgn0053353
CG12501	FBgn0034473
CG13873	FBgn0034474
CR45231	FBgn0266766
CR30520	FBgn0011897
CG13874	FBgn0034475
CG8595	FBgn0034476
CG44569	FBgn0265762
CR44570	FBgn0265763
CR44571	FBgn0265764
CG30448	FBgn0043532
CR44460	FBgn0265653
CG13872	FBgn0034477
CR44572	FBgn0265765
CR44573	FBgn0265766
CR44626	FBgn0265837
CR44627	FBgn0265838
CR43421	FBgn0263340
CG42690	FBgn0261580
CG43195	FBgn0262824
CG42691	FBgn0261581
CG30447	FBgn0050447
CG10822	FBgn0034478
CG44622	FBgn0265833
CG44623	FBgn0265834
CG8654	FBgn0034479
CR30212	FBgn0050212
CR33538	FBgn0053538
CG16898	FBgn0034480
CR44628	FBgn0265839
CR44629	FBgn0265840
CR44630	FBgn0265841
CR44631	FBgn0265842
CR46445	FBgn0287215
CR46490	FBgn0287621
CR46446	FBgn0287216
CR46444	FBgn0287214
CG46443	FBgn0287213
CR44632	FBgn0265843
CR44633	FBgn0265844
CG8896	FBgn0287775
CR44634	FBgn0265845
CR44635	FBgn0265846
CR44636	FBgn0265847
CG11041	FBgn0034481
CR46534	FBgn0289443
CR45229	FBgn0266764
CG16894	FBgn0034483
CR45423	FBgn0266972
CR30214	FBgn0011869
CG11044	FBgn0034484
CR30138	FBgn0011870
CG44624	FBgn0265835
CG44625	FBgn0265836
CG11099	FBgn0034485
CG13869	FBgn0034486
CG11048	FBgn0034487
CG11208	FBgn0034488
CG11209	FBgn0034489
CG9864	FBgn0034490
CG9204	FBgn0025720
CG11055	FBgn0034491
CG9193	FBgn0005655
CG9183	FBgn0003114
CG8900	FBgn0010411
CR43812	FBgn0264360
CG8908	FBgn0034493
CG10444	FBgn0034494
CG11788	FBgn0034495
CG9143	FBgn0287774
CG9090	FBgn0034497
CG16868	FBgn0034498
CG34199	FBgn0085228
CG9036	FBgn0034499
CG8914	FBgn0026136
CR44638	FBgn0265849
CR44639	FBgn0265850
CR44640	FBgn0265851
CR44641	FBgn0265852
CG11200	FBgn0034500
CG13868	FBgn0034501
CR44642	FBgn0265853
CG13871	FBgn0034502
CG8920	FBgn0027529
CG13867	FBgn0034503
CG8929	FBgn0034504
CG16739	FBgn0034505
CG13870	FBgn0034506
CG16741	FBgn0042198
CG11192	FBgn0034507
CG12484	FBgn0086604
CR44643	FBgn0265854
CG13421	FBgn0034509
CG30142	FBgn0043534
CG30141	FBgn0043535
CR44644	FBgn0265855
CR44645	FBgn0265856
CR44646	FBgn0265857
CR44647	FBgn0265858
CR44648	FBgn0265859
CR44649	FBgn0265860
CG13426	FBgn0034510
CR44650	FBgn0265861
CG13422	FBgn0034511
CG30151	FBgn0050151
CR44651	FBgn0265862
CG30154	FBgn0050154
CG18067	FBgn0034512
CG13423	FBgn0034513
CG13427	FBgn0034514
CG13428	FBgn0034515
CR44652	FBgn0265863
CG30148	FBgn0050148
CG30145	FBgn0050145
CG18066	FBgn0034517
CG30150	FBgn0043536
CG13430	FBgn0034518
CG18065	FBgn0034519
CG13424	FBgn0034520
CG13431	FBgn0034521
CR44653	FBgn0265864
CG43308	FBgn0263000
CG13432	FBgn0028622
CR42995	FBgn0262436
CR42943	FBgn0262402
CR43017	FBgn0262450
CR43003	FBgn0262441
CR42918	FBgn0262211
CR42934	FBgn0262227
CR43041	FBgn0262334
CG13434	FBgn0034523
CG13425	FBgn0267791
CR42883	FBgn0262370
CG30147	FBgn0050147
CG9945	FBgn0034527
CG11180	FBgn0034528
CG16742	FBgn0034529
CG11175	FBgn0034530
CG30149	FBgn0250850
CG13436	FBgn0034532
CG9954	FBgn0034534
CG11110	FBgn0034535
CG33786	FBgn0061361
CG33785	FBgn0061362
CG11132	FBgn0034537
CG11136	FBgn0034540
CG16799	FBgn0034538
CG11159	FBgn0034539
CR30155	FBgn0050155
CR30211	FBgn0050211
CG13437	FBgn0034541
CG9025	FBgn0034542
CG8994	FBgn0000615
CG30152	FBgn0034543
CG13441	FBgn0041240
CR44659	FBgn0265870
CG13438	FBgn0034545
CG13439	FBgn0040726
CR44660	FBgn0265871
CG13442	FBgn0034546
CG34201	FBgn0085230
CG34202	FBgn0085231
CR44665	FBgn0265876
CG13443	FBgn0034548
CG43709	FBgn0263848
CG43710	FBgn0263849
CG43711	FBgn0263850
CG44666	FBgn0265877
CG43666	FBgn0263741
CG43667	FBgn0263742
CG43677	FBgn0263760
CG43668	FBgn0263743
CG15225	FBgn0034551
CG11312	FBgn0011674
CG9985	FBgn0016984
CR44667	FBgn0265878
CG17999	FBgn0034552
CG9993	FBgn0034553
CG15227	FBgn0034554
CG15231	FBgn0040653
CG33990	FBgn0067905
CG30295	FBgn0050295
CG9236	FBgn0034558
CG10036	FBgn0015524
CR43160	FBgn0262690
CG9235	FBgn0034560
CG10052	FBgn0020617
CG10067	FBgn0000044
CR33780	FBgn0065059
CG33704	FBgn0053704
CG33152	FBgn0008636
CG15649	FBgn0034563
CG34115	FBgn0083951
CG9344	FBgn0034564
CG15650	FBgn0034565
CG9313	FBgn0034566
CG15651	FBgn0034567
CG3216	FBgn0034568
CG3221	FBgn0034569
CG9327	FBgn0261394
CG10543	FBgn0034570
CG30291	FBgn0050291
CG33133	FBgn0001133
CG9346	FBgn0034572
CG3295	FBgn0034573
CG30296	FBgn0050296
CG9350	FBgn0034576
CR45148	FBgn0266641
CG3722	FBgn0003391
CG10540	FBgn0289712
CG15653	FBgn0034578
CG9353	FBgn0034579
CG9357	FBgn0034580
CG30293	FBgn0050293
CG3986	FBgn0022700
CG10531	FBgn0034582
CR44703	FBgn0265914
CG10527	FBgn0034583
CR44704	FBgn0265915
CG9364	FBgn0003748
CG4030	FBgn0034585
CG34396	FBgn0085425
CG4038	FBgn0011824
CG9398	FBgn0015721
CG9394	FBgn0034588
CG4050	FBgn0020312
CG9401	FBgn0002736
CG30388	FBgn0034590
CG9406	FBgn0034592
CG9415	FBgn0021872
CG9418	FBgn0026582
CG15657	FBgn0034595
CG30389	FBgn0050389
CR30206	FBgn0050206
CR30207	FBgn0011871
CR30208	FBgn0050208
CG4266	FBgn0034598
CG9437	FBgn0034599
CG4279	FBgn0261067
CG9433	FBgn0261850
CG9441	FBgn0003162
CG4286	FBgn0034601
CR33539	FBgn0053539
CR30209	FBgn0050209
CR30210	FBgn0011872
CG9450	FBgn0003891
CG15658	FBgn0034602
CG44245	FBgn0265180
CG44244	FBgn0265191
CG4302	FBgn0027073
CG15661	FBgn0034605
CG18375	FBgn0034606
CG34397	FBgn0085426
CG30391	FBgn0050391
CG30393	FBgn0050393
CG34203	FBgn0085232
CG10069	FBgn0034611
CG10505	FBgn0034612
CG30392	FBgn0050392
CG30390	FBgn0050390
CG10071	FBgn0016726
CG9752	FBgn0034614
CG42672	FBgn0261554
CR44724	FBgn0265937
CR45149	FBgn0266642
CG9754	FBgn0034617
CG9485	FBgn0034618
CG33655	FBgn0250824
CG30394	FBgn0050394
CG9696	FBgn0020306
CR34652	FBgn0086023
CR34547	FBgn0082972
CR34548	FBgn0082971
CR33765	FBgn0086669
CR34653	FBgn0086024
CR34549	FBgn0082963
CR34550	FBgn0082970
CR34551	FBgn0083018
CR34552	FBgn0082969
CR34553	FBgn0083017
CR34554	FBgn0082968
CR34555	FBgn0083016
CR34654	FBgn0086025
CR34556	FBgn0083046
CR34557	FBgn0083045
CR33916	FBgn0065102
CG15666	FBgn0034622
CG9822	FBgn0034623
CG17974	FBgn0034624
CG15671	FBgn0000395
CG10795	FBgn0034626
CG9841	FBgn0034627
CG9707	FBgn0034628
CG9709	FBgn0034629
CG10497	FBgn0010415
CG15667	FBgn0026369
CG9847	FBgn0010470
CG46395	FBgn0286873
CG10496	FBgn0034631
CG15669	FBgn0043070
CG10494	FBgn0034634
CG30288	FBgn0050288
CG30289	FBgn0050289
CG10079	FBgn0003731
CR44725	FBgn0265938
CG30286	FBgn0050286
CG30287	FBgn0050287
CG33226	FBgn0069056
CG30283	FBgn0260477
CG10440	FBgn0034636
CG30222	FBgn0050222
CG33225	FBgn0053225
CR45150	FBgn0266643
CG10433	FBgn0034638
CR43243	FBgn0262888
CG15673	FBgn0034639
CG18870	FBgn0042180
CG9858	FBgn0000326
CG9856	FBgn0016641
CG10080	FBgn0034641
CR42547	FBgn0260720
CG15674	FBgn0034642
CG10321	FBgn0034643
CG10082	FBgn0034644
CG30284	FBgn0050284
CR43786	FBgn0264327
CG10320	FBgn0034645
CG9862	FBgn0034646
CG15678	FBgn0034647
CR44748	FBgn0265961
CG42362	FBgn0259708
CG42363	FBgn0259709
CG42364	FBgn0259710
CG42365	FBgn0259711
CG9865	FBgn0034649
CG42379	FBgn0259725
CG42380	FBgn0259726
CG42381	FBgn0259727
CG10318	FBgn0034650
CG15676	FBgn0034651
CG30263	FBgn0050263
CG10306	FBgn0034654
CG9874	FBgn0003687
CG30285	FBgn0050285
CG10307	FBgn0034655
CG9878	FBgn0027360
CG42497	FBgn0260223
CG30290	FBgn0050290
CG42496	FBgn0260222
CG17922	FBgn0266346
CG17921	FBgn0010228
CG17950	FBgn0004362
CR44749	FBgn0265962
CG30403	FBgn0050403
CG30404	FBgn0050404
CG30398	FBgn0050398
CG17952	FBgn0034657
CR44750	FBgn0265963
CG7975	FBgn0034658
CR43983	FBgn0264715
CG43982	FBgn0264714
CR43984	FBgn0264716
CG30395	FBgn0050395
CG4021	FBgn0034659
CG4402	FBgn0034660
CG34204	FBgn0085233
CG18735	FBgn0042098
CG4386	FBgn0034661
CR9284	FBgn0046297
CG13492	FBgn0034662
CG34040	FBgn0054040
CG4363	FBgn0034663
CG4377	FBgn0034664
CG4372	FBgn0034665
CR30407	FBgn0050407
CR30406	FBgn0050406
CG9294	FBgn0034666
CG13493	FBgn0034667
CG34368	FBgn0085397
CG3245	FBgn0025573
CG43742	FBgn0263999
CG13488	FBgn0034670
CG43405	FBgn0263324
CG13494	FBgn0034671
CG34369	FBgn0085398
CG34029	FBgn0054029
CG9304	FBgn0034674
CG13491	FBgn0041237
CG13495	FBgn0041238
CG30396	FBgn0041239
CG30401	FBgn0050401
CG34370	FBgn0085399
CG9308	FBgn0034681
CG10138	FBgn0005778
CG13500	FBgn0034683
CG13501	FBgn0034684
CG44248	FBgn0265192
CG44249	FBgn0265184
CG11475	FBgn0034687
CG11474	FBgn0034688
CG2921	FBgn0034689
CG6437	FBgn0067102
CG6562	FBgn0034691
CG13502	FBgn0034692
CG43393	FBgn0263250
CG44163	FBgn0265046
CG11073	FBgn0034693
CG6613	FBgn0034694
CG13503	FBgn0243516
CG30280	FBgn0050280
CG30281	FBgn0050281
CG5303	FBgn0002715
CG11061	FBgn0034697
CG6698	FBgn0029147
CG34205	FBgn0085234
CG6741	FBgn0000008
CG11269	FBgn0034700
CG6727	FBgn0029084
CG34206	FBgn0085235
CG3045	FBgn0034703
CG6758	FBgn0034704
CR45151	FBgn0266644
CG11170	FBgn0034705
CR30279	FBgn0050279
CG11275	FBgn0034706
CG5465	FBgn0034707
CG5625	FBgn0034708
CG3074	FBgn0034709
CR34656	FBgn0086027
CR45376	FBgn0266925
CG3292	FBgn0034710
CG3290	FBgn0283480
CG3264	FBgn0034712
CG11291	FBgn0034713
CG5709	FBgn0025186
CG30278	FBgn0050278
CG30277	FBgn0050277
CG3382	FBgn0034715
CG3380	FBgn0034716
CR44755	FBgn0265976
CG5799	FBgn0020307
CR43422	FBgn0263341
CG5819	FBgn0034717
CG3413	FBgn0034718
CR44758	FBgn0265979
CG5820	FBgn0013272
CR44756	FBgn0265977
CG34207	FBgn0085236
CG3425	FBgn0017482
CG32885	FBgn0016053
CG34208	FBgn0085237
CG11206	FBgn0034720
CG11298	FBgn0034721
CR44759	FBgn0265980
CG10955	FBgn0034722
CR45327	FBgn0266866
CG10382	FBgn0025878
CG13506	FBgn0034723
CR44757	FBgn0265978
CG3624	FBgn0034724
CR44760	FBgn0265981
CG6044	FBgn0034725
CG33200	FBgn0053200
CG3584	FBgn0022984
CG11301	FBgn0034726
CG3613	FBgn0022986
CG5821	FBgn0022985
CR45152	FBgn0266645
CG3633	FBgn0034727
CG6339	FBgn0034728
CG46442	FBgn0287212
CG10344	FBgn0034729
CG10972	FBgn0034730
CG10384	FBgn0034731
CG45062	FBgn0266432
CG45063	FBgn0266433
CG4752	FBgn0034733
CG4554	FBgn0034734
CG4610	FBgn0034735
CG4444	FBgn0003175
CG6018	FBgn0034736
CG11362	FBgn0034737
CG12489	FBgn0260866
CG3927	FBgn0034739
CR45328	FBgn0266867
CG4269	FBgn0034741
CG4294	FBgn0034742
CG4046	FBgn0034743
CR34657	FBgn0086028
CR34558	FBgn0083005
CR34559	FBgn0083004
CR34560	FBgn0083003
CR34561	FBgn0082925
CG4071	FBgn0034744
CG4329	FBgn0034745
CG33143	FBgn0053143
CG17807	FBgn0034748
CG5179	FBgn0019949
CG4207	FBgn0026261
CG3732	FBgn0034750
CG3751	FBgn0261596
CG4414	FBgn0040091
CG2852	FBgn0034753
CG30195	FBgn0050195
CG34446	FBgn0085475
CG34445	FBgn0085474
CG3746	FBgn0034755
CG3875	FBgn0034740
CG4373	FBgn0034756
CG30196	FBgn0050196
CG43325	FBgn0263030
CG43326	FBgn0263031
CR45268	FBgn0266806
CG13510	FBgn0034758
CG13511	FBgn0034759
CG42565	FBgn0260767
CG42566	FBgn0260768
CG4250	FBgn0034761
CG42867	FBgn0262141
CR45269	FBgn0266807
CR42868	FBgn0262142
CG30269	FBgn0050269
CG30273	FBgn0050273
CG13516	FBgn0040658
CG12190	FBgn0034763
CR44761	FBgn0265982
CG9952	FBgn0020257
CR44762	FBgn0265983
CR44763	FBgn0265984
CR44764	FBgn0265985
CG13521	FBgn0005631
CG30259	FBgn0050259
CG13517	FBgn0034766
CG13518	FBgn0034768
CG13524	FBgn0034769
CG13519	FBgn0034770
CR43735	FBgn0263992
CG30275	FBgn0050275
CG30268	FBgn0050268
CG30092	FBgn0289650
CG42260	FBgn0259145
CG13526	FBgn0034774
CR30267	FBgn0050267
CG13527	FBgn0034776
CG30270	FBgn0061435
CG3612	FBgn0011211
CG3510	FBgn0000405
CG3622	FBgn0086408
CG30271	FBgn0050271
CG42284	FBgn0259179
CG30274	FBgn0050274
CG30272	FBgn0050272
CG30265	FBgn0050265
CG12490	FBgn0034782
CG9825	FBgn0034783
CG9826	FBgn0034784
CG3649	FBgn0034785
CG13531	FBgn0034786
CG3661	FBgn0010078
CG3504	FBgn0001263
CG3668	FBgn0004896
CG13532	FBgn0034788
CR45469	FBgn0267025
CG3682	FBgn0034789
CG3501	FBgn0034791
CG3499	FBgn0034792
CG13533	FBgn0034793
CG3495	FBgn0267823
CG3695	FBgn0034795
CG3700	FBgn0034796
CG12781	FBgn0034797
CG30187	FBgn0050187
CG3820	FBgn0010660
CG42678	FBgn0261564
CG3788	FBgn0034800
CG3800	FBgn0034802
CG9849	FBgn0034803
CG3831	FBgn0034804
CG42694	FBgn0261584
CR46281	FBgn0283547
CR32835	FBgn0052835
CR44780	FBgn0266007
CG32834	FBgn0052834
CG32833	FBgn0052833
CR43536	FBgn0263551
CG2956	FBgn0003900
CR42742	FBgn0261706
CG9897	FBgn0034807
CG9896	FBgn0034808
CG42741	FBgn0261705
CG44252	FBgn0265187
CG44253	FBgn0265188
CG9893	FBgn0010622
CG9890	FBgn0034814
CG42640	FBgn0261363
CG3082	FBgn0021979
CR30201	FBgn0050201
CR30202	FBgn0050202
CG9888	FBgn0003062
CR33684	FBgn0065073
CG3085	FBgn0034816
CG9882	FBgn0034817
CG43659	FBgn0263707
CG30189	FBgn0045483
CG30191	FBgn0045482
CG9877	FBgn0034819
CG13538	FBgn0034820
CG9876	FBgn0034821
CG9873	FBgn0034822
CG42703	FBgn0261614
CG30186	FBgn0041235
CG30330	FBgn0041236
CR44781	FBgn0266008
CR44782	FBgn0266009
CG3219	FBgn0034824
CR44455	FBgn0265648
CR44456	FBgn0265649
CG3215	FBgn0034825
CG30192	FBgn0050192
CG13544	FBgn0034826
CG12192	FBgn0034827
CG43207	FBgn0262843
CG9899	FBgn0034829
CG13545	FBgn0034828
CG34371	FBgn0085400
CG13539	FBgn0034833
CG3162	FBgn0034834
CG3092	FBgn0034835
CG13549	FBgn0040063
CG9871	FBgn0034837
CG12782	FBgn0034838
CG13540	FBgn0034839
CG3134	FBgn0003009
CG3124	FBgn0034840
CG13541	FBgn0034841
CR44783	FBgn0266010
CG9868	FBgn0034842
CG43352	FBgn0263084
CG30412	FBgn0050412
CG30416	FBgn0050416
CG9861	FBgn0034844
CG30417	FBgn0050417
CG30413	FBgn0050413
CG3502	FBgn0046253
CG9863	FBgn0034846
CG34210	FBgn0085239
CR30409	FBgn0050409
CG30410	FBgn0050410
CG3500	FBgn0034849
CG9875	FBgn0034850
CR44168	FBgn0265053
CG34423	FBgn0085452
CG34424	FBgn0085453
CG3496	FBgn0003977
CG13550	FBgn0034853
CG3493	FBgn0034854
CG13551	FBgn0040660
CG9889	FBgn0041712
CG9891	FBgn0034856
CR44784	FBgn0266011
CG30414	FBgn0050414
CG30415	FBgn0250838
CG10315	FBgn0034858
CG3530	FBgn0028497
CG3520	FBgn0034859
CG9812	FBgn0034860
CG30411	FBgn0050411
CG9815	FBgn0034861
CG9820	FBgn0026384
CG43795	FBgn0264339
CG12227	FBgn0034863
CG3569	FBgn0034865
CG17226	FBgn0034866
CG13557	FBgn0034867
CR43792	FBgn0264336
CR43793	FBgn0264337
CG13558	FBgn0034869
CG13559	FBgn0034870
CR43794	FBgn0264338
CG3906	FBgn0034871
CG3870	FBgn0015372
CG5360	FBgn0261786
CG17632	FBgn0000241
CG30181	FBgn0050181
CG33151	FBgn0041233
CG33150	FBgn0041234
CG30185	FBgn0050185
CG3957	FBgn0034876
CG17280	FBgn0034877
CG3941	FBgn0034878
CG5370	FBgn0010501
CG3931	FBgn0034879
CG5372	FBgn0034880
CG5373	FBgn0015277
CG30184	FBgn0050184
CG5393	FBgn0015903
CG42559	FBgn0260761
CG42560	FBgn0260762
CG33706	FBgn0067903
CG10332	FBgn0260455
CG43209	FBgn0262845
CG5398	FBgn0034882
CG17664	FBgn0034883
CG17662	FBgn0034884
CG4019	FBgn0034885
CG5403	FBgn0004795
CR45153	FBgn0266646
CG45019	FBgn0266377
CG5428	FBgn0034887
CG44167	FBgn0265052
CG4533	FBgn0011296
CG5472	FBgn0262728
CG30183	FBgn0050183
CG12273	FBgn0016762
CG5479	FBgn0034893
CG4091	FBgn0034894
CG11295	FBgn0013548
CG4084	FBgn0011297
CG5504	FBgn0002174
CR45326	FBgn0266865
CG11299	FBgn0034897
CG46429	FBgn0286932
CG18128	FBgn0034898
CR45325	FBgn0266864
CR43528	FBgn0263543
CG4051	FBgn0000562
CG13560	FBgn0034899
CG34105	FBgn0083941
CG12491	FBgn0034900
CG11300	FBgn0034901
CG5532	FBgn0034902
CG9850	FBgn0034903
CG15800	FBgn0034904
CG30177	FBgn0050177
CG13561	FBgn0034906
CG5539	FBgn0034907
CG4817	FBgn0010278
CG5543	FBgn0034908
CG12752	FBgn0028411
CG4797	FBgn0034909
CR44807	FBgn0266042
CG5549	FBgn0034911
CG4763	FBgn0034910
CR33913	FBgn0086659
CR44805	FBgn0266040
CG46398	FBgn0286876
CG4735	FBgn0003401
CG11173	FBgn0290324
CG5554	FBgn0034914
CG18426	FBgn0021895
CG17611	FBgn0034915
CR45928	FBgn0267590
CG5562	FBgn0024234
CG30170	FBgn0004581
CG30176	FBgn0034918
CG10327	FBgn0025790
CG4585	FBgn0025335
CG5569	FBgn0034919
CG4581	FBgn0025352
CG5575	FBgn0011236
CG11303	FBgn0020372
CG4882	FBgn0025336
CG11182	FBgn0025334
CG5597	FBgn0034920
CG11183	FBgn0034921
CG5602	FBgn0262619
CG11184	FBgn0034923
CG17658	FBgn0034924
CG5339	FBgn0034925
CG5591	FBgn0263667
CG13562	FBgn0034928
CG5330	FBgn0015268
CR45926	FBgn0267588
CG5594	FBgn0261794
CR44806	FBgn0266041
CG3725	FBgn0263006
CG2812	FBgn0034931
CG3735	FBgn0034933
CG2827	FBgn0023477
CG2835	FBgn0001123
CG13565	FBgn0034935
CG2970	FBgn0034936
CG16783	FBgn0034937
CG3803	FBgn0034938
CG2980	FBgn0034939
CG16787	FBgn0034940
CG2987	FBgn0029105
CG13566	FBgn0034942
CG3006	FBgn0034943
CG3017	FBgn0020764
CG34213	FBgn0085242
CG3029	FBgn0003008
CG10904	FBgn0034945
CG3065	FBgn0034946
CG3060	FBgn0002791
CG3825	FBgn0034948
CG3090	FBgn0005612
CG3832	FBgn0283509
CG30178	FBgn0050178
CG3105	FBgn0034950
CG3860	FBgn0034951
CR42994	FBgn0262435
CG33519	FBgn0053519
CG4324	FBgn0034956
CG3121	FBgn0034957
CG3907	FBgn0034958
CG11388	FBgn0034959
CR45350	FBgn0266889
CG3140	FBgn0283494
CG11390	FBgn0011695
CG30173	FBgn0061198
CG3163	FBgn0034961
CG30172	FBgn0050172
CG3924	FBgn0013764
CG3167	FBgn0034962
CG13567	FBgn0034963
CG3173	FBgn0034964
CG4254	FBgn0011726
CG3988	FBgn0028552
CG3182	FBgn0003353
CG13568	FBgn0034965
CG13563	FBgn0034966
CG3186	FBgn0285952
CR44814	FBgn0266049
CG3195	FBgn0034968
CG3997	FBgn0023170
CG3204	FBgn0283666
CG4005	FBgn0034970
CG3209	FBgn0034971
CG42309	FBgn0259209
CG10339	FBgn0034972
CG13564	FBgn0034973
CG16786	FBgn0034974
CG3231	FBgn0086129
CG4012	FBgn0023081
CG11290	FBgn0034975
CG4049	FBgn0034976
CG3253	FBgn0041706
CG3257	FBgn0034978
CG43775	FBgn0264297
CG43776	FBgn0264298
CG43777	FBgn0264299
CG4057	FBgn0041582
CG3260	FBgn0021875
CG4065	FBgn0034982
CR44826	FBgn0266073
CG3318	FBgn0287831
CG42568	FBgn0260770
CG42567	FBgn0260775
CG13570	FBgn0015544
CG3328	FBgn0034985
CG4326	FBgn0034986
CG3333	FBgn0259937
CR32884	FBgn0026169
CR34562	FBgn0082935
CR34563	FBgn0082934
CR34564	FBgn0082933
CR34565	FBgn0082932
CR42804	FBgn0261973
CR42805	FBgn0261974
CG3363	FBgn0266083
CG3362	FBgn0034988
CG3356	FBgn0034989
CG11406	FBgn0034990
CG30419	FBgn0050419
CR44827	FBgn0266074
CG30418	FBgn0050418
CG13576	FBgn0034994
CG13575	FBgn0034996
CG3376	FBgn0034997
CG13577	FBgn0034998
CG3385	FBgn0005636
CG3394	FBgn0034999
CR43531	FBgn0263546
CG3401	FBgn0288686
CR44810	FBgn0266045
CG4354	FBgn0005638
CR44282	FBgn0265309
CG3411	FBgn0004101
CG44812	FBgn0266047
CR44811	FBgn0266046
CR33537	FBgn0053537
CG13578	FBgn0035000
CG4356	FBgn0000037
CR44813	FBgn0266048
CG4527	FBgn0035001
CG3416	FBgn0002787
CG4545	FBgn0010414
CG45068	FBgn0266438
CG45069	FBgn0266439
CG42310	FBgn0259210
CG42383	FBgn0259729
CG15873	FBgn0035003
CG15874	FBgn0035004
CG3483	FBgn0035005
CG4563	FBgn0035006
CG13579	FBgn0035010
CG3492	FBgn0035007
CG3494	FBgn0035008
CG16837	FBgn0035009
CG13589	FBgn0035011
CG13590	FBgn0035012
CG13580	FBgn0029501
CR42645	FBgn0061188
CG13591	FBgn0015300
CG4569	FBgn0017556
CG13581	FBgn0035014
CG4589	FBgn0284252
CG42289	FBgn0259185
CR42290	FBgn0259186
CG42291	FBgn0259187
CR44223	FBgn0265154
CG4612	FBgn0035016
CG30169	FBgn0050169
CG13592	FBgn0035019
CG13585	FBgn0035020
CG4622	FBgn0035021
CG11413	FBgn0035022
CG13586	FBgn0035023
CG4634	FBgn0016687
CG11414	FBgn0035024
CG11416	FBgn0035025
CG12252	FBgn0035026
CG3511	FBgn0035027
CG3522	FBgn0035028
CG33527	FBgn0053527
CG4681	FBgn0069913
CG3541	FBgn0020521
CG13587	FBgn0035031
CG4692	FBgn0035032
CG3548	FBgn0035033
CG3565	FBgn0035034
CG3570	FBgn0035035
CG4707	FBgn0035036
CG42360	FBgn0259742
CG42361	FBgn0259707
CG4741	FBgn0035040
CG3608	FBgn0035039
CG13594	FBgn0035041
CR43787	FBgn0264328
CG3616	FBgn0015040
CG3640	FBgn0035042
CG4781	FBgn0035043
CG3663	FBgn0035044
CG30163	FBgn0050163
CG30161	FBgn0050161
CG3683	FBgn0035046
CG34214	FBgn0085243
CG4806	FBgn0260456
CG33228	FBgn0261373
CG3691	FBgn0035047
CG4859	FBgn0035049
CG4871	FBgn0035050
CG33988	FBgn0053988
CR44828	FBgn0266086
CG30421	FBgn0050421
CG9196	FBgn0035056
CG3880	FBgn0035057
CG12848	FBgn0040666
CG3894	FBgn0035059
CG16936	FBgn0027590
CG16932	FBgn0035060
CG12196	FBgn0086908
CR44067	FBgn0264876
CG16914	FBgn0025578
CG3594	FBgn0035063
CG16912	FBgn0035064
CG3589	FBgn0035065
CG16910	FBgn0041205
CG2928	FBgn0015801
CR43257	FBgn0262902
CG18105	FBgn0028738
CG2917	FBgn0023181
CG12849	FBgn0035068
CG3611	FBgn0035069
CG42851	FBgn0262098
CG3629	FBgn0000157
CG3650	FBgn0035070
CR44829	FBgn0266087
CG44246	FBgn0265193
CG16896	FBgn0035073
CG30423	FBgn0050423
CG44247	FBgn0265182
CR43466	FBgn0263443
CG34413	FBgn0085442
CG10142	FBgn0035076
CG34405	FBgn0085434
CG2857	FBgn0035078
CG9083	FBgn0035077
CG30425	FBgn0066084
CG15860	FBgn0060296
CG30427	FBgn0043792
CG3760	FBgn0022343
CG2811	FBgn0035082
CG2803	FBgn0035083
CG15861	FBgn0035084
CG3770	FBgn0035085
CG2790	FBgn0027599
CG12851	FBgn0035086
CR44830	FBgn0266088
CG2765	FBgn0035087
CG30424	FBgn0050424
CG2746	FBgn0285950
CG3776	FBgn0035088
CG9358	FBgn0035089
CG2736	FBgn0035090
CR45252	FBgn0266787
CG2727	FBgn0010435
CG3829	FBgn0035091
CG15792	FBgn0287873
CG3533	FBgn0004055
CG3441	FBgn0035092
CG2692	FBgn0001147
CG3388	FBgn0001148
CG2679	FBgn0004919
CR30198	FBgn0050198
CR30199	FBgn0050199
CR30200	FBgn0050200
CG16778	FBgn0266129
CG30430	FBgn0050430
CG43106	FBgn0262566
CG34038	FBgn0054038
CG42478	FBgn0259968
CG2665	FBgn0011694
CG2668	FBgn0004181
CG9380	FBgn0035094
CG3340	FBgn0001325
CG30429	FBgn0050429
CG33680	FBgn0053680
CG30428	FBgn0050428
CG32475	FBgn0052475
CG43149	FBgn0262679
CG6821	FBgn0002564
CR44510	FBgn0265703
CR44511	FBgn0265704
CR43150	FBgn0262680
CR43988	FBgn0264720
CG13405	FBgn0035097
CG12483	FBgn0040688
CR45401	FBgn0266950
CR45402	FBgn0266951
CR45400	FBgn0266949
CG1210	FBgn0020386
CR45805	FBgn0267455
CG6845	FBgn0035099
CG7051	FBgn0263988
CG1212	FBgn0035101
CR43151	FBgn0262681
CG7049	FBgn0035102
CR45806	FBgn0267456
CG7047	FBgn0035103
CG13875	FBgn0035104
CG34099	FBgn0083992
CG34140	FBgn0083976
CG6851	FBgn0027786
CG7036	FBgn0035106
CG1216	FBgn0035107
CG18374	FBgn0025592
CG7067	FBgn0024945
CG13876	FBgn0035109
CG7028	FBgn0027587
CG17143	FBgn0035110
CG16940	FBgn0035111
CG1220	FBgn0063923
CR33790	FBgn0063924
CG17142	FBgn0035113
CG13877	FBgn0035112
CG33229	FBgn0053229
CR42862	FBgn0262109
CG42846	FBgn0262035
CG34454	FBgn0085483
CG34453	FBgn0085482
CG32346	FBgn0000541
CG32476	FBgn0052476
CG7020	FBgn0024806
CG13879	FBgn0035120
CG7008	FBgn0035121
CR43585	FBgn0263470
CR34630	FBgn0083014
CG13880	FBgn0035122
CG34263	FBgn0085292
CG1221	FBgn0027111
CG18321	FBgn0029002
CG32845	FBgn0052845
CG12313	FBgn0035124
CG43976	FBgn0264707
CG7004	FBgn0004373
CG34264	FBgn0284444
CG32344	FBgn0052344
CG32343	FBgn0052343
CG1228	FBgn0261985
CG17084	FBgn0035131
CG17061	FBgn0035132
CG6936	FBgn0023000
CG1231	FBgn0035134
CG6905	FBgn0265574
CG16988	FBgn0040291
CG1233	FBgn0035137
CG13884	FBgn0035138
CG42865	FBgn0262139
CR45378	FBgn0266927
CR43969	FBgn0264700
CG13891	FBgn0035139
CG17046	FBgn0001316
CR33660	FBgn0065092
CG34267	FBgn0085296
CG34268	FBgn0085297
CR46002	FBgn0267664
CR45118	FBgn0266593
CR45117	FBgn0266592
CG34269	FBgn0085298
CG17180	FBgn0035140
CG13892	FBgn0035141
CG17090	FBgn0035142
CR46249	FBgn0267982
CR45808	FBgn0267458
CG12169	FBgn0035143
CG17181	FBgn0035144
CG12031	FBgn0035145
CG13893	FBgn0035146
CR45807	FBgn0267457
CG3200	FBgn0016715
CR44513	FBgn0265706
CR42719	FBgn0261636
CR43337	FBgn0263042
CR43334	FBgn0286827
CR43423	FBgn0263342
CR43018	FBgn0262451
CG12030	FBgn0035147
CG3402	FBgn0035148
CG17183	FBgn0035149
CG12189	FBgn0035150
CG17129	FBgn0035151
CG3386	FBgn0035152
CG3371	FBgn0035153
CG3344	FBgn0035154
CG32483	FBgn0052483
CG12015	FBgn0035155
CG3279	FBgn0260862
CG13894	FBgn0035157
CR44514	FBgn0265707
CG13895	FBgn0035158
CG3217	FBgn0025676
CG13896	FBgn0035159
CR45411	FBgn0266960
CR43785	FBgn0264310
CG13897	FBgn0035160
CR32482	FBgn0052482
CG1007	FBgn0000575
CR32480	FBgn0052480
CR32481	FBgn0052481
CG13898	FBgn0035161
CR44537	FBgn0265730
CR43883	FBgn0264475
CG13900	FBgn0035162
CR45184	FBgn0266694
CR34691	FBgn0086062
CR34692	FBgn0086063
CR34693	FBgn0086064
CR34694	FBgn0086065
CR34695	FBgn0086066
CR34696	FBgn0086067
CR34631	FBgn0083057
CR34632	FBgn0082973
CR34633	FBgn0083058
CG42553	FBgn0260755
CG42554	FBgn0260756
CG13901	FBgn0035164
CG13887	FBgn0035165
CG13902	FBgn0035166
CG13888	FBgn0035167
CG13889	FBgn0035168
CG13890	FBgn0035169
CG12191	FBgn0035170
CG12502	FBgn0035171
CG32479	FBgn0052479
CG13907	FBgn0035173
CR43591	FBgn0263476
CR43576	FBgn0263461
CG34056	FBgn0054056
CG34057	FBgn0054057
CR46200	FBgn0267919
CG13905	FBgn0035176
CG13906	FBgn0028999
CG43946	FBgn0264574
CR45809	FBgn0267459
CR45810	FBgn0267460
CG12038	FBgn0035179
CG18214	FBgn0024277
CR45811	FBgn0267461
CG9205	FBgn0035181
CG9097	FBgn0004870
CG9102	FBgn0025525
CG13912	FBgn0035186
CG9122	FBgn0035187
CG9120	FBgn0004431
CG1200	FBgn0040281
CG43772	FBgn0264272
CG32335	FBgn0063667
CG9119	FBgn0035189
CG1179	FBgn0004425
CR9111	FBgn0004426
CG9118	FBgn0004427
CG1180	FBgn0004428
CG9116	FBgn0004429
CG1165	FBgn0004430
CG33965	FBgn0053965
CG33966	FBgn0053966
CR45747	FBgn0267311
CG9194	FBgn0035192
CG9192	FBgn0035193
CG9191	FBgn0004378
CG32318	FBgn0052318
CG9187	FBgn0035194
CG9128	FBgn0283500
CG9129	FBgn0035196
CG9130	FBgn0035197
CG9133	FBgn0035198
CG9134	FBgn0035199
CG32333	FBgn0052333
CG9139	FBgn0262937
CG9148	FBgn0025682
CG2248	FBgn0010333
CG9149	FBgn0035203
CG2277	FBgn0035204
CG2469	FBgn0035205
CG9186	FBgn0035206
CG9153	FBgn0035207
CG9155	FBgn0010246
CG9184	FBgn0035208
CR45166	FBgn0266676
CG9160	FBgn0011361
CG13914	FBgn0035209
CG2213	FBgn0035210
CG2211	FBgn0035211
CG9165	FBgn0010786
CG2199	FBgn0035213
CG9181	FBgn0267487
CG9166	FBgn0029514
CG1214	FBgn0003295
CR32330	FBgn0052330
CR32328	FBgn0052328
CR32329	FBgn0052329
CR32327	FBgn0011851
CR32326	FBgn0011852
CR32325	FBgn0011853
CR32324	FBgn0052324
CG32320	FBgn0052320
CR32323	FBgn0011854
CR32322	FBgn0011855
CG9168	FBgn0035216
CG9169	FBgn0035217
CG9173	FBgn0035218
CG13916	FBgn0043865
CR44842	FBgn0266116
CG1004	FBgn0004635
CG32319	FBgn0052319
CG33166	FBgn0020248
CG1014	FBgn0028567
CR43701	FBgn0263839
CR33656	FBgn0086670
CG12084	FBgn0043458
CR45812	FBgn0267462
CG12085	FBgn0028577
CR43586	FBgn0263471
CG1009	FBgn0261243
CG12086	FBgn0011204
CG12090	FBgn0035227
CG33971	FBgn0053971
CG12091	FBgn0035228
CG7852	FBgn0035229
CG32313	FBgn0052313
CG1049	FBgn0041342
CR45813	FBgn0267463
CG18330	FBgn0035231
CG12099	FBgn0035232
CG7864	FBgn0035233
CG7879	FBgn0035235
CG12003	FBgn0035234
CG12004	FBgn0035236
CG13917	FBgn0035237
CG12104	FBgn0035238
CG18170	FBgn0035239
CG33791	FBgn0035240
CG12105	FBgn0035241
CG13926	FBgn0035243
CR45814	FBgn0267464
CG7955	FBgn0035244
CG33230	FBgn0053230
CG13927	FBgn0035245
CG13928	FBgn0035246
CG17248	FBgn0013342
CG13929	FBgn0035247
CG7959	FBgn0013753
CG7961	FBgn0025725
CG13919	FBgn0035248
CG17249	FBgn0035249
CG7960	FBgn0013755
CR45815	FBgn0267465
CG13920	FBgn0025712
CG7967	FBgn0035251
CG7970	FBgn0035252
CG7971	FBgn0035253
CG7974	FBgn0035254
CG7977	FBgn0026372
CR42453	FBgn0083121
CR34634	FBgn0082944
CR34635	FBgn0082945
CR34636	FBgn0082946
CR46371	FBgn0286729
CG7980	FBgn0035255
CG13930	FBgn0035256
CG7991	FBgn0035260
CG12011	FBgn0035257
CG13931	FBgn0035258
CG2086	FBgn0027594
CG18171	FBgn0035262
CG12035	FBgn0035263
CG2069	FBgn0035264
CG18173	FBgn0035265
CG7995	FBgn0035266
CG13921	FBgn0035267
CG2054	FBgn0022702
CG8001	FBgn0035268
CG15804	FBgn0013811
CG13933	FBgn0035270
CR44351	FBgn0265451
CG12018	FBgn0027903
CG2021	FBgn0035271
CG13922	FBgn0035272
CG1977	FBgn0250789
CR45834	FBgn0267484
CG32315	FBgn0024510
CG12019	FBgn0011573
CR45818	FBgn0267468
CG12020	FBgn0035273
CG12021	FBgn0067864
CG1935	FBgn0025820
CG42676	FBgn0261562
CR45686	FBgn0267246
CR45687	FBgn0267247
CG12023	FBgn0027790
CG13934	FBgn0035279
CG13935	FBgn0035280
CG1919	FBgn0035281
CG13936	FBgn0035282
CG12024	FBgn0035283
CG1956	FBgn0004636
CG1898	FBgn0042712
CG12025	FBgn0035285
CG13924	FBgn0035286
CG1828	FBgn0002183
CG13937	FBgn0035287
CG18315	FBgn0000109
CG12026	FBgn0262624
CG1887	FBgn0035290
CG42234	FBgn0261723
CR32312	FBgn0052312
CR45826	FBgn0267476
CG5687	FBgn0035293
CG46523	FBgn0288748
CR44536	FBgn0265729
CG1017	FBgn0035294
CG1960	FBgn0002872
CG5690	FBgn0035295
CG42863	FBgn0288310
CG1140	FBgn0035298
CR45827	FBgn0267477
CR45828	FBgn0267478
CG1927	FBgn0027547
CG11815	FBgn0035299
CG1139	FBgn0035300
CG42841	FBgn0262030
CR44535	FBgn0265728
CG42357	FBgn0259703
CG42356	FBgn0259702
CG34259	FBgn0085288
CG42355	FBgn0259701
CG1915	FBgn0086906
CR42860	FBgn0262107
CG33484	FBgn0052311
CR45802	FBgn0267452
CG15822	FBgn0035308
CG15879	FBgn0035309
CG5704	FBgn0026570
CR15821	FBgn0035311
CG15820	FBgn0035312
CG13810	FBgn0035313
CG5707	FBgn0026593
CG8960	FBgn0035315
CG15878	FBgn0035316
CG13809	FBgn0035317
CG9018	FBgn0035318
CG5712	FBgn0040507
CG32301	FBgn0052301
CG32305	FBgn0052305
CG1275	FBgn0035321
CG2034	FBgn0015359
CG32300	FBgn0015360
CG13807	FBgn0035323
CG5714	FBgn0000543
CG13806	FBgn0035325
CR45829	FBgn0267479
CG32304	FBgn0052304
CG32302	FBgn0052302
CG5717	FBgn0041709
CR32303	FBgn0052303
CG13804	FBgn0035328
CG43745	FBgn0264002
CR45427	FBgn0266976
CR45426	FBgn0266975
CG8985	FBgn0035331
CG13801	FBgn0035332
CG1317	FBgn0035333
CG8993	FBgn0035334
CG1320	FBgn0035335
CG9004	FBgn0035336
CG15877	FBgn0035337
CG45186	FBgn0266696
CG42787	FBgn0261858
CG32298	FBgn0052298
CG32299	FBgn0052299
CG16762	FBgn0035343
CG16761	FBgn0035344
CG1146	FBgn0035346
CG16758	FBgn0035348
CR45425	FBgn0266974
CG16757	FBgn0010905
CR45170	FBgn0266680
CG32295	FBgn0260480
CG16973	FBgn0010909
CG1263	FBgn0261602
CG1044	FBgn0016794
CG16984	FBgn0062517
CG12182	FBgn0028504
CG16985	FBgn0035355
CG16986	FBgn0035356
CG12002	FBgn0011828
CR45981	FBgn0267643
CR45982	FBgn0267644
CR45660	FBgn0267220
CG1244	FBgn0035357
CG42245	FBgn0250911
CG14949	FBgn0035358
CG1143	FBgn0035359
CG1246	FBgn0035360
CG12186	FBgn0027082
CG42303	FBgn0259199
CG42304	FBgn0259200
CG43955	FBgn0264606
CG33233	FBgn0053233
CG33234	FBgn0053234
CG32296	FBgn0052296
CG1262	FBgn0020509
CG1240	FBgn0035370
CG9977	FBgn0035371
CG12093	FBgn0035372
CG1241	FBgn0044452
CG2101	FBgn0035374
CG2103	FBgn0035375
CG43444	FBgn0263392
CR44531	FBgn0265724
CG9972	FBgn0035379
CG43128	FBgn0262593
CG9970	FBgn0035380
CG32846	FBgn0052846
CG34025	FBgn0054025
CG9969	FBgn0035382
CR44530	FBgn0265723
CG2107	FBgn0035383
CG2113	FBgn0035384
CG2114	FBgn0035385
CG32488	FBgn0052488
CG32487	FBgn0052487
CG2075	FBgn0004372
CG2162	FBgn0035388
CG1274	FBgn0040308
CG1893	FBgn0035390
CG32484	FBgn0052484
CG32485	FBgn0052485
CG1271	FBgn0035392
CG16753	FBgn0035393
CG32486	FBgn0266918
CG11486	FBgn0035397
CR32908	FBgn0003938
CG1869	FBgn0035398
CR32288	FBgn0052288
CR32289	FBgn0052289
CR32287	FBgn0052287
CR32285	FBgn0052285
CR32272	FBgn0052272
CR32286	FBgn0052286
CG45066	FBgn0266436
CG45067	FBgn0266437
CG7740	FBgn0026189
CR32273	FBgn0052273
CG11537	FBgn0035400
CR45819	FBgn0267469
CG1291	FBgn0035401
CG12082	FBgn0035402
CG43365	FBgn0263108
CG12079	FBgn0266582
CG15812	FBgn0035405
CG11495	FBgn0024194
CG14962	FBgn0035407
CG32280	FBgn0052280
CG32278	FBgn0052278
CG32281	FBgn0052281
CG14963	FBgn0035409
CG14964	FBgn0035410
CG12734	FBgn0283724
CG42494	FBgn0260026
CG32284	FBgn0052284
CG14957	FBgn0035412
CG42525	FBgn0260430
CG14958	FBgn0035413
CG14965	FBgn0035414
CG1242	FBgn0001233
CG14966	FBgn0035415
CG32276	FBgn0047135
CG17569	FBgn0286567
CG32271	FBgn0052271
CG33159	FBgn0053159
CG32277	FBgn0052277
CG33160	FBgn0053160
CG32269	FBgn0052269
CG32270	FBgn0052270
CG14967	FBgn0035420
CG12034	FBgn0035421
CG12740	FBgn0035422
CR34697	FBgn0086068
CR34698	FBgn0086069
CR34699	FBgn0086070
CR34700	FBgn0086071
CR34701	FBgn0086072
CG17737	FBgn0035423
CG11505	FBgn0035424
CG17746	FBgn0035425
CG12078	FBgn0035426
CR45424	FBgn0266973
CG43389	FBgn0263246
CR43626	FBgn0263617
CR42880	FBgn0262368
CG14959	FBgn0035427
CG34265	FBgn0085294
CG14960	FBgn0035428
CG12017	FBgn0035429
CG12009	FBgn0035430
CR42976	FBgn0262269
CG14968	FBgn0035431
CG17723	FBgn0035432
CG32279	FBgn0052279
CG32283	FBgn0052283
CG32282	FBgn0052282
CG10812	FBgn0035434
CG12077	FBgn0035435
CG12016	FBgn0035436
CG42456	FBgn0259933
CG11526	FBgn0035437
CG12013	FBgn0035438
CR45380	FBgn0266929
CG14961	FBgn0035439
CG14969	FBgn0035440
CG32274	FBgn0052274
CG32268	FBgn0052268
CG12008	FBgn0004167
CG10810	FBgn0283461
CG12076	FBgn0027616
CG12010	FBgn0035443
CG12012	FBgn0035444
CG12014	FBgn0035445
CR45737	FBgn0267301
CG1921	FBgn0014388
CR42967	FBgn0262260
CG10840	FBgn0026259
CG46463	FBgn0287594
CG11513	FBgn0041164
CG10308	FBgn0010317
CG14971	FBgn0035449
CG32267	FBgn0052267
CG42324	FBgn0259224
CG43074	FBgn0262484
CG1934	FBgn0001254
CG10579	FBgn0005640
CR45043	FBgn0266403
CR45820	FBgn0267470
CR33504	FBgn0053504
CG10359	FBgn0035452
CG10357	FBgn0035453
CG14974	FBgn0040694
CG12029	FBgn0263239
CG10862	FBgn0035455
CG43098	FBgn0262544
CR43484	FBgn0263495
CR43485	FBgn0263496
CR45675	FBgn0267235
CG43089	FBgn0262535
CG32264	FBgn0052264
CG10858	FBgn0035458
CG32266	FBgn0052266
CG10855	FBgn0035461
CG1120	FBgn0035462
CG32262	FBgn0052262
CG32263	FBgn0052263
CG12006	FBgn0035464
CG1065	FBgn0004888
CR43932	FBgn0264553
CR45034	FBgn0266394
CG10852	FBgn0015585
CG10847	FBgn0004875
CG14975	FBgn0064227
CG1072	FBgn0013751
CR45379	FBgn0266928
CR43917	FBgn0264518
CR45422	FBgn0266971
CG1079	FBgn0026592
CR34151	FBgn0083987
CG14979	FBgn0035468
CG14977	FBgn0035469
CG14980	FBgn0035470
CG11624	FBgn0003943
CG10849	FBgn0035471
CG10850	FBgn0041147
CG14981	FBgn0035473
CG15855	FBgn0004910
CR32265	FBgn0004911
CG10866	FBgn0035475
CG12766	FBgn0035476
CR43916	FBgn0264517
CG10863	FBgn0027552
CG14982	FBgn0035477
CG10853	FBgn0035478
CG14983	FBgn0035479
CG14984	FBgn0035480
CG12605	FBgn0035481
CG43915	FBgn0264516
CG1130	FBgn0004880
CG14985	FBgn0035482
CG1132	FBgn0004895
CG1134	FBgn0035483
CG11594	FBgn0035484
CG32261	FBgn0045479
CG32256	FBgn0045477
CG32257	FBgn0045478
CG14987	FBgn0035486
CG32258	FBgn0045476
CR45042	FBgn0266402
CG32255	FBgn0052255
CG11593	FBgn0035488
CG1135	FBgn0263832
CG1136	FBgn0035490
CG11591	FBgn0035491
CG18869	FBgn0042179
CG12028	FBgn0000449
CG10776	FBgn0024179
CG32259	FBgn0052259
CG14993	FBgn0016013
CG14994	FBgn0004516
CG14989	FBgn0035495
CG14990	FBgn0035496
CG14995	FBgn0035497
CG14991	FBgn0035498
CR45670	FBgn0267230
CG14992	FBgn0028484
CG14996	FBgn0035499
CG14998	FBgn0264693
CG14999	FBgn0260985
CG15811	FBgn0004574
CG1167	FBgn0003206
CG1171	FBgn0004552
CG32260	FBgn0052260
CG1299	FBgn0035501
CG33545	FBgn0259986
CG15002	FBgn0011653
CR44529	FBgn0265722
CG1333	FBgn0261274
CG18675	FBgn0040696
CG15003	FBgn0035504
CG15004	FBgn0035505
CG18676	FBgn0040697
CG11589	FBgn0028664
CG1232	FBgn0003710
CG43367	FBgn0263110
CG15005	FBgn0035508
CG15006	FBgn0035510
CG15007	FBgn0035511
CG15008	FBgn0035512
CG1259	FBgn0035513
CR32252	FBgn0052252
CG15009	FBgn0001257
CG46460	FBgn0287590
CR45738	FBgn0267302
CG14997	FBgn0035515
CG1258	FBgn0011692
CG15010	FBgn0041171
CG1265	FBgn0035517
CG15011	FBgn0035518
CG1309	FBgn0035519
CG11586	FBgn0035520
CG1268	FBgn0035521
CG1273	FBgn0035522
CG33764	FBgn0053764
CG1311	FBgn0035523
CG11583	FBgn0035524
CG11582	FBgn0261952
CG1316	FBgn0035526
CG1276	FBgn0015829
CG1318	FBgn0041630
CG15012	FBgn0035528
CG1319	FBgn0035529
CG15013	FBgn0066365
CG32251	FBgn0052251
CG32250	FBgn0052250
CG15014	FBgn0035532
CG15015	FBgn0035533
CR45156	FBgn0266649
CG15016	FBgn0035534
CG33514	FBgn0053514
CG11342	FBgn0035537
CG18314	FBgn0035538
CR44360	FBgn0265467
CG32240	FBgn0052240
CG7447	FBgn0035539
CG7452	FBgn0035540
CG15019	FBgn0035541
CG11347	FBgn0035542
CG15020	FBgn0035543
CG11348	FBgn0000038
CG15021	FBgn0035544
CR45739	FBgn0267303
CG12607	FBgn0035545
CG11345	FBgn0035546
CG15022	FBgn0035547
CG15023	FBgn0035548
CG15024	FBgn0040699
CG32241	FBgn0052241
CG32249	FBgn0052249
CG32248	FBgn0052248
CG11349	FBgn0035550
CG7465	FBgn0035551
CG11350	FBgn0035552
CG13722	FBgn0035553
CR44709	FBgn0265920
CG13721	FBgn0035554
CG13720	FBgn0035555
CG42576	FBgn0261526
CG7525	FBgn0014073
CG11353	FBgn0035557
CG32243	FBgn0052243
CG11357	FBgn0035558
CG33777	FBgn0053777
CG42540	FBgn0260657
CG7524	FBgn0262733
CG32246	FBgn0052246
CR45438	FBgn0266987
CG7471	FBgn0015805
CG43225	FBgn0262870
CG13716	FBgn0035563
CG32238	FBgn0052238
CR45830	FBgn0267480
CG32236	FBgn0046793
CG34266	FBgn0085295
CG7514	FBgn0035567
CG18418	FBgn0035568
CG32239	FBgn0035574
CG15876	FBgn0035569
CG13713	FBgn0042199
CR43879	FBgn0264471
CG13712	FBgn0035570
CR45983	FBgn0267645
CR43882	FBgn0264474
CR45984	FBgn0267646
CG12493	FBgn0035571
CR43881	FBgn0264473
CG13711	FBgn0035572
CR45821	FBgn0267471
CR45740	FBgn0267304
CR44528	FBgn0265721
CG7509	FBgn0035575
CG18808	FBgn0042131
CG7507	FBgn0261797
CG7479	FBgn0027085
CG13708	FBgn0035577
CG13707	FBgn0035578
CG32237	FBgn0052237
CG32235	FBgn0047330
CG17150	FBgn0035581
CG13705	FBgn0035582
CG13704	FBgn0035583
CG7499	FBgn0028699
CR43627	FBgn0263618
CG7503	FBgn0005775
CG17030	FBgn0035584
CR45685	FBgn0267245
CG32232	FBgn0052232
CG12027	FBgn0035585
CR43884	FBgn0264476
CR46198	FBgn0267917
CR34047	FBgn0054047
CG4597	FBgn0035594
CG15212	FBgn0040842
CG15213	FBgn0040843
CG4603	FBgn0035593
CR45160	FBgn0266653
CG10674	FBgn0035592
CG4611	FBgn0035591
CG10673	FBgn0035590
CG4618	FBgn0035589
CG10672	FBgn0035588
CG4623	FBgn0035587
CR45985	FBgn0267647
CG10671	FBgn0035586
CG4633	FBgn0028962
CG10670	FBgn0263831
CG4659	FBgn0010747
CG32423	FBgn0052423
CG4669	FBgn0035598
CR45741	FBgn0267305
CR45742	FBgn0267306
CR32419	FBgn0011986
CG10645	FBgn0016031
CG46456	FBgn0287586
CR32420	FBgn0052420
CR32421	FBgn0052421
CG10642	FBgn0004380
CG4769	FBgn0035600
CG10640	FBgn0035601
CG4780	FBgn0260856
CG10635	FBgn0035603
CR44515	FBgn0265708
CR44516	FBgn0265709
CR45743	FBgn0267307
CG10633	FBgn0035604
CG34391	FBgn0085420
CG4835	FBgn0035607
CR44520	FBgn0265713
CG10630	FBgn0035608
CR44518	FBgn0265711
CR44519	FBgn0265712
CG34342	FBgn0085371
CG10626	FBgn0035610
CG13285	FBgn0035611
CG10625	FBgn0035612
CG10624	FBgn0010894
CG10622	FBgn0029118
CG4852	FBgn0029121
CG4867	FBgn0040239
CG10596	FBgn0015766
CR33659	FBgn0065097
CG5146	FBgn0035617
CG10594	FBgn0003486
CG10592	FBgn0035619
CG5150	FBgn0035620
CG10591	FBgn0035621
CG10590	FBgn0035622
CG17795	FBgn0035623
CG12756	FBgn0035624
CG5249	FBgn0035625
CG17334	FBgn0035626
CG34418	FBgn0085447
CG10583	FBgn0035627
CG46320	FBgn0284236
CG44521	FBgn0265714
CG10578	FBgn0263106
CG5486	FBgn0016756
CG10576	FBgn0035630
CR34637	FBgn0083044
CR33794	FBgn0065058
CR34638	FBgn0082994
CR34639	FBgn0082995
CR33652	FBgn0086660
CR43603	FBgn0263488
CG5495	FBgn0035631
CG10575	FBgn0035632
CR45831	FBgn0267481
CG5505	FBgn0260936
CG32418	FBgn0052418
CG32417	FBgn0040298
CG33718	FBgn0044419
CG33717	FBgn0260458
CR45026	FBgn0266384
CG10546	FBgn0035636
CG10542	FBgn0086694
CG10541	FBgn0035638
CG10539	FBgn0283472
CG42272	FBgn0259167
CG5537	FBgn0035639
CG17498	FBgn0035640
CG10491	FBgn0003984
CG5568	FBgn0035641
CG18586	FBgn0035642
CG13287	FBgn0035643
CG10489	FBgn0035644
CG5592	FBgn0035645
CG32409	FBgn0052409
CG32412	FBgn0052412
CG32413	FBgn0052413
CG10486	FBgn0035647
CG13288	FBgn0035648
CG10483	FBgn0035649
CR45167	FBgn0266677
CG32407	FBgn0052407
CG33523	FBgn0053523
CG10480	FBgn0002638
CG33993	FBgn0053993
CG10479	FBgn0035656
CR45439	FBgn0266988
CR45440	FBgn0266989
CG32406	FBgn0052406
CG10478	FBgn0035657
CG10477	FBgn0035661
CG6457	FBgn0040060
CR43952	FBgn0264603
CG6462	FBgn0035663
CG6467	FBgn0250815
CG6483	FBgn0035665
CG6580	FBgn0035666
CG10475	FBgn0035667
CG6586	FBgn0028980
CR45441	FBgn0266990
CG6592	FBgn0035669
CG10472	FBgn0035670
CG42269	FBgn0259164
CG6602	FBgn0035673
CG13295	FBgn0035674
CG6610	FBgn0035675
CG6619	FBgn0035676
CG13293	FBgn0035677
CG10469	FBgn0035678
CG10467	FBgn0035679
CG10733	FBgn0061492
CG7018	FBgn0005658
CR46001	FBgn0267663
CG12755	FBgn0002440
CR46005	FBgn0267667
CG18779	FBgn0086611
CG18778	FBgn0042119
CG10534	FBgn0020637
CG10530	FBgn0020638
CG10533	FBgn0020639
CG10529	FBgn0020640
CG32405	FBgn0052405
CG32404	FBgn0052404
CG6955	FBgn0020641
CG6956	FBgn0020642
CG18773	FBgn0020643
CG34270	FBgn0086900
CR18775	FBgn0020646
CG32400	FBgn0020644
CG18777	FBgn0042118
CG7287	FBgn0020645
CG10297	FBgn0020765
CR45421	FBgn0266970
CG13297	FBgn0035685
CG34271	FBgn0085300
CG12330	FBgn0035686
CR45744	FBgn0267308
CG13296	FBgn0035687
CG10289	FBgn0035688
CG7376	FBgn0035689
CG10274	FBgn0035690
CG10270	FBgn0022699
CG43293	FBgn0262985
CG10269	FBgn0022935
CG7386	FBgn0035691
CG13298	FBgn0035692
CG7398	FBgn0024921
CG8219	FBgn0035693
CG10236	FBgn0002526
CG33946	FBgn0047000
CG13299	FBgn0035694
CG33943	FBgn0047334
CG42714	FBgn0261631
CG10226	FBgn0035695
CG10181	FBgn0004513
CG10173	FBgn0035696
CG10163	FBgn0035697
CG10160	FBgn0001258
CR44522	FBgn0265715
CG43168	FBgn0262787
CR45420	FBgn0266969
CR45114	FBgn0266589
CR45113	FBgn0266588
CG32401	FBgn0041625
CG32402	FBgn0041624
CG32403	FBgn0041623
CG13300	FBgn0035699
CG42479	FBgn0259969
CR45419	FBgn0266968
CR45980	FBgn0267642
CG42747	FBgn0261801
CG10147	FBgn0035702
CG8270	FBgn0035703
CG10144	FBgn0035704
CG8339	FBgn0020251
CR45979	FBgn0267641
CG32396	FBgn0052396
CR46500	FBgn0288705
CG18769	FBgn0042185
CG32397	FBgn0263973
CG10129	FBgn0002926
CG8368	FBgn0286051
CG10125	FBgn0024177
CR45418	FBgn0266967
CG8398	FBgn0035708
CG8442	FBgn0004619
CR45238	FBgn0266773
CR45239	FBgn0266774
CG10124	FBgn0035709
CR45173	FBgn0266683
CG32395	FBgn0041232
CG10121	FBgn0035710
CG8519	FBgn0035711
CG10118	FBgn0005626
CR44523	FBgn0265716
CR45417	FBgn0266966
CG42799	FBgn0261934
CG10107	FBgn0035713
CG8549	FBgn0035714
CG10103	FBgn0035715
CG32392	FBgn0052392
CR45759	FBgn0267323
CG10037	FBgn0086680
CR45115	FBgn0266590
CR45416	FBgn0266965
CG10078	FBgn0041194
CG45413	FBgn0266962
CG14820	FBgn0035718
CR45415	FBgn0266964
CR45414	FBgn0266963
CR45412	FBgn0266961
CG14821	FBgn0035719
CG10077	FBgn0035720
CG9948	FBgn0035721
CG10075	FBgn0035722
CG9943	FBgn0029117
CG10072	FBgn0261445
CG10064	FBgn0035724
CG18156	FBgn0035725
CG9953	FBgn0035726
CG10063	FBgn0035727
CG10060	FBgn0001104
CR32385	FBgn0047205
CR46000	FBgn0267662
CG32388	FBgn0250849
CG43439	FBgn0263387
CG18647	FBgn0045759
CG42543	FBgn0260660
CG17744	FBgn0035730
CR45832	FBgn0267482
CG8641	FBgn0035733
CG14823	FBgn0035734
CG32391	FBgn0052391
CG34030	FBgn0054030
CG8640	FBgn0035735
CG8638	FBgn0035736
CG8634	FBgn0035737
CG33556	FBgn0053556
CG8631	FBgn0002775
CG14825	FBgn0035741
CG8629	FBgn0035742
CG15829	FBgn0035743
CG8628	FBgn0250836
CG8627	FBgn0010387
CG8624	FBgn0023001
CG42278	FBgn0259173
CG8620	FBgn0040837
CG42256	FBgn0265296
CR45410	FBgn0266959
CG14826	FBgn0035750
CG14829	FBgn0035751
CG8616	FBgn0261111
CG8615	FBgn0035753
CG8614	FBgn0024542
CG8612	FBgn0028648
CG14827	FBgn0016036
CG8610	FBgn0012058
CG8609	FBgn0035754
CR43470	FBgn0263447
CG14830	FBgn0035755
CG32381	FBgn0035756
CG8607	FBgn0035760
CG8606	FBgn0035761
CG8605	FBgn0035762
CG8602	FBgn0035763
CG8601	FBgn0002909
CG42307	FBgn0259203
CG43780	FBgn0264302
CG43781	FBgn0264303
CG8598	FBgn0035766
CG8597	FBgn0011640
CG8596	FBgn0035767
CG14834	FBgn0035768
CG4457	FBgn0015298
CG8593	FBgn0019662
CR45833	FBgn0267483
CG8591	FBgn0035769
CR45822	FBgn0267472
CG8588	FBgn0035770
CG8583	FBgn0035771
CR45835	FBgn0267485
CG8582	FBgn0035772
CG8580	FBgn0082598
CG32380	FBgn0052380
CG8571	FBgn0016983
CG8564	FBgn0035776
CG8563	FBgn0035777
CG32379	FBgn0052379
CG8562	FBgn0035779
CG18417	FBgn0035780
CG8560	FBgn0035781
CR33948	FBgn0063083
CR44525	FBgn0265718
CG42458	FBgn0259935
CG8556	FBgn0014011
CG14835	FBgn0035782
CG32383	FBgn0052383
CG32382	FBgn0052382
CG33278	FBgn0053278
CG8546	FBgn0035785
CG16991	FBgn0035786
CG42660	FBgn0261536
CG42661	FBgn0261537
CG8543	FBgn0035787
CG8541	FBgn0035788
CG43292	FBgn0262984
CG16992	FBgn0035789
CG8540	FBgn0035790
CG4321	FBgn0015033
CG8539	FBgn0035791
CG7548	FBgn0035792
CR45896	FBgn0267556
CG7546	FBgn0035793
CG32372	FBgn0268063
CG8532	FBgn0028582
CG16998	FBgn0035795
CG32374	FBgn0052374
CG32376	FBgn0052376
CG14837	FBgn0035797
CG7526	FBgn0035798
CG14838	FBgn0035799
CG7716	FBgn0035800
CG33275	FBgn0035802
CR45866	FBgn0267526
CR34703	FBgn0086074
CG33276	FBgn0053276
CG7506	FBgn0035805
CG32373	FBgn0052373
CG7496	FBgn0035806
CG7492	FBgn0035807
CG42734	FBgn0261788
CG44195	FBgn0265084
CG12262	FBgn0035811
CG7457	FBgn0035812
CG8492	FBgn0035813
CG7422	FBgn0035815
CG13685	FBgn0035816
CG7409	FBgn0035817
CG7399	FBgn0001208
CG7391	FBgn0023076
CG32371	FBgn0052371
CG32369	FBgn0052369
CG17888	FBgn0016694
CG32365	FBgn0052365
CG8277	FBgn0035823
CG8114	FBgn0003041
CG8281	FBgn0035824
CG8111	FBgn0035825
CR32368	FBgn0052368
CG8110	FBgn0024187
CG8268	FBgn0035827
CG43880	FBgn0264472
CG8254	FBgn0041156
CG8194	FBgn0010406
CG8042	FBgn0027554
CG8044	FBgn0035829
CG8209	FBgn0035830
CG8038	FBgn0035831
CG7892	FBgn0011817
CR32370	FBgn0052370
CG7574	FBgn0026263
CR45867	FBgn0267527
CR45868	FBgn0267528
CR32358	FBgn0052358
CR32359	FBgn0052359
CR32360	FBgn0052360
CG43119	FBgn0262579
CR32361	FBgn0052361
CR32362	FBgn0052362
CR32363	FBgn0052363
CG42590	FBgn0260967
CG42591	FBgn0260968
CR43974	FBgn0264705
CG7565	FBgn0035833
CG7919	FBgn0028379
CG7927	FBgn0027549
CR43005	FBgn0262442
CG7558	FBgn0262716
CG7935	FBgn0026252
CG7942	FBgn0035838
CG7550	FBgn0035839
CG18767	FBgn0042112
CG7528	FBgn0029113
CG7962	FBgn0010350
CG7504	FBgn0035842
CG7972	FBgn0002899
CG13676	FBgn0035844
CG42445	FBgn0259916
CG43886	FBgn0264478
CG13675	FBgn0035845
CG7487	FBgn0040290
CG7436	FBgn0020392
CG7476	FBgn0035847
CG7979	FBgn0035848
CG7404	FBgn0035849
CR45869	FBgn0267529
CR45870	FBgn0267530
CG7986	FBgn0035850
CG7999	FBgn0035851
CG7387	FBgn0035852
CG7375	FBgn0035853
CG8005	FBgn0035854
CG7366	FBgn0035855
CG13679	FBgn0035856
CG32364	FBgn0052364
CG8006	FBgn0035857
CG8012	FBgn0040832
CG13674	FBgn0035858
CG13678	FBgn0035859
CG8023	FBgn0265089
CR43953	FBgn0264604
CG7213	FBgn0035861
CG42330	FBgn0263219
CG7207	FBgn0027569
CG7201	FBgn0035865
CG7062	FBgn0015793
CG7197	FBgn0035866
CG13671	FBgn0035867
CG7194	FBgn0035868
CG7066	FBgn0087039
CG7189	FBgn0035870
CG7188	FBgn0035871
CR45409	FBgn0266958
CG7185	FBgn0035872
CG43059	FBgn0262361
CG13670	FBgn0035873
CG34461	FBgn0250833
CG34462	FBgn0085491
CG7076	FBgn0035875
CG7081	FBgn0035876
CG7108	FBgn0011762
CG7083	FBgn0035877
CG7182	FBgn0035878
CG7112	FBgn0035879
CG17352	FBgn0035880
CR43538	FBgn0263553
CG7176	FBgn0001248
CG32356	FBgn0001253
CG7118	FBgn0035886
CG7170	FBgn0035887
CG7120	FBgn0035888
CG7163	FBgn0035889
CG33057	FBgn0053057
CG13667	FBgn0035890
CG7161	FBgn0265102
CG7127	FBgn0266667
CG18543	FBgn0010431
CG32354	FBgn0052354
CG7037	FBgn0020224
CG7015	FBgn0263352
CG6983	FBgn0035896
CG6964	FBgn0010825
CG43163	FBgn0262719
CG6694	FBgn0035900
CG6745	FBgn0035901
CG6765	FBgn0035903
CG6683	FBgn0035902
CG6776	FBgn0035904
CG6781	FBgn0086348
CG6673	FBgn0035906
CG6662	FBgn0035907
CG6817	FBgn0024236
CG6822	FBgn0035909
CG6831	FBgn0260442
CR43910	FBgn0264511
CR42915	FBgn0262387
CG6638	FBgn0035911
CG43078	FBgn0262508
CG5994	FBgn0017430
CG6253	FBgn0017579
CR32911	FBgn0060292
CR32910	FBgn0060291
CG5989	FBgn0017429
CG6282	FBgn0035914
CG6372	FBgn0035915
CG32351	FBgn0052351
CG5978	FBgn0035916
CG6416	FBgn0035917
CG5971	FBgn0035918
CG32029	FBgn0052029
CG13305	FBgn0035921
CG6486	FBgn0035922
CG5962	FBgn0000121
CG6494	FBgn0001168
CR44526	FBgn0265719
CG33162	FBgn0011509
CG32022	FBgn0052022
CG6511	FBgn0035923
CG43965	FBgn0264696
CG6517	FBgn0000357
CG6519	FBgn0000355
CG6524	FBgn0000358
CG6533	FBgn0000356
CG5939	FBgn0003149
CG13306	FBgn0040828
CR44527	FBgn0265720
CG42610	FBgn0266084
CG6576	FBgn0035924
CG5804	FBgn0035926
CG13310	FBgn0035928
CG13311	FBgn0035929
CG34426	FBgn0085455
CG32023	FBgn0052023
CG34427	FBgn0085456
CG13312	FBgn0035931
CG32024	FBgn0052024
CG13308	FBgn0035932
CR46432	FBgn0286938
CG13309	FBgn0035933
CG4974	FBgn0263930
CG32026	FBgn0052026
CR45823	FBgn0267473
CG43169	FBgn0262788
CR45871	FBgn0267531
CG4978	FBgn0020633
CG5751	FBgn0035934
CR32034	FBgn0052034
CG5747	FBgn0266757
CG4999	FBgn0035936
CR43970	FBgn0264701
CG43783	FBgn0264305
CG43782	FBgn0264307
CG5008	FBgn0040321
CG5012	FBgn0011787
CG13313	FBgn0035941
CG5660	FBgn0035942
CG5653	FBgn0035943
CG5021	FBgn0035944
CG5026	FBgn0035945
CG5651	FBgn0086706
CG5064	FBgn0035947
CG5644	FBgn0035948
CG13314	FBgn0035949
CG5288	FBgn0263199
CG5068	FBgn0035951
CG5280	FBgn0035952
CG5263	FBgn0016070
CG5087	FBgn0035953
CG5093	FBgn0035954
CG5194	FBgn0035955
CG5187	FBgn0035956
CR46451	FBgn0287462
CG5133	FBgn0028789
CG5144	FBgn0035957
CG32031	FBgn0000116
CG4911	FBgn0035959
CG4942	FBgn0035960
CG4821	FBgn0023479
CG32032	FBgn0043806
CG13315	FBgn0040827
CG4760	FBgn0011206
CG4665	FBgn0035964
CG14181	FBgn0035965
CG43479	FBgn0263456
CR43541	FBgn0263556
CG10537	FBgn0004244
CG4484	FBgn0035968
CG4476	FBgn0035969
CR45408	FBgn0266957
CG4483	FBgn0035970
CG4477	FBgn0035971
CG43743	FBgn0264000
CG32042	FBgn0035975
CG4432	FBgn0035976
CG4437	FBgn0035977
CG4347	FBgn0035978
CG32040	FBgn0052040
CG32039	FBgn0052039
CG34455	FBgn0085484
CG34456	FBgn0085485
CG10923	FBgn0004379
CG4447	FBgn0035980
CG4452	FBgn0035981
CG4205	FBgn0011769
CG4190	FBgn0001229
CG4456	FBgn0001228
CG4460	FBgn0001223
CG4461	FBgn0035982
CG4183	FBgn0001225
CG4167	FBgn0001227
CR43481	FBgn0263492
CG4463	FBgn0001224
CG4466	FBgn0289994
CR43483	FBgn0263494
CR43482	FBgn0263493
CG4080	FBgn0035983
CG4035	FBgn0015218
CG3672	FBgn0035985
CG4022	FBgn0035986
CG3689	FBgn0288470
CG3967	FBgn0035989
CG3982	FBgn0035988
CG3705	FBgn0023129
CG3715	FBgn0015296
CG3922	FBgn0005533
CG3743	FBgn0040305
CG42526	FBgn0260431
CG3911	FBgn0260859
CR45872	FBgn0267532
CG3891	FBgn0035993
CG33926	FBgn0053926
CG3529	FBgn0035995
CG3448	FBgn0035996
CG32038	FBgn0266124
CG3445	FBgn0035997
CG3552	FBgn0035999
CR45873	FBgn0267533
CG3437	FBgn0035998
CG3434	FBgn0036000
CG44838	FBgn0266101
CG3431	FBgn0011327
CG3654	FBgn0036004
CG3428	FBgn0036005
CG32036	FBgn0052036
CG32037	FBgn0052037
CG3424	FBgn0036007
CG3408	FBgn0036008
CG3395	FBgn0010408
CR45874	FBgn0267534
CR34704	FBgn0086075
CG33703	FBgn0053703
CG33702	FBgn0053702
CR33701	FBgn0053701
CG33700	FBgn0053700
CG12526	FBgn0036009
CG12525	FBgn0036010
CG42673	FBgn0261555
CR46246	FBgn0267966
CG46121	FBgn0267796
CG3222	FBgn0036014
CG3088	FBgn0036015
CG3306	FBgn0036016
CG3322	FBgn0267348
CG3335	FBgn0036018
CG14176	FBgn0036019
CG8336	FBgn0036020
CG32045	FBgn0016081
CG8329	FBgn0036022
CG18179	FBgn0036023
CG18180	FBgn0036024
CG33696	FBgn0053696
CG16717	FBgn0036028
CG8308	FBgn0087040
CG6767	FBgn0036030
CG16719	FBgn0036029
CR45804	FBgn0267454
CR45121	FBgn0266596
CG8284	FBgn0015321
CG6761	FBgn0036031
CG16711	FBgn0036032
CG6757	FBgn0040475
CG16707	FBgn0045823
CR33793	FBgn0065081
CG18178	FBgn0036035
CG14174	FBgn0036036
CG6754	FBgn0261530
CG18176	FBgn0036038
CG18177	FBgn0036039
CG8189	FBgn0019644
CG6749	FBgn0036040
CR43526	FBgn0263541
CG42268	FBgn0259163
CR44348	FBgn0265448
CR45407	FBgn0266956
CG8177	FBgn0036043
CG32052	FBgn0044328
CG14168	FBgn0036044
CG14173	FBgn0044051
CG8167	FBgn0036046
CG14167	FBgn0044050
CG6736	FBgn0044049
CG43897	FBgn0264489
CG33273	FBgn0044048
CG10574	FBgn0028429
CG10572	FBgn0015618
CG6721	FBgn0004390
CG10809	FBgn0036052
CG6718	FBgn0036053
CG8108	FBgn0027567
CR45406	FBgn0266955
CG34382	FBgn0085411
CG6711	FBgn0011836
CG8107	FBgn0025866
CR45875	FBgn0267535
CG6709	FBgn0036056
CG14164	FBgn0036057
CG6707	FBgn0036058
CG46387	FBgn0286833
CG8104	FBgn0036059
CG34356	FBgn0085385
CG6685	FBgn0036062
CG8091	FBgn0026404
CG6674	FBgn0036063
CG42455	FBgn0259932
CG11989	FBgn0263251
CG14162	FBgn0040823
CR45876	FBgn0267536
CR45877	FBgn0267537
CR45155	FBgn0266648
CR45878	FBgn0267538
CG14160	FBgn0036066
CG32053	FBgn0052053
CG32054	FBgn0052054
CG42825	FBgn0262007
CG42826	FBgn0262008
CR45879	FBgn0267539
CG32057	FBgn0052057
CG8072	FBgn0036070
CG6628	FBgn0036072
CG6611	FBgn0000451
CR46381	FBgn0286739
CR44538	FBgn0265731
CG8065	FBgn0036075
CG32055	FBgn0052055
CG32056	FBgn0052056
CR44542	FBgn0265735
CR45403	FBgn0266952
CG14156	FBgn0289868
CR44539	FBgn0265732
CR44540	FBgn0265733
CG6577	FBgn0011569
CR45242	FBgn0266777
CG14157	FBgn0036080
CR46003	FBgn0267665
CR46449	FBgn0287460
CR46004	FBgn0267666
CR42904	FBgn0262381
CR46006	FBgn0267668
CR43001	FBgn0266076
CR45245	FBgn0266780
CR44543	FBgn0265736
CR43990	FBgn0264722
CG12362	FBgn0036082
CG12303	FBgn0036083
CG32058	FBgn0052058
CG6539	FBgn0011802
CG32061	FBgn0052061
CG32063	FBgn0045770
CG46430	FBgn0286933
CG32062	FBgn0052062
CG32064	FBgn0052064
CR46372	FBgn0286730
CG6527	FBgn0036085
CR46212	FBgn0267932
CG42521	FBgn0260396
CG43127	FBgn0262592
CG34238	FBgn0085267
CG14151	FBgn0036089
CG42536	FBgn0260644
CG42535	FBgn0260643
CG34001	FBgn0054001
CG8019	FBgn0001179
CG6502	FBgn0000629
CG8009	FBgn0036090
CG18628	FBgn0036091
CG32066	FBgn0052066
CG14154	FBgn0036093
CG14153	FBgn0036094
CG8003	FBgn0036096
CG32068	FBgn0052068
CG32067	FBgn0010762
CG11811	FBgn0036099
CG33493	FBgn0053493
CG6463	FBgn0047038
CG6449	FBgn0036101
CG43245	FBgn0262890
CR44544	FBgn0265737
CR44545	FBgn0265738
CR44546	FBgn0265739
CR46230	FBgn0267950
CR46231	FBgn0267951
CG12523	FBgn0036102
CR44347	FBgn0265447
CG42831	FBgn0262020
CR45247	FBgn0266782
CR45246	FBgn0266781
CG7958	FBgn0026160
CR45169	FBgn0266679
CG6418	FBgn0036104
CG14149	FBgn0036105
CG6409	FBgn0036106
CG7949	FBgn0036107
CG6404	FBgn0027615
CG7941	FBgn0036108
CG18349	FBgn0036109
CR45171	FBgn0266681
CG18348	FBgn0036110
CG6391	FBgn0036111
CR45248	FBgn0266783
CR45249	FBgn0266784
CG14147	FBgn0036112
CR45745	FBgn0267309
CG12296	FBgn0013469
CG7923	FBgn0029172
CG32079	FBgn0052079
CG32081	FBgn0052081
CR44547	FBgn0265740
CG43693	FBgn0263776
CR45119	FBgn0266594
CG7888	FBgn0036116
CG6321	FBgn0036117
CG14145	FBgn0036118
CG32069	FBgn0052069
CG32075	FBgn0052075
CG7869	FBgn0025355
CG45101	FBgn0266540
CG6310	FBgn0036121
CG33048	FBgn0263241
CG6302	FBgn0010741
CG7839	FBgn0036124
CG6297	FBgn0020412
CG46439	FBgn0286979
CG46438	FBgn0286980
CG33947	FBgn0083068
CG6272	FBgn0036126
CG7828	FBgn0261112
CG11801	FBgn0036128
CG32072	FBgn0052072
CG32071	FBgn0052071
CG32073	FBgn0052073
CG12522	FBgn0036131
CG34012	FBgn0054012
CG7638	FBgn0036133
CG11793	FBgn0003462
CG11799	FBgn0036134
CG7636	FBgn0036135
CG6233	FBgn0036136
CG42575	FBgn0260795
CG32077	FBgn0014368
CG32074	FBgn0052074
CG14143	FBgn0036138
CG32082	FBgn0052082
CG6216	FBgn0036139
CR43989	FBgn0264721
CG32076	FBgn0052076
CG6210	FBgn0036141
CG7616	FBgn0036142
CG14142	FBgn0036143
CG6207	FBgn0036144
CG6199	FBgn0036147
CG7607	FBgn0036145
CG14141	FBgn0036146
CG6190	FBgn0061469
CG7600	FBgn0064766
CG42671	FBgn0261553
CR46050	FBgn0267717
CR45405	FBgn0266954
CG6185	FBgn0036150
CR44718	FBgn0265929
CR44719	FBgn0265930
CR44714	FBgn0265925
CR44713	FBgn0265924
CR44715	FBgn0265926
CR44717	FBgn0265928
CR44716	FBgn0265927
CG7590	FBgn0041094
CR44720	FBgn0265931
CR45404	FBgn0266953
CG6175	FBgn0036152
CG7573	FBgn0036153
CR44361	FBgn0265468
CR46240	FBgn0267960
CG6168	FBgn0036154
CR44721	FBgn0265932
CR44722	FBgn0265933
CR44723	FBgn0265934
CR45250	FBgn0266785
CR45251	FBgn0266786
CG6163	FBgn0036155
CR45036	FBgn0266396
CR42755	FBgn0261813
CG11726	FBgn0036156
CG44362	FBgn0265469
CR44363	FBgn0265470
CG7560	FBgn0036157
CG6149	FBgn0036158
CR44548	FBgn0265741
CR44549	FBgn0265742
CG7557	FBgn0036159
CG12289	FBgn0036160
CG7551	FBgn0036161
CG6140	FBgn0036162
CG32090	FBgn0028667
CR46049	FBgn0267716
CG32089	FBgn0028668
CG7533	FBgn0036165
CG33500	FBgn0053500
CG6132	FBgn0003378
CG18087	FBgn0003377
CG33272	FBgn0053272
CG11720	FBgn0003373
CG7512	FBgn0036168
CG11714	FBgn0036170
CG6128	FBgn0285958
CG11711	FBgn0259481
CR43554	FBgn0263569
CG7394	FBgn0036173
CG46412	FBgn0286893
CG33267	FBgn0053267
CG33490	FBgn0053490
CG33489	FBgn0053489
CG33271	FBgn0053271
CG33270	FBgn0053270
CG43390	FBgn0263247
CG43391	FBgn0263248
CG33269	FBgn0053269
CG32086	FBgn0052086
CG6097	FBgn0003292
CG7377	FBgn0036176
CG33268	FBgn0036177
CR45672	FBgn0267232
CR45442	FBgn0266991
CR45443	FBgn0266992
CR45671	FBgn0267231
CG7368	FBgn0036179
CR46414	FBgn0286914
CG14137	FBgn0036178
CG46394	FBgn0286872
CG6091	FBgn0036180
CG42832	FBgn0262021
CG18331	FBgn0036181
CG6084	FBgn0086254
CG6083	FBgn0036183
CG7351	FBgn0036184
CG18815	FBgn0042138
CR43534	FBgn0263632
CG32091	FBgn0052091
CR45158	FBgn0266651
CG6071	FBgn0036186
CG11660	FBgn0036187
CG7339	FBgn0036188
CG32085	FBgn0052085
CR42996	FBgn0262437
CR45881	FBgn0267541
CR45880	FBgn0267540
CR45883	FBgn0267543
CR45882	FBgn0267542
CR45884	FBgn0267544
CG10415	FBgn0015828
CG7334	FBgn0036191
CR45885	FBgn0267545
CG14133	FBgn0036192
CG14135	FBgn0036193
CR43887	FBgn0264479
CG11652	FBgn0036194
CG6053	FBgn0036195
CG11658	FBgn0036196
CG42630	FBgn0261353
CG42631	FBgn0261381
CG6038	FBgn0036198
CG14132	FBgn0040817
CG7314	FBgn0036199
CG32088	FBgn0052088
CG32087	FBgn0052087
CG6024	FBgn0036202
CG7303	FBgn0041231
CG6004	FBgn0036203
CR42933	FBgn0262396
CR42998	FBgn0262291
CG11611	FBgn0036204
CG11621	FBgn0015278
CG14131	FBgn0036205
CG5964	FBgn0036206
CG10907	FBgn0036207
CG7293	FBgn0004381
CG10361	FBgn0036208
CR32093	FBgn0052093
CG42255	FBgn0259140
CG14130	FBgn0036210
CG5946	FBgn0036211
CG11597	FBgn0036212
CG7283	FBgn0036213
CR34641	FBgn0083015
CG32095	FBgn0052095
CG5940	FBgn0000404
CG7264	FBgn0036214
CG43064	FBgn0262366
CG12521	FBgn0040816
CG44837	FBgn0266100
CG5906	FBgn0036217
CG14128	FBgn0036218
CG14127	FBgn0036219
CG5897	FBgn0036220
CR46373	FBgn0286731
CR43624	FBgn0263615
CG11588	FBgn0036221
CG5718	FBgn0036222
CG7260	FBgn0011723
CG7257	FBgn0036224
CG5883	FBgn0036225
CR42941	FBgn0262401
CG7252	FBgn0036226
CG17826	FBgn0036227
CG9781	FBgn0036228
CG7248	FBgn0036229
CG11570	FBgn0036230
CG43294	FBgn0262986
CG5700	FBgn0028573
CG33265	FBgn0053265
CG42397	FBgn0259748
CG14125	FBgn0036232
CG43896	FBgn0264488
CG6938	FBgn0036235
CG6931	FBgn0036236
CG18593	FBgn0036237
CG5688	FBgn0026432
CG5684	FBgn0036239
CG6928	FBgn0036240
CG32096	FBgn0041096
CR43994	FBgn0264726
CG43993	FBgn0264725
CG6793	FBgn0036242
CG43638	FBgn0263647
CG5661	FBgn0284221
CG17154	FBgn0036246
CG6801	FBgn0011335
CG17153	FBgn0036248
CG11560	FBgn0036249
CG5654	FBgn0022959
CG17152	FBgn0036250
CG34241	FBgn0250825
CR11538	FBgn0017424
CG6806	FBgn0002565
CG11534	FBgn0046296
CR45892	FBgn0267552
CG5645	FBgn0036254
CG10861	FBgn0036255
CG9762	FBgn0011455
CG6811	FBgn0036257
CG5642	FBgn0036258
CG6827	FBgn0013997
CG32099	FBgn0052099
CG9760	FBgn0036259
CG5638	FBgn0036260
CG6906	FBgn0027843
CG6910	FBgn0036262
CG6917	FBgn0000592
CG5632	FBgn0036263
CG17148	FBgn0000594
CR45746	FBgn0267310
CG11529	FBgn0036264
CG17146	FBgn0022709
CG5626	FBgn0036266
CG42318	FBgn0260941
CR43991	FBgn0264723
CG32100	FBgn0052100
CG10335	FBgn0036271
CG4300	FBgn0036272
CG10426	FBgn0036273
CR46241	FBgn0267961
CR45658	FBgn0267218
CG4328	FBgn0036274
CR44550	FBgn0265743
CR44551	FBgn0265744
CG44355	FBgn0265455
CG32105	FBgn0052105
CG10418	FBgn0036277
CR45444	FBgn0266993
CG10698	FBgn0036278
CG4357	FBgn0036279
CR45824	FBgn0267474
CG32104	FBgn0052104
CG10436	FBgn0011279
CG14122	FBgn0036282
CG32103	FBgn0052103
CG4237	FBgn0020655
CG10704	FBgn0036285
CG10488	FBgn0000625
CG32102	FBgn0052102
CG10616	FBgn0036286
CG10663	FBgn0036287
CG33725	FBgn0053725
CG10660	FBgn0036288
CR45681	FBgn0267241
CG10657	FBgn0036289
CR45682	FBgn0267242
CG10638	FBgn0036290
CR43868	FBgn0264460
CG10681	FBgn0036291
CG10646	FBgn0036292
CG10682	FBgn0264848
CG10654	FBgn0036294
CG10522	FBgn0002466
CR45168	FBgn0266678
CG10686	FBgn0041775
CG4107	FBgn0020388
CG14121	FBgn0262524
CG4153	FBgn0004926
CG10627	FBgn0036298
CG10620	FBgn0036299
CG34242	FBgn0085271
CG10688	FBgn0036300
CG4069	FBgn0036301
CG10632	FBgn0036302
CR43612	FBgn0263587
CG10571	FBgn0015904
CG10605	FBgn0015919
CR32111	FBgn0052111
CR43431	FBgn0263379
CR44553	FBgn0265746
CR44552	FBgn0265745
CG10601	FBgn0014343
CG10753	FBgn0261933
CG10975	FBgn0014007
CG32112	FBgn0052112
CG32109	FBgn0052109
CG5433	FBgn0010235
CG10984	FBgn0036305
CG10973	FBgn0036306
CG32113	FBgn0052113
CG10971	FBgn0036309
CG32106	FBgn0052106
CG10969	FBgn0036310
CG17666	FBgn0036311
CG10967	FBgn0260945
CG42709	FBgn0261674
CG11006	FBgn0262714
CR46251	FBgn0267984
CG32110	FBgn0052110
CG10754	FBgn0036314
CG42588	FBgn0260965
CG10960	FBgn0036316
CG10948	FBgn0036317
CG11009	FBgn0036318
CG11010	FBgn0036319
CG32107	FBgn0052107
CG10943	FBgn0036320
CG14120	FBgn0036321
CR45748	FBgn0267312
CG43894	FBgn0264486
CG14118	FBgn0036323
CG12520	FBgn0036324
CG32117	FBgn0052117
CR46461	FBgn0287591
CG32115	FBgn0052115
CG10752	FBgn0036325
CG33264	FBgn0041622
CG10748	FBgn0036327
CG10749	FBgn0036328
CG11262	FBgn0036329
CG11263	FBgn0036330
CR14117	FBgn0036331
CG11261	FBgn0036332
CG11259	FBgn0036333
CG11267	FBgn0036334
CG11258	FBgn0036335
CG11268	FBgn0036336
CR45445	FBgn0266994
CG11255	FBgn0036337
CG11271	FBgn0286213
CR34707	FBgn0086078
CR34708	FBgn0086079
CG11253	FBgn0266709
CR45172	FBgn0266682
CG17672	FBgn0083978
CR45157	FBgn0266650
CG11274	FBgn0036340
CG11276	FBgn0011284
CR34642	FBgn0082967
CR34643	FBgn0082966
CR33753	FBgn0086601
CG11278	FBgn0036341
CG11279	FBgn0036342
CG14115	FBgn0036343
CG34428	FBgn0085457
CG34429	FBgn0085458
CR43652	FBgn0263661
CG17300	FBgn0036345
CR45749	FBgn0267313
CG11251	FBgn0036346
CR44554	FBgn0265747
CG11280	FBgn0010452
CG33262	FBgn0053262
CG11281	FBgn0086916
CR45096	FBgn0266535
CR32129	FBgn0052129
CR32128	FBgn0052128
CR32126	FBgn0052126
CR32127	FBgn0052127
CR45097	FBgn0266536
CR43914	FBgn0264515
CR45098	FBgn0266537
CG11282	FBgn0023095
CG32119	FBgn0052119
CR32125	FBgn0011844
CR43146	FBgn0262622
CR43913	FBgn0264514
CR45752	FBgn0267316
CR45753	FBgn0267317
CR43912	FBgn0264513
CG42480	FBgn0259970
CR45253	FBgn0266788
CR45255	FBgn0266790
CR45254	FBgn0266789
CG42481	FBgn0259971
CG43147	FBgn0262623
CG17673	FBgn0003034
CR43911	FBgn0264512
CR44557	FBgn0265750
CR44555	FBgn0265748
CR44558	FBgn0265751
CG14113	FBgn0040814
CR44559	FBgn0265752
CG17687	FBgn0036348
CG11051	FBgn0287423
CG14111	FBgn0036350
CG14112	FBgn0036349
CR45886	FBgn0267546
CG14107	FBgn0036351
CG10717	FBgn0001256
CG14110	FBgn0036352
CG10171	FBgn0036353
CG10191	FBgn0036354
CG32120	FBgn0002573
CG10222	FBgn0036356
CG10724	FBgn0260049
CG32121	FBgn0052121
CG33263	FBgn0053263
CG14106	FBgn0260459
CG14105	FBgn0036359
CG10713	FBgn0036360
CR32124	FBgn0012010
CR32122	FBgn0012009
CG10154	FBgn0036361
CG10725	FBgn0036362
CG10140	FBgn0036363
CG14109	FBgn0036364
CG10732	FBgn0036365
CG10133	FBgn0036366
CG10738	FBgn0036368
CG10116	FBgn0036367
CG10089	FBgn0036369
CG32130	FBgn0086708
CG10083	FBgn0036372
CG10741	FBgn0036373
CG17689	FBgn0036374
CG10711	FBgn0086785
CG10743	FBgn0036376
CG10710	FBgn0036377
CG43744	FBgn0264001
CR45825	FBgn0267475
CR45178	FBgn0266688
CR45120	FBgn0266595
CR42962	FBgn0262415
CG43184	FBgn0262813
CG8757	FBgn0036380
CR46266	FBgn0275434
CG8750	FBgn0040812
CG32136	FBgn0043550
CG7002	FBgn0029167
CG8745	FBgn0036381
CG43749	FBgn0264006
CG13737	FBgn0036382
CG8865	FBgn0026376
CG8833	FBgn0036386
CG9206	FBgn0001108
CG32137	FBgn0052137
CG8474	FBgn0025874
CG9028	FBgn0036389
CG32135	FBgn0263232
CG13738	FBgn0036390
CG8937	FBgn0001216
CG17364	FBgn0036391
CG17362	FBgn0036393
CG9040	FBgn0036394
CG8947	FBgn0250848
CG17361	FBgn0036395
CG17359	FBgn0036396
CG8783	FBgn0036397
CG9007	FBgn0036398
CG32133	FBgn0052133
CG6513	FBgn0061515
CG6650	FBgn0036402
CR42871	FBgn0265295
CG6661	FBgn0036403
CG6603	FBgn0026418
CG46284	FBgn0283503
CG6833	FBgn0036405
CG13484	FBgn0036406
CR46067	FBgn0267736
CG32138	FBgn0267795
CG6760	FBgn0013563
CG32134	FBgn0285896
CG8100	FBgn0036410
CG17285	FBgn0000639
CG7345	FBgn0036411
CG32139	FBgn0042630
CR45887	FBgn0267547
CG5893	FBgn0000411
CG5842	FBgn0036414
CG33991	FBgn0013718
CG32141	FBgn0052141
CG7768	FBgn0036415
CG7924	FBgn0036416
CG34244	FBgn0085273
CG7906	FBgn0036417
CR45399	FBgn0266948
CR44561	FBgn0265754
CR44560	FBgn0265753
CG17697	FBgn0001085
CR45025	FBgn0266383
CG13482	FBgn0036419
CG13481	FBgn0036421
CG43120	FBgn0262580
CG3868	FBgn0036422
CG3836	FBgn0003459
CR45233	FBgn0266768
CG3919	FBgn0036423
CG42230	FBgn0087007
CR46032	FBgn0267696
CR46031	FBgn0267695
CG9592	FBgn0036426
CG4613	FBgn0036427
CG43246	FBgn0262891
CG4994	FBgn0026409
CG9238	FBgn0036428
CG34039	FBgn0054039
CR44843	FBgn0266117
CG13480	FBgn0028418
CG42758	FBgn0261816
CG13475	FBgn0040318
CG13478	FBgn0003388
CG9628	FBgn0036433
CG4879	FBgn0027375
CG32146	FBgn0041604
CR45888	FBgn0267548
CG43121	FBgn0262581
CG42280	FBgn0259175
CR32142	FBgn0011927
CR32144	FBgn0011928
CG4914	FBgn0036436
CG5048	FBgn0036437
CG13477	FBgn0036438
CG13474	FBgn0036439
CG17177	FBgn0036440
CG13476	FBgn0036441
CG13473	FBgn0036442
CG13471	FBgn0036443
CG33261	FBgn0013263
CG42507	FBgn0260233
CG33260	FBgn0053260
CG9384	FBgn0036446
CG17173	FBgn0036447
CG9311	FBgn0036448
CG5295	FBgn0036449
CG13472	FBgn0036450
CG9425	FBgn0036451
CG5258	FBgn0029148
CG5272	FBgn0001120
CG17839	FBgn0036454
CR44702	FBgn0265913
CR45398	FBgn0266947
CG34245	FBgn0085274
CG42247	FBgn0259099
CG13465	FBgn0040809
CG12487	FBgn0040487
CR45978	FBgn0267640
CG5185	FBgn0026320
CG3096	FBgn0000216
CG3396	FBgn0040296
CR43432	FBgn0263380
CG3349	FBgn0036459
CG5114	FBgn0036460
CG3297	FBgn0002778
CG10006	FBgn0036461
CG17166	FBgn0036462
CG3329	FBgn0023174
CG5392	FBgn0036463
CG42333	FBgn0261090
CG32148	FBgn0047338
CG11552	FBgn0036465
CG11551	FBgn0025776
CG43678	FBgn0263761
CG18581	FBgn0036466
CG12310	FBgn0036467
CG43679	FBgn0263762
CG13461	FBgn0036468
CG43680	FBgn0263763
CG18649	FBgn0036469
CG13463	FBgn0036470
CG13460	FBgn0036471
CR43684	FBgn0263767
CG33957	FBgn0086690
CG17871	FBgn0036474
CG6945	FBgn0036476
CG6778	FBgn0027088
CG45070	FBgn0266452
CR43973	FBgn0264704
CR43972	FBgn0264703
CG45071	FBgn0266441
CR43971	FBgn0264702
CG13458	FBgn0036479
CG17081	FBgn0036480
CG16959	FBgn0036481
CG32847	FBgn0052847
CG13457	FBgn0036482
CG12316	FBgn0036483
CR33716	FBgn0065051
CG6988	FBgn0286818
CR45396	FBgn0266945
CG32147	FBgn0047178
CR45397	FBgn0266946
CG6859	FBgn0036484
CG6869	FBgn0036485
CG7003	FBgn0036486
CG6876	FBgn0036487
CG7011	FBgn0036489
CG6878	FBgn0036488
CR44562	FBgn0265755
CG6888	FBgn0036490
CG6890	FBgn0029114
CG7259	FBgn0036491
CG12327	FBgn0036492
CG7255	FBgn0036493
CR46213	FBgn0267933
CR43247	FBgn0262892
CR43992	FBgn0264724
CG7250	FBgn0036494
CG33259	FBgn0036495
CR43625	FBgn0263616
CR45395	FBgn0266944
CR45394	FBgn0266943
CG7804	FBgn0036496
CG7815	FBgn0036497
CG12355	FBgn0040805
CG13455	FBgn0036498
CG7276	FBgn0036499
CG7275	FBgn0036500
CG7272	FBgn0036501
CG7857	FBgn0026738
CG7841	FBgn0036502
CG17962	FBgn0004052
CG33756	FBgn0001099
CG33755	FBgn0028377
CG7266	FBgn0000565
CG13454	FBgn0036503
CG7936	FBgn0004228
CR43159	FBgn0262689
CG7463	FBgn0036504
CG7945	FBgn0036505
CG33986	FBgn0053986
CG33985	FBgn0053985
CG42729	FBgn0261682
CG42728	FBgn0261681
CG33983	FBgn0053983
CG43248	FBgn0262893
CG7450	FBgn0004396
CG7439	FBgn0087035
CG7739	FBgn0036509
CG7427	FBgn0036510
CG6498	FBgn0267390
CG16979	FBgn0036512
CG7764	FBgn0261109
CG12301	FBgn0036514
CG12304	FBgn0036515
CG7656	FBgn0036516
CG32149	FBgn0036518
CG7650	FBgn0036519
CG13449	FBgn0036520
CG42334	FBgn0259236
CG7372	FBgn0036522
CR45977	FBgn0267639
CG43083	FBgn0262529
CG16931	FBgn0004588
CG7355	FBgn0004589
CG43084	FBgn0262530
CG7608	FBgn0004590
CG7350	FBgn0004591
CG7604	FBgn0004592
CG7599	FBgn0004593
CG7336	FBgn0004594
CG7594	FBgn0014848
CG7327	FBgn0014849
CG7588	FBgn0014850
CG7325	FBgn0014851
CG43082	FBgn0262528
CG7304	FBgn0036527
CG7579	FBgn0036528
CG7297	FBgn0036529
CG34452	FBgn0085481
CG34451	FBgn0085480
CG7554	FBgn0041160
CG42571	FBgn0260777
CG42570	FBgn0260776
CG17943	FBgn0010105
CR45240	FBgn0266775
CR46197	FBgn0267916
CG6244	FBgn0036531
CG13445	FBgn0036532
CG6151	FBgn0261722
CG6215	FBgn0015025
CG6169	FBgn0036534
CG6224	FBgn0040230
CG12713	FBgn0036536
CG18081	FBgn0036537
CG15715	FBgn0036538
CG32150	FBgn0052150
CR42886	FBgn0262371
CG44099	FBgn0264908
CR44051	FBgn0264843
CR44050	FBgn0264842
CG6114	FBgn0036544
CG6117	FBgn0000489
CG17035	FBgn0036545
CG17033	FBgn0283649
CG17032	FBgn0036547
CG5931	FBgn0263599
CG10516	FBgn0036549
CG5942	FBgn0000212
CG17026	FBgn0036550
CG17029	FBgn0036551
CG17028	FBgn0036552
CG17027	FBgn0036553
CG6025	FBgn0000115
CG5949	FBgn0263600
CR45446	FBgn0266995
CG6017	FBgn0259824
CG5830	FBgn0036556
CG5904	FBgn0036557
CG5841	FBgn0263601
CR43950	FBgn0264601
CR45998	FBgn0267660
CR43949	FBgn0264600
CG13076	FBgn0044028
CR43555	FBgn0263570
CG42717	FBgn0261634
CG42716	FBgn0261633
CG42538	FBgn0260646
CG5895	FBgn0036560
CG12284	FBgn0260635
CR45889	FBgn0267549
CR43951	FBgn0264602
CG32156	FBgn0005536
CG33258	FBgn0053258
CG13075	FBgn0036563
CG5241	FBgn0263602
CG5235	FBgn0036565
CG5284	FBgn0036566
CG13074	FBgn0036567
CG5389	FBgn0036568
CG5414	FBgn0036569
CG5222	FBgn0036570
CG43295	FBgn0262987
CG5215	FBgn0263603
CG5444	FBgn0010280
CG12272	FBgn0036571
CG5165	FBgn0003076
CG5474	FBgn0011016
CG5161	FBgn0266724
CG16838	FBgn0036574
CG5157	FBgn0036575
CG5151	FBgn0036576
CG32152	FBgn0052152
CG33796	FBgn0053796
CG33795	FBgn0053795
CR45754	FBgn0267318
CR45755	FBgn0267319
CR45437	FBgn0266986
CG33687	FBgn0053687
CG33688	FBgn0053688
CG33689	FBgn0053689
CG33690	FBgn0053690
CG13073	FBgn0036577
CR43891	FBgn0264483
CR32153	FBgn0052153
CG5018	FBgn0263605
CG5027	FBgn0036579
CG13072	FBgn0036580
CG5057	FBgn0036581
CG34246	FBgn0263606
CG32155	FBgn0263607
CG32154	FBgn0263608
CG13055	FBgn0036583
CG13054	FBgn0036584
CG13053	FBgn0040801
CG34247	FBgn0085276
CG13071	FBgn0036585
CG13070	FBgn0036586
CG13051	FBgn0040799
CG13069	FBgn0040798
CG4950	FBgn0036587
CG13068	FBgn0036588
CG34248	FBgn0085277
CG13067	FBgn0036589
CG13066	FBgn0040797
CG13065	FBgn0036590
CG13050	FBgn0036591
CG13064	FBgn0040796
CG13049	FBgn0036592
CG13048	FBgn0036593
CG13047	FBgn0036594
CG13046	FBgn0036595
CG13045	FBgn0036596
CG4962	FBgn0036597
CG4982	FBgn0036598
CG13044	FBgn0036599
CR45890	FBgn0267550
CG43249	FBgn0262894
CG13043	FBgn0036600
CG13063	FBgn0036601
CG13042	FBgn0036602
CR32160	FBgn0052160
CG13062	FBgn0036603
CG13061	FBgn0042201
CR45663	FBgn0267223
CG13041	FBgn0036605
CR45664	FBgn0267224
CG13060	FBgn0036606
CG42718	FBgn0261635
CG13059	FBgn0036607
CG13040	FBgn0036608
CG13039	FBgn0036609
CG13038	FBgn0040795
CG13058	FBgn0036610
CG33061	FBgn0053061
CG33060	FBgn0053060
CG13057	FBgn0040074
CG13056	FBgn0040794
CG4998	FBgn0036612
CR45893	FBgn0267553
CG33257	FBgn0053257
CG42648	FBgn0285951
CG4925	FBgn0036614
CR32357	FBgn0052357
CG4933	FBgn0283681
CG4899	FBgn0011693
CR45894	FBgn0267554
CG45057	FBgn0266417
CG4818	FBgn0036617
CG12255	FBgn0036618
CG4784	FBgn0036619
CG4842	FBgn0036620
CG18814	FBgn0042137
CG16807	FBgn0036621
CG4753	FBgn0036622
CG4729	FBgn0036623
CG4877	FBgn0036624
CG44836	FBgn0266099
CG4680	FBgn0036627
CG4609	FBgn0014163
CG4672	FBgn0028399
CG4573	FBgn0036629
CG4561	FBgn0027080
CG33158	FBgn0053158
CG32159	FBgn0261799
CG4531	FBgn0004569
CG43373	FBgn0263131
CG42514	FBgn0260388
CG4314	FBgn0003515
CG13033	FBgn0036638
CG4229	FBgn0036639
CG4123	FBgn0026061
CG43206	FBgn0262842
CG4143	FBgn0262732
CG4118	FBgn0036640
CG16725	FBgn0036641
CR43727	FBgn0263975
CG4157	FBgn0028693
CG4169	FBgn0250814
CG4109	FBgn0036643
CR45895	FBgn0267555
CG32163	FBgn0052163
CG4195	FBgn0002283
CG16724	FBgn0003741
CG17286	FBgn0027500
CG32165	FBgn0042178
CR18217	FBgn0036646
CG32164	FBgn0042177
CG4098	FBgn0036648
CG4097	FBgn0002284
CG4086	FBgn0004465
CG4101	FBgn0025558
CR45865	FBgn0267525
CG4083	FBgn0017572
CG4032	FBgn0000017
CG3971	FBgn0260960
CR32162	FBgn0041721
CG12232	FBgn0010223
CR46033	FBgn0267697
CR45241	FBgn0266776
CG3948	FBgn0040512
CG13032	FBgn0036652
CG3849	FBgn0063485
CG43954	FBgn0264605
CR45179	FBgn0266689
CR45897	FBgn0267557
CG9692	FBgn0036654
CG9695	FBgn0000414
CG13026	FBgn0036656
CG13031	FBgn0036655
CG9697	FBgn0043577
CG9681	FBgn0043578
CG9680	FBgn0004556
CG9701	FBgn0036659
CG42852	FBgn0262099
CR46214	FBgn0267934
CG9704	FBgn0004108
CG13025	FBgn0287696
CG9705	FBgn0036661
CG9706	FBgn0036662
CG9677	FBgn0025582
CG9674	FBgn0036663
CG9710	FBgn0021768
CG13024	FBgn0036665
CG9712	FBgn0036666
CG9669	FBgn0036667
CG9715	FBgn0036668
CG32161	FBgn0052161
CG9668	FBgn0003250
CG9949	FBgn0003410
CG13030	FBgn0259794
CG13029	FBgn0036670
CG9951	FBgn0036671
CG42679	FBgn0261565
CG32170	FBgn0052170
CR45898	FBgn0267558
CG13028	FBgn0036676
CG13023	FBgn0036677
CG11905	FBgn0036678
CG13022	FBgn0036679
CG9665	FBgn0036680
CG13027	FBgn0036681
CG11661	FBgn0010352
CG42665	FBgn0261547
CG3764	FBgn0036684
CR42896	FBgn0262189
CG6664	FBgn0036685
CG7728	FBgn0036686
CG6652	FBgn0036687
CG6642	FBgn0011293
CG7729	FBgn0036688
CG7730	FBgn0036689
CG14059	FBgn0036690
CR45756	FBgn0267320
CR43250	FBgn0262895
CG7842	FBgn0036691
CG33522	FBgn0261872
CG7853	FBgn0036695
CG14057	FBgn0036696
CG7930	FBgn0010424
CG7725	FBgn0036697
CG7724	FBgn0036698
CG32169	FBgn0260943
CR43433	FBgn0263381
CG6512	FBgn0036702
CG7707	FBgn0036703
CR43870	FBgn0264462
CG6497	FBgn0036704
CR43874	FBgn0264466
CG13723	FBgn0036705
CR45436	FBgn0266985
CR42897	FBgn0262376
CG6485	FBgn0036706
CG13724	FBgn0036707
CG13725	FBgn0036708
CG13726	FBgn0036709
CR44563	FBgn0265756
CR44564	FBgn0265757
CG6479	FBgn0036710
CR32173	FBgn0052173
CG13727	FBgn0036711
CG16793	FBgn0036712
CG6456	FBgn0036713
CG7692	FBgn0036714
CG7659	FBgn0015550
CR45688	FBgn0267248
CG6445	FBgn0036715
CG13728	FBgn0036716
CG13731	FBgn0036717
CG3897	FBgn0027660
CR32172	FBgn0026197
CG3885	FBgn0266669
CG7630	FBgn0040793
CG33051	FBgn0053051
CG33052	FBgn0053052
CG32174	FBgn0052174
CG3874	FBgn0042641
CG32176	FBgn0052176
CG12229	FBgn0036723
CG18265	FBgn0036725
CR44565	FBgn0265758
CG7603	FBgn0036726
CG7589	FBgn0036727
CG7580	FBgn0036728
CG46525	FBgn0288810
CG34250	FBgn0085279
CG13733	FBgn0036729
CG13732	FBgn0036730
CG6333	FBgn0036731
CG7571	FBgn0036732
CG32185	FBgn0052185
CG6322	FBgn0036733
CG7564	FBgn0036734
CG6311	FBgn0036735
CR43593	FBgn0263478
CR45165	FBgn0266675
CG42279	FBgn0259174
CG6298	FBgn0023197
CG7542	FBgn0036738
CG6292	FBgn0025455
CG32180	FBgn0000567
CG6259	FBgn0036740
CG7510	FBgn0036741
CR43571	FBgn0261454
CR44566	FBgn0265759
CR44567	FBgn0265760
CG7497	FBgn0036742
CG6143	FBgn0004401
CG43085	FBgn0262531
CG32177	FBgn0052177
CG32179	FBgn0052179
CG7484	FBgn0036745
CG6064	FBgn0036746
CR33683	FBgn0065088
CG34251	FBgn0085280
CG32183	FBgn0052183
CR45976	FBgn0267638
CG33924	FBgn0261294
CG6052	FBgn0036747
CG7460	FBgn0036749
CG6034	FBgn0036750
CG5998	FBgn0036751
CG5992	FBgn0036752
CG32178	FBgn0043025
CG32182	FBgn0052182
CG32181	FBgn0052181
CR44668	FBgn0265879
CG42815	FBgn0261997
CG42816	FBgn0261998
CG32190	FBgn0052190
CG5589	FBgn0036754
CG32187	FBgn0052187
CG32191	FBgn0052191
CG5582	FBgn0036756
CG14585	FBgn0036757
CG42643	FBgn0261402
CG42642	FBgn0261401
CG7446	FBgn0001134
CG32188	FBgn0052188
CG32189	FBgn0052189
CG5577	FBgn0036759
CG5567	FBgn0036760
CR45175	FBgn0266685
CG5546	FBgn0036761
CG7430	FBgn0289579
CG7441	FBgn0036763
CG5535	FBgn0036764
CG34002	FBgn0054002
CR43086	FBgn0262532
CR43087	FBgn0262533
CG7408	FBgn0036765
CG5506	FBgn0036766
CR42548	FBgn0260721
CG16775	FBgn0036767
CG7402	FBgn0036768
CG5492	FBgn0036769
CG5485	FBgn0036770
CG14353	FBgn0036771
CG5290	FBgn0036772
CR43174	FBgn0267794
CR45393	FBgn0266942
CG8127	FBgn0000568
CR45921	FBgn0267581
CR45922	FBgn0267582
CG32192	FBgn0052192
CG42393	FBgn0259739
CG44006	FBgn0264748
CG44005	FBgn0264747
CG44004	FBgn0264746
CR45391	FBgn0266940
CR45392	FBgn0266941
CR43253	FBgn0262898
CR32194	FBgn0052194
CG34253	FBgn0085282
CG13698	FBgn0036773
CG7354	FBgn0036774
CG5147	FBgn0036775
CG7347	FBgn0002901
CG7341	FBgn0036777
CG32195	FBgn0052195
CG42853	FBgn0262100
CG5137	FBgn0036778
CR44669	FBgn0265880
CG13695	FBgn0020300
CG7330	FBgn0036780
CG13699	FBgn0036781
CG5123	FBgn0003997
CR45234	FBgn0266769
CG7320	FBgn0036782
CR45935	FBgn0267597
CR45937	FBgn0267599
CR45936	FBgn0267598
CG7313	FBgn0036783
CG5103	FBgn0036784
CR43306	FBgn0262998
CG13700	FBgn0036785
CG4345	FBgn0015946
CR45975	FBgn0267637
CR45974	FBgn0267636
CR46353	FBgn0286033
CG4319	FBgn0011706
CR46215	FBgn0267935
CG13701	FBgn0036786
CR43280	FBgn0262969
CR44670	FBgn0265881
CR44671	FBgn0265882
CG32196	FBgn0052196
CG4306	FBgn0036787
CG18064	FBgn0028415
CG32197	FBgn0028416
CR44672	FBgn0265883
CR44673	FBgn0265884
CG13702	FBgn0036789
CG32198	FBgn0052198
CG7285	FBgn0036790
CR45435	FBgn0266984
CG7271	FBgn0036791
CG4216	FBgn0003683
CR45389	FBgn0266938
CR45390	FBgn0266939
CG4174	FBgn0036793
CG13380	FBgn0036799
CG18234	FBgn0265268
CG18233	FBgn0036795
CG18231	FBgn0036796
CG32201	FBgn0052201
CG32199	FBgn0052199
CG4166	FBgn0013717
CR32200	FBgn0052200
CG6897	FBgn0259791
CG6896	FBgn0036801
CG42495	FBgn0260027
CG18811	FBgn0042134
CG4144	FBgn0040322
CG6895	FBgn0040323
CR46422	FBgn0286925
CR34254	FBgn0085283
CG13379	FBgn0036804
CG32202	FBgn0052202
CG4108	FBgn0036805
CG4120	FBgn0036806
CR43987	FBgn0264719
CG6893	FBgn0036807
CG18363	FBgn0036808
CR44674	FBgn0265885
CG12477	FBgn0036809
CR43985	FBgn0264717
CG6885	FBgn0036810
CG6884	FBgn0036811
CG4076	FBgn0036812
CG6877	FBgn0036813
CG4059	FBgn0001078
CR45938	FBgn0267600
CR45939	FBgn0267601
CG14073	FBgn0036814
CG6874	FBgn0036815
CG6871	FBgn0000261
CG3979	FBgn0036816
CR32027	FBgn0052027
CR45388	FBgn0266937
CR45387	FBgn0266936
CR45912	FBgn0267572
CR43036	FBgn0262461
CG6865	FBgn0036817
CG14074	FBgn0036818
CG6856	FBgn0036819
CG6852	FBgn0036820
CG3945	FBgn0025807
CG34255	FBgn0085284
CG6850	FBgn0014075
CG3961	FBgn0036821
CG11637	FBgn0036822
CG3902	FBgn0036824
CR33686	FBgn0086661
CG6846	FBgn0036825
CG3893	FBgn0036826
CG6843	FBgn0036827
CG3889	FBgn0027057
CG6841	FBgn0036828
CG14077	FBgn0036830
CG14076	FBgn0036829
CG6839	FBgn0036831
CG18223	FBgn0036832
CG3819	FBgn0036833
CG32204	FBgn0052204
CG43049	FBgn0262351
CG6836	FBgn0036834
CR45689	FBgn0267249
CG14075	FBgn0036835
CG11619	FBgn0036836
CG34256	FBgn0085285
CG18135	FBgn0036837
CG3808	FBgn0036838
CG18136	FBgn0036839
CG11614	FBgn0002945
CR45940	FBgn0267602
CG3801	FBgn0015586
CR44675	FBgn0265886
CG43407	FBgn0263326
CG3797	FBgn0036842
CG6812	FBgn0036843
CG14080	FBgn0036844
CR45386	FBgn0266935
CG6818	FBgn0036846
CG11577	FBgn0036847
CG10424	FBgn0036848
CG14079	FBgn0036849
CG10419	FBgn0036850
CG14082	FBgn0036851
CG32203	FBgn0052203
CG9739	FBgn0016797
CR45941	FBgn0267603
CR43893	FBgn0264485
CG33647	FBgn0053647
CR43892	FBgn0264484
CR46216	FBgn0267936
CG9730	FBgn0036853
CG9750	FBgn0040075
CG9655	FBgn0026630
CR45210	FBgn0266737
CG14084	FBgn0260857
CG9648	FBgn0017578
CG9666	FBgn0036856
CG42374	FBgn0259720
CG45081	FBgn0266456
CG9629	FBgn0036857
CG14085	FBgn0036859
CG14088	FBgn0036858
CG14086	FBgn0036860
CG14089	FBgn0036861
CG9619	FBgn0036862
CG9670	FBgn0028380
CR46048	FBgn0267715
CG9614	FBgn0003089
CG32206	FBgn0052206
CG14087	FBgn0036868
CR43966	FBgn0264697
CR32205	FBgn0052205
CR33255	FBgn0053255
CR42838	FBgn0262027
CR45732	FBgn0267296
CG33062	FBgn0053062
CG9594	FBgn0023395
CR45434	FBgn0266983
CG14095	FBgn0036870
CG14096	FBgn0036871
CG32214	FBgn0052214
CG32208	FBgn0052208
CG12519	FBgn0036872
CR46047	FBgn0267714
CG18294	FBgn0036873
CG32213	FBgn0052213
CR32207	FBgn0052207
CR42842	FBgn0262031
CG9472	FBgn0036874
CR33940	FBgn0062928
CG32212	FBgn0052212
CG9449	FBgn0036875
CG9451	FBgn0036876
CG9452	FBgn0036877
CR45731	FBgn0267295
CG9283	FBgn0036878
CG9290	FBgn0036879
CG9295	FBgn0036880
CG9299	FBgn0036881
CG9279	FBgn0036882
CG46434	FBgn0286940
CR43885	FBgn0264477
CG32210	FBgn0262517
CG14098	FBgn0260461
CG46435	FBgn0286941
CG9300	FBgn0036886
CR44677	FBgn0265888
CR44676	FBgn0265887
CR45916	FBgn0267576
CR42891	FBgn0262373
CG9262	FBgn0005564
CG9231	FBgn0036887
CG9330	FBgn0036888
CG14100	FBgn0036889
CG8887	FBgn0005386
CG32211	FBgn0010417
CG9368	FBgn0036890
CG8807	FBgn0020277
CG9372	FBgn0036891
CG8798	FBgn0036892
CG9376	FBgn0036893
CG8793	FBgn0260655
CG9383	FBgn0029094
CG9392	FBgn0036895
CG8789	FBgn0036896
CG8786	FBgn0036897
CG8782	FBgn0022774
CG8780	FBgn0036899
CR44678	FBgn0265889
CG8765	FBgn0036900
CG8770	FBgn0004623
CG8756	FBgn0261341
CG32209	FBgn0260653
CG8743	FBgn0262516
CG42637	FBgn0261360
CG42529	FBgn0260434
CG42638	FBgn0261361
CG42636	FBgn0266136
CG14101	FBgn0036905
CG8522	FBgn0261283
CR42928	FBgn0262393
CG14102	FBgn0036906
CG42584	FBgn0260874
CG14103	FBgn0036908
CG15881	FBgn0036909
CG34116	FBgn0083952
CG14104	FBgn0040786
CG8548	FBgn0024889
CG8733	FBgn0036910
CG8727	FBgn0023094
CG8660	FBgn0036911
CG8567	FBgn0013799
CG8637	FBgn0003744
CG32221	FBgn0052221
CG8491	FBgn0001324
CG8363	FBgn0020389
CR45433	FBgn0266982
CG8287	FBgn0262518
CG8334	FBgn0036913
CG8103	FBgn0262519
CG32217	FBgn0014037
CR32218	FBgn0052218
CR43889	FBgn0264481
CG7757	FBgn0036915
CG8025	FBgn0036916
CG7762	FBgn0028695
CG8013	FBgn0020887
CG7770	FBgn0036918
CG7809	FBgn0036919
CG8004	FBgn0036920
CG7823	FBgn0036921
CG46462	FBgn0287592
CR45678	FBgn0267238
CG7978	FBgn0004852
CG32219	FBgn0052219
CG34258	FBgn0085287
CG33710	FBgn0053710
CG42655	FBgn0261507
CG42654	FBgn0261506
CG42263	FBgn0259148
CG14182	FBgn0036922
CG17732	FBgn0036923
CG7570	FBgn0036924
CG17736	FBgn0036925
CG32220	FBgn0052220
CG7445	FBgn0005633
CR45161	FBgn0266654
CG7641	FBgn0013303
CG7646	FBgn0036926
CG7433	FBgn0036927
CG7654	FBgn0036928
CG7668	FBgn0036929
CG7749	FBgn0261574
CG14183	FBgn0036931
CG14184	FBgn0036932
CG7395	FBgn0036934
CG14186	FBgn0036935
CR44679	FBgn0265890
CG14185	FBgn0036936
CG7385	FBgn0036937
CG14187	FBgn0036938
CG7365	FBgn0036939
CG6975	FBgn0005198
CG7348	FBgn0036940
CG7335	FBgn0036941
CG7328	FBgn0036942
CG42674	FBgn0261556
CR45942	FBgn0267604
CG6981	FBgn0036945
CG42833	FBgn0262022
CG7306	FBgn0036947
CG7298	FBgn0036948
CG7290	FBgn0036949
CG6996	FBgn0036950
CR32224	FBgn0052224
CG7017	FBgn0036951
CG6933	FBgn0036952
CG17145	FBgn0036953
CG17147	FBgn0260393
CG17149	FBgn0260397
CG13813	FBgn0036956
CG17233	FBgn0036958
CG6948	FBgn0024814
CG6951	FBgn0036959
CG44746	FBgn0265959
CR43876	FBgn0264468
CG32228	FBgn0052228
CG32227	FBgn0052227
CG17122	FBgn0036962
CR43890	FBgn0264482
CG6480	FBgn0036964
CG32226	FBgn0288469
CG6597	FBgn0036967
CR43872	FBgn0264464
CG32225	FBgn0052225
CG12306	FBgn0003124
CG6625	FBgn0250791
CR43875	FBgn0264467
CG6680	FBgn0262057
CG6663	FBgn0036969
CR6434	FBgn0036972
CG6289	FBgn0036970
CR45385	FBgn0266934
CG5585	FBgn0036973
CG5605	FBgn0036974
CG5618	FBgn0036975
CG5649	FBgn0024887
CG5665	FBgn0036977
CG5553	FBgn0259676
CG5528	FBgn0036978
CG16993	FBgn0001259
CG13247	FBgn0036979
CG5517	FBgn0001247
CG5701	FBgn0036980
CG5498	FBgn0027565
CG5725	FBgn0011205
CR43944	FBgn0264572
CG33969	FBgn0053969
CR45677	FBgn0267237
CG5408	FBgn0028978
CR45973	FBgn0267635
CG13248	FBgn0036984
CG5847	FBgn0036985
CG5282	FBgn0036986
CG5274	FBgn0036987
CG5262	FBgn0036988
CG5231	FBgn0029158
CG18803	FBgn0284421
CG5219	FBgn0036990
CG5872	FBgn0036991
CG11796	FBgn0036992
CR45176	FBgn0266686
CR43943	FBgn0264571
CG5910	FBgn0036993
CG5199	FBgn0036994
CR42454	FBgn0083120
CR34644	FBgn0082949
CR34645	FBgn0082948
CR34646	FBgn0082947
CG5195	FBgn0036995
CG5932	FBgn0036996
CG42764	FBgn0261832
CG5955	FBgn0036997
CG32428	FBgn0052428
CG5969	FBgn0036998
CG5976	FBgn0036999
CG5130	FBgn0037000
CG6020	FBgn0037001
CG32425	FBgn0052425
CG18281	FBgn0037003
CG17637	FBgn0037004
CG5078	FBgn0037005
CG5059	FBgn0037007
CG5047	FBgn0037008
CG5104	FBgn0037009
CG4825	FBgn0287585
CG4858	FBgn0037011
CG4786	FBgn0037012
CG13250	FBgn0037013
CR46325	FBgn0284411
CR46326	FBgn0284412
CG4761	FBgn0001323
CR44684	FBgn0265895
CR44683	FBgn0265894
CR44680	FBgn0265891
CR44681	FBgn0265892
CR44682	FBgn0265893
CG13251	FBgn0037014
CR44685	FBgn0265896
CG4717	FBgn0001320
CG13253	FBgn0037015
CG34260	FBgn0085289
CR43945	FBgn0264573
CG13252	FBgn0037016
CG32433	FBgn0045474
CG33912	FBgn0053912
CG43251	FBgn0262896
CG4074	FBgn0037017
CG4186	FBgn0040634
CG4042	FBgn0037018
CG4268	FBgn0016696
CG3947	FBgn0037019
CG4289	FBgn0037020
CG11399	FBgn0037021
CR46484	FBgn0287615
CG11396	FBgn0037022
CG3871	FBgn0027364
CR43705	FBgn0263844
CR43706	FBgn0263845
CG3698	FBgn0037023
CG4365	FBgn0037024
CG11451	FBgn0037025
CG3634	FBgn0037026
CG3680	FBgn0037027
CG3618	FBgn0037028
CG42341	FBgn0259243
CG3354	FBgn0086915
CR45384	FBgn0266933
CG3288	FBgn0037030
CG13255	FBgn0040636
CR45943	FBgn0267605
CG18332	FBgn0027055
CG11456	FBgn0037031
CG32432	FBgn0052432
CR44686	FBgn0265897
CG42482	FBgn0259972
CG43931	FBgn0264552
CR45383	FBgn0266932
CG11458	FBgn0040637
CR45733	FBgn0267297
CR43930	FBgn0264551
CR45734	FBgn0267298
CR43929	FBgn0264550
CG10580	FBgn0011591
CG10589	FBgn0037035
CR45243	FBgn0266778
CG10586	FBgn0037036
CG10588	FBgn0037037
CG11037	FBgn0037038
CG10587	FBgn0037039
CG12983	FBgn0037040
CG33287	FBgn0053287
CG33286	FBgn0053286
CR33283	FBgn0053283
CG12984	FBgn0037042
CG9936	FBgn0003415
CR45944	FBgn0267606
CR43601	FBgn0263486
CG10585	FBgn0037044
CR45801	FBgn0267451
CG10584	FBgn0037045
CG10582	FBgn0028402
CG10581	FBgn0037046
CG32434	FBgn0026179
CG43072	FBgn0262482
CG10573	FBgn0020294
CG33285	FBgn0053285
CR45945	FBgn0267607
CG43938	FBgn0264566
CG33284	FBgn0053284
CG10566	FBgn0037050
CG10565	FBgn0037051
CG10564	FBgn0024150
CG32435	FBgn0021760
CG33486	FBgn0270926
CG42337	FBgn0259239
CR45951	FBgn0267613
CG10523	FBgn0041100
CG34261	FBgn0085290
CG33054	FBgn0053054
CG33056	FBgn0053056
CG10512	FBgn0037057
CG10510	FBgn0037059
CG10508	FBgn0037060
CG12975	FBgn0037061
CG10504	FBgn0028427
CG43219	FBgn0262855
CG18023	FBgn0004865
CG43218	FBgn0262854
CG9391	FBgn0037063
CG9389	FBgn0037064
CR45162	FBgn0266655
CG9390	FBgn0012034
CG7758	FBgn0027945
CG12974	FBgn0037065
CG7752	FBgn0259785
CG11310	FBgn0037067
CG7663	FBgn0037068
CG7673	FBgn0000551
CG43702	FBgn0263841
CG7658	FBgn0037069
CR45432	FBgn0266981
CG11309	FBgn0037070
CR45952	FBgn0267614
CG7632	FBgn0037071
CG32443	FBgn0003042
CR45674	FBgn0267234
CG34410	FBgn0086913
CR46068	FBgn0267737
CG7338	FBgn0037073
CG7324	FBgn0037074
CG32436	FBgn0052436
CG12972	FBgn0037076
CG12971	FBgn0037078
CG32437	FBgn0052437
CG32440	FBgn0052440
CG6014	FBgn0261258
CR45953	FBgn0267615
CG11308	FBgn0002842
CR45954	FBgn0267616
CG6049	FBgn0037081
CG33288	FBgn0053288
CG5683	FBgn0005694
CG5664	FBgn0037082
CG5656	FBgn0283479
CG5081	FBgn0267849
CG5069	FBgn0014143
CG7204	FBgn0037085
CG7202	FBgn0037086
CG7519	FBgn0037087
CG7199	FBgn0015239
CR43933	FBgn0264554
CG33214	FBgn0264561
CG7529	FBgn0037090
CG7540	FBgn0037092
CG7186	FBgn0026371
CG7597	FBgn0037093
CG7611	FBgn0037094
CG32442	FBgn0052442
CR43877	FBgn0264469
CG7184	FBgn0029152
CG33289	FBgn0053289
CG7619	FBgn0015283
CG7181	FBgn0263911
CG7625	FBgn0028663
CG33290	FBgn0053290
CG7177	FBgn0037098
CG7173	FBgn0037099
CG14575	FBgn0037100
CG7634	FBgn0037101
CG7172	FBgn0037102
CG32438	FBgn0052438
CR43037	FBgn0262330
CG32441	FBgn0052441
CR43939	FBgn0264567
CR46340	FBgn0285994
CG7807	FBgn0261953
CR43940	FBgn0264568
CG7169	FBgn0037105
CG11307	FBgn0037106
CG7166	FBgn0037107
CG11306	FBgn0037108
CG7162	FBgn0037109
CG14577	FBgn0037110
CR45955	FBgn0267617
CG32444	FBgn0043783
CG32445	FBgn0052445
CG32446	FBgn0052446
CR45956	FBgn0267618
CG43980	FBgn0264711
CG7160	FBgn0037114
CR43977	FBgn0264708
CR45920	FBgn0267580
CR42965	FBgn0262417
CG11249	FBgn0037115
CG7158	FBgn0037116
CR43979	FBgn0264710
CG11248	FBgn0037117
CG42607	FBgn0261059
CR43978	FBgn0264709
CG32447	FBgn0052447
CG11247	FBgn0037120
CG11246	FBgn0037121
CG14570	FBgn0037122
CG14569	FBgn0037123
CG14568	FBgn0037124
CG14573	FBgn0037125
CR43888	FBgn0264480
CG14567	FBgn0037126
CG14566	FBgn0037127
CG14572	FBgn0037128
CG14565	FBgn0037129
CG7152	FBgn0037130
CG14564	FBgn0037131
CR45957	FBgn0267619
CG7370	FBgn0037133
CR45958	FBgn0267620
CG7383	FBgn0000560
CG43895	FBgn0264487
CG7405	FBgn0022936
CG7407	FBgn0037134
CG7414	FBgn0037135
CG32448	FBgn0052448
CR46526	FBgn0288811
CR43309	FBgn0263001
CG7148	FBgn0046301
CG7421	FBgn0037137
CG7145	FBgn0037138
CG14563	FBgn0037139
CG7437	FBgn0262737
CR32449	FBgn0052449
CR43878	FBgn0264470
CR45959	FBgn0267621
CG7442	FBgn0037140
CG7143	FBgn0037141
CG14562	FBgn0037142
CR7448	FBgn0037143
CR45803	FBgn0267453
CG7458	FBgn0037144
CR34262	FBgn0085291
CR45757	FBgn0267321
CG7464	FBgn0029091
CG7470	FBgn0037146
CG7478	FBgn0000045
CG7140	FBgn0037147
CG43392	FBgn0263249
CR44687	FBgn0265898
CG7485	FBgn0004514
CG14561	FBgn0037149
CG7139	FBgn0027532
CR43995	FBgn0264727
CG7133	FBgn0037150
CG7130	FBgn0037151
CG7490	FBgn0000100
CG42483	FBgn0259973
CG14560	FBgn0004414
CR45236	FBgn0266771
CG12673	FBgn0037153
CR45971	FBgn0267633
CR45972	FBgn0267634
CR45035	FBgn0266395
CG9063	FBgn0028500
CG9054	FBgn0015075
CG11523	FBgn0037156
CG6395	FBgn0004179
CR46359	FBgn0286037
CG11489	FBgn0025702
CR45960	FBgn0267622
CG5837	FBgn0011771
CG11471	FBgn0027086
CG5723	FBgn0004449
CG32450	FBgn0052450
CR45963	FBgn0267625
CR45962	FBgn0267624
CR45964	FBgn0267626
CR45965	FBgn0267627
CR45237	FBgn0266772
CR45966	FBgn0267628
CG11449	FBgn0037162
CG11440	FBgn0037163
CG11438	FBgn0037164
CG11437	FBgn0037165
CG11426	FBgn0037166
CR45382	FBgn0266931
CG11425	FBgn0037167
CR45430	FBgn0266979
CR45431	FBgn0266980
CG43312	FBgn0263004
CG43331	FBgn0263036
CG43330	FBgn0263035
CG43329	FBgn0263034
CR45429	FBgn0266978
CR42889	FBgn0262182
CG11404	FBgn0037169
CG11401	FBgn0037170
CR46348	FBgn0286028
CG14459	FBgn0037171
CG6914	FBgn0037172
CR45967	FBgn0267629
CR45381	FBgn0266930
CG33766	FBgn0053766
CG33767	FBgn0053767
CG33768	FBgn0053768
CG33769	FBgn0053769
CG33770	FBgn0053770
CG33771	FBgn0053771
CG33772	FBgn0053772
CR43270	FBgn0262951
CR42956	FBgn0262249
CG14457	FBgn0037174
CG14455	FBgn0037175
CG14456	FBgn0037176
CG14454	FBgn0037177
CG12546	FBgn0037178
CG14453	FBgn0037179
CG14452	FBgn0037180
CG32453	FBgn0052453
CG45116	FBgn0266591
CR46227	FBgn0267947
CG11370	FBgn0037181
CG6838	FBgn0037182
CG32452	FBgn0052452
CG11254	FBgn0016034
CG14451	FBgn0037183
CG14450	FBgn0037184
CG11367	FBgn0037185
CG32454	FBgn0260481
CG11241	FBgn0037186
CG11238	FBgn0010830
CR45163	FBgn0266656
CG7369	FBgn0037188
CG32451	FBgn0052451
CR45961	FBgn0267623
CG14448	FBgn0037191
CG11352	FBgn0027339
CG45428	FBgn0266977
CG11226	FBgn0037195
CR45659	FBgn0267219
CR32456	FBgn0266585
CR32460	FBgn0052460
CR43426	FBgn0263345
CG32462	FBgn0052462
CG32459	FBgn0052459
CG13239	FBgn0037197
CG33169	FBgn0053169
CG33170	FBgn0053170
CG11137	FBgn0037199
CG8385	FBgn0010348
CR32907	FBgn0020518
CR45969	FBgn0267631
CG11109	FBgn0037200
CR45968	FBgn0267630
CG10712	FBgn0044324
CG11115	FBgn0037202
CR45970	FBgn0267632
CG11128	FBgn0037203
CR44688	FBgn0265899
CR44689	FBgn0265900
CG11131	FBgn0037204
CG11133	FBgn0037205
CR45661	FBgn0267221
CG12768	FBgn0037206
CR46297	FBgn0283638
CG11100	FBgn0037207
CG32461	FBgn0052461
CR45758	FBgn0267322
CG32457	FBgn0052457
CG43079	FBgn0262509
CG17521	FBgn0024733
CG17520	FBgn0264492
CG33217	FBgn0053217
CR41454	FBgn0084017
CG32350	FBgn0052350
CR45164	FBgn0266657
CG34031	FBgn0054031
CR43967	FBgn0264698
CR45735	FBgn0267299
CG12414	FBgn0266347
CR46475	FBgn0287606
CG17947	FBgn0010215
CR43558	FBgn0263573
CG32230	FBgn0052230
CG40300	FBgn0250816
CR45174	FBgn0266684
CG17454	FBgn0039977
CG40298	FBgn0058298
CR45736	FBgn0267300
CG17698	FBgn0040056
CG43968	FBgn0264699
CG40470	FBgn0058470
CR43941	FBgn0264569
CR43942	FBgn0264570
CR40053	FBgn0058053
CG40045	FBgn0058045
CG40452	FBgn0011288
CR45159	FBgn0266652
CG40050	FBgn0287185
CR12460	FBgn0040045
CG40049	FBgn0287187
CR42722	FBgn0261639
CR42723	FBgn0261640
CR41597	FBgn0085810
CG17594	FBgn0287186
CG40472	FBgn0085736
CR46483	FBgn0287614
CG40002	FBgn0058002
CG40351	FBgn0040022
CG17397	FBgn0040020
CG41623	FBgn0260008
CR40354	FBgn0058354
CG45782	FBgn0267429
CR40450	FBgn0085734
CR45180	FBgn0266690
CG17374	FBgn0287184
CG40178	FBgn0287183
CR45182	FBgn0266692
CR41320	FBgn0085612
CG40160	FBgn0058160
CG41284	FBgn0085599
CG42598	FBgn0260997
CG40228	FBgn0063670
CR45177	FBgn0266687
CR46252	FBgn0267985
CR45181	FBgn0266691
CG17436	FBgn0260987
CR43170	FBgn0262789
CG17420	FBgn0028697
CR46384	FBgn0286758
CR43566	FBgn0086533
CG17023	FBgn0024804
CR46250	FBgn0267983
CR46482	FBgn0287613
CG10837	FBgn0020660
CR14578	FBgn0260469
CG17514	FBgn0287182
CG45784	FBgn0267431
CR41571	FBgn0085804
CR12798	FBgn0039987
CR46123	FBgn0267798
CR46122	FBgn0267797
CR40182	FBgn0058182
CG45783	FBgn0267430
CR45220	FBgn0266747
CG41624	FBgn0086917
CG40411	FBgn0010247
CG40410	FBgn0086378
CR46141	FBgn0267816
CG40451	FBgn0263977
CG41128	FBgn0069923
CG41099	FBgn0039955
CG42402	FBgn0259821
CG12449	FBgn0287209
CR41601	FBgn0085812
CG40198	FBgn0058198
CR46431	FBgn0286937
CG12581	FBgn0037213
CR33294	FBgn0053294
CG18090	FBgn0000500
CG12582	FBgn0037215
CG14636	FBgn0037217
CG1107	FBgn0037218
CG31516	FBgn0051516
CG18143	FBgn0261436
CG14641	FBgn0037220
CG14637	FBgn0015331
CG1106	FBgn0010225
CR46255	FBgn0267988
CG14642	FBgn0037222
CG34305	FBgn0085334
CR14638	FBgn0037223
CG14639	FBgn0037224
CG14643	FBgn0037225
CG14644	FBgn0250821
CG14640	FBgn0037227
CG31519	FBgn0041621
CG1092	FBgn0037228
CG9766	FBgn0037229
CR45597	FBgn0267157
CG32490	FBgn0041605
CG9780	FBgn0037230
CR42921	FBgn0262214
CG9779	FBgn0037231
CG1102	FBgn0027930
CR46140	FBgn0267815
CG9791	FBgn0037232
CG9778	FBgn0261086
CG9795	FBgn0037234
CG9776	FBgn0027866
CG9772	FBgn0037236
CG14645	FBgn0040687
CG1103	FBgn0037235
CG9768	FBgn0261434
CG1090	FBgn0037238
CR44922	FBgn0266227
CG11739	FBgn0037239
CG1084	FBgn0037240
CG10520	FBgn0003882
CG14646	FBgn0037241
CG34112	FBgn0086608
CR46139	FBgn0267814
CR45999	FBgn0267661
CG9855	FBgn0037242
CG9853	FBgn0086605
CG14647	FBgn0037244
CR45187	FBgn0266697
CG14648	FBgn0263594
CG32944	FBgn0052944
CG31528	FBgn0051528
CG9809	FBgn0037248
CG31525	FBgn0051525
CG9805	FBgn0037249
CG1074	FBgn0037250
CR46138	FBgn0267813
CG9804	FBgn0037251
CR44134	FBgn0264983
CG14650	FBgn0037252
CG31522	FBgn0051522
CR43629	FBgn0263620
CG31523	FBgn0051523
CG14651	FBgn0037254
CG1078	FBgn0037255
CG34357	FBgn0085386
CG34425	FBgn0085454
CR31526	FBgn0051526
CG12586	FBgn0037260
CG32945	FBgn0052945
CR45558	FBgn0267118
CR44317	FBgn0265376
CG1056	FBgn0087012
CR45673	FBgn0267233
CG9775	FBgn0037261
CR46358	FBgn0286036
CG18271	FBgn0037263
CG1057	FBgn0037262
CG9771	FBgn0040466
CG1058	FBgn0022981
CR44155	FBgn0265038
CG1059	FBgn0087013
CG12001	FBgn0037265
CG43427	FBgn0263346
CR44156	FBgn0265039
CR44157	FBgn0265040
CG33927	FBgn0053927
CG9769	FBgn0037270
CR44923	FBgn0266228
CG9761	FBgn0027570
CG9765	FBgn0026620
CR46137	FBgn0267812
CR46280	FBgn0283546
CG2503	FBgn0010750
CG44098	FBgn0264907
CG44088	FBgn0264897
CG14655	FBgn0037275
CG17387	FBgn0037276
CG42574	FBgn0260794
CG2525	FBgn0026417
CG1129	FBgn0037279
CG1126	FBgn0037280
CG14657	FBgn0037282
CG14658	FBgn0037283
CG14659	FBgn0037284
CG1133	FBgn0003002
CG14660	FBgn0020280
CR45580	FBgn0267140
CG1119	FBgn0004913
CG44193	FBgn0265082
CR45188	FBgn0266698
CR32862	FBgn0004183
CG2013	FBgn0004436
CG14661	FBgn0037288
CG2016	FBgn0250839
CG1124	FBgn0037290
CG14662	FBgn0037291
CR43478	FBgn0263455
CR43424	FBgn0263343
CG2022	FBgn0037292
CR45585	FBgn0267145
CR46352	FBgn0286032
CR43635	FBgn0263626
CR45588	FBgn0267148
CG2530	FBgn0010313
CG43131	FBgn0262605
CG12007	FBgn0037293
CG12589	FBgn0040684
CG12591	FBgn0037295
CG12590	FBgn0037294
CR46401	FBgn0286879
CG42312	FBgn0259212
CR43269	FBgn0263018
CG12161	FBgn0037296
CG1116	FBgn0037297
CG2604	FBgn0037298
CG14664	FBgn0040682
CG1115	FBgn0037299
CG10229	FBgn0040208
CG12005	FBgn0037301
CG10233	FBgn0087005
CG12163	FBgn0260462
CG33293	FBgn0053293
CR44019	FBgn0264789
CG1113	FBgn0037304
CG12173	FBgn0037305
CG44015	FBgn0264785
CG14666	FBgn0037307
CR45793	FBgn0267443
CR45033	FBgn0266393
CG32464	FBgn0013576
CG31538	FBgn0051538
CG1158	FBgn0037310
CG11999	FBgn0037312
CG1161	FBgn0037313
CG12000	FBgn0250746
CG16708	FBgn0037315
CR44103	FBgn0264912
CG31542	FBgn0051542
CG34277	FBgn0085306
CG1163	FBgn0003275
CG2669	FBgn0086695
CG14667	FBgn0037317
CG1168	FBgn0041707
CG2666	FBgn0001311
CG14668	FBgn0037320
CR31593	FBgn0011965
CG1172	FBgn0264712
CG10612	FBgn0037322
CG2663	FBgn0037323
CG10609	FBgn0037324
CG14669	FBgn0037326
CG12147	FBgn0037325
CG2087	FBgn0037327
CG2099	FBgn0037328
CG12162	FBgn0037329
CG2109	FBgn0037330
CG1064	FBgn0011715
CG2128	FBgn0025825
CG45100	FBgn0266539
CG14670	FBgn0037332
CG2899	FBgn0015402
CG31550	FBgn0051550
CG31547	FBgn0051547
CG2902	FBgn0010399
CG1063	FBgn0010051
CG43845	FBgn0264427
CG2519	FBgn0037336
CG10390	FBgn0014342
CG2152	FBgn0086768
CG10018	FBgn0037338
CG2929	FBgn0037339
CR43599	FBgn0263484
CR46136	FBgn0267811
CG14671	FBgn0037340
CG12746	FBgn0037341
CG2931	FBgn0037342
CG1081	FBgn0041191
CG1411	FBgn0023023
CG2926	FBgn0037344
CR46380	FBgn0286738
CG2948	FBgn0037345
CG2925	FBgn0014366
CG1088	FBgn0283535
CG2922	FBgn0250753
CR34607	FBgn0082961
CR34608	FBgn0082962
CR34609	FBgn0082978
CR34610	FBgn0082979
CR34611	FBgn0082954
CR33709	FBgn0086662
CR34612	FBgn0082988
CR34613	FBgn0082989
CG1427	FBgn0037347
CG2919	FBgn0261004
CG2161	FBgn0017550
CR43628	FBgn0263619
CR46355	FBgn0285959
CR46135	FBgn0267810
CG1433	FBgn0019637
CG14672	FBgn0044823
CG2911	FBgn0037350
CG1475	FBgn0037351
CR34679	FBgn0260002
CR34680	FBgn0086051
CG31551	FBgn0051551
CG31549	FBgn0051549
CG12171	FBgn0037354
CG31546	FBgn0051546
CG31548	FBgn0051548
CG12170	FBgn0037356
CG2244	FBgn0027951
CG1250	FBgn0262125
CG2185	FBgn0037358
CG1245	FBgn0037359
CG2182	FBgn0037360
CR44093	FBgn0264902
CG1109	FBgn0046222
CR46134	FBgn0267809
CG2179	FBgn0010772
CG1347	FBgn0037363
CG2108	FBgn0037364
CG42612	FBgn0261261
CG2104	FBgn0037365
CG2102	FBgn0004878
CR44924	FBgn0266229
CG1239	FBgn0037368
CG2100	FBgn0037369
CG1236	FBgn0037370
CG2097	FBgn0037371
CG1098	FBgn0027497
CG2091	FBgn0037372
CG2095	FBgn0266672
CG2082	FBgn0027608
CG10978	FBgn0037374
CG1193	FBgn0037375
CG2051	FBgn0037376
CG1100	FBgn0028690
CG1218	FBgn0037377
CG2046	FBgn0037378
CG10979	FBgn0037379
CG11000	FBgn0263353
CG42675	FBgn0261561
CG2031	FBgn0037382
CG46303	FBgn0284081
CG2023	FBgn0037383
CG10981	FBgn0037384
CG14675	FBgn0037385
CG1208	FBgn0037386
CR45192	FBgn0266702
CG1213	FBgn0037387
CG14676	FBgn0037388
CR10991	FBgn0037389
CG2019	FBgn0029088
CG34287	FBgn0085316
CG10610	FBgn0028436
CG2017	FBgn0037391
CR46133	FBgn0267808
CG34113	FBgn0083949
CR45761	FBgn0267399
CR45762	FBgn0267400
CG11373	FBgn0040679
CR44925	FBgn0266230
CR44926	FBgn0266231
CR46331	FBgn0284417
CG11421	FBgn0011281
CG11422	FBgn0010403
CR44927	FBgn0266232
CR44928	FBgn0266233
CG10279	FBgn0003261
CG10280	FBgn0037395
CG11459	FBgn0037396
CR1075	FBgn0037397
CR46221	FBgn0267941
CR44921	FBgn0266226
CG15580	FBgn0037398
CG15581	FBgn0037399
CG10287	FBgn0026077
CR44929	FBgn0266234
CG15582	FBgn0046878
CG31557	FBgn0046876
CG31558	FBgn0046875
CG1076	FBgn0037402
CR43486	FBgn0263497
CR43487	FBgn0263498
CG31559	FBgn0051559
CG1077	FBgn0037405
CG15585	FBgn0037406
CR31562	FBgn0051562
CG1147	FBgn0037408
CG15589	FBgn0037409
CG1148	FBgn0037410
CG1150	FBgn0037411
CG10303	FBgn0037412
CG15590	FBgn0037413
CG1151	FBgn0027527
CG1153	FBgn0037414
CG15591	FBgn0037415
CG15592	FBgn0037416
CG46436	FBgn0286976
CG46437	FBgn0286977
CG15596	FBgn0037418
CG1154	FBgn0037419
CG15597	FBgn0037420
CG15594	FBgn0037421
CG15595	FBgn0037422
CG1155	FBgn0040279
CG1157	FBgn0037424
CG46396	FBgn0286874
CG31561	FBgn0051561
CG46026	FBgn0267690
CG31560	FBgn0051560
CG15598	FBgn0037427
CG1169	FBgn0037428
CG15189	FBgn0037429
CG15188	FBgn0037430
CG17917	FBgn0037431
CG10298	FBgn0037432
CG17919	FBgn0037433
CG1249	FBgn0261789
CG18048	FBgn0037435
CG10296	FBgn0037436
CG10295	FBgn0267698
CG42724	FBgn0261641
CG10286	FBgn0037439
CG1041	FBgn0037440
CG42564	FBgn0260766
CR43568	FBgn0261006
CG1024	FBgn0027514
CG42537	FBgn0260645
CG10281	FBgn0010282
CG10277	FBgn0037442
CG1021	FBgn0037443
CG42803	FBgn0264495
CR44017	FBgn0264787
CG9727	FBgn0037445
CR46292	FBgn0283558
CG10267	FBgn0037446
CG2330	FBgn0037447
CG15186	FBgn0037448
CR31310	FBgn0011919
CG15185	FBgn0037449
CG33202	FBgn0053202
CG31483	FBgn0046873
CR46132	FBgn0267807
CG1137	FBgn0037454
CG2336	FBgn0037455
CR46131	FBgn0267806
CG1138	FBgn0037456
CG31482	FBgn0051482
CG15180	FBgn0250846
CG15178	FBgn0037460
CG15177	FBgn0037461
CG15179	FBgn0037462
CG31286	FBgn0051286
CG1315	FBgn0026565
CG17603	FBgn0010355
CG1307	FBgn0026566
CG2358	FBgn0262801
CG1303	FBgn0024912
CG1264	FBgn0002522
CG2345	FBgn0000552
CG2342	FBgn0004777
CG1331	FBgn0004778
CG1330	FBgn0004779
CG2341	FBgn0004780
CG1327	FBgn0004781
CR33938	FBgn0063127
CG1252	FBgn0004782
CG2360	FBgn0004783
CG31481	FBgn0051481
CG1048	FBgn0004054
CG34297	FBgn0085326
CG1046	FBgn0004053
CG1034	FBgn0000166
CR45593	FBgn0267153
CG2198	FBgn0000071
CR44930	FBgn0266235
CR42721	FBgn0261638
CR42881	FBgn0262174
CR43435	FBgn0263383
CG2189	FBgn0000439
CR42651	FBgn0261503
CR42977	FBgn0262424
CR45915	FBgn0267575
CR31490	FBgn0026162
CR42652	FBgn0261504
CR31487	FBgn0026163
CR31489	FBgn0026164
CR32864	FBgn0000003
CR31486	FBgn0011904
CG1030	FBgn0003339
CR45901	FBgn0267561
CR45902	FBgn0267562
CR45903	FBgn0267563
CR45904	FBgn0267564
CR45905	FBgn0267565
CR45900	FBgn0267560
CG2047	FBgn0001077
CR44931	FBgn0266236
CR45559	FBgn0267119
CR44932	FBgn0266237
CG1028	FBgn0260642
CG46458	FBgn0287588
CR43252	FBgn0262897
CR45899	FBgn0267559
CR44933	FBgn0266238
CG1982	FBgn0024289
CG1979	FBgn0026563
CG1980	FBgn0019828
CG1984	FBgn0037463
CG1988	FBgn0037464
CG1105	FBgn0037465
CG1965	FBgn0037466
CG1104	FBgn0037467
CR45908	FBgn0267568
CG1943	FBgn0037468
CG1101	FBgn0010774
CG1939	FBgn0037469
CG1091	FBgn0037470
CR45907	FBgn0267567
CG1913	FBgn0003884
CR43685	FBgn0263768
CG14612	FBgn0040670
CG1070	FBgn0261238
CR45906	FBgn0267566
CG1019	FBgn0014863
CG10098	FBgn0037472
CG10068	FBgn0037473
CR42875	FBgn0262149
CG31248	FBgn0051248
CR31494	FBgn0051494
CR31491	FBgn0051491
CG31493	FBgn0051493
CG33323	FBgn0037475
CR42738	FBgn0261702
CG14610	FBgn0037477
CG2656	FBgn0037478
CG33546	FBgn0250732
CG10061	FBgn0011020
CG10059	FBgn0037481
CR45909	FBgn0267569
CG2507	FBgn0002306
CG10055	FBgn0037482
CG2520	FBgn0086372
CG14609	FBgn0037483
CG1288	FBgn0250845
CG14606	FBgn0037485
CG14605	FBgn0037486
CG14608	FBgn0037487
CG14607	FBgn0037488
CG1234	FBgn0037489
CG10053	FBgn0037490
CG1227	FBgn0037491
CG10050	FBgn0037492
CG1176	FBgn0011282
CG1152	FBgn0001112
CR44338	FBgn0265426
CG10047	FBgn0028400
CR10032	FBgn0037493
CG42277	FBgn0267337
CR44333	FBgn0265421
CG2595	FBgn0045843
CG42544	FBgn0260713
CR44334	FBgn0265422
CR46130	FBgn0267805
CG10029	FBgn0037498
CR46299	FBgn0283626
CR46224	FBgn0267944
CR44335	FBgn0265423
CR44336	FBgn0265424
CR44337	FBgn0265425
CR46532	FBgn0289441
CG31496	FBgn0051496
CG31501	FBgn0051501
CG43290	FBgn0262982
CG17944	FBgn0037500
CG17935	FBgn0004175
CG17945	FBgn0004174
CG17934	FBgn0004173
CG17946	FBgn0004172
CG1149	FBgn0015770
CR45560	FBgn0267120
CG42650	FBgn0261502
CG10101	FBgn0037501
CR46300	FBgn0283627
CG10113	FBgn0037502
CG14598	FBgn0037503
CR31512	FBgn0011999
CR43550	FBgn0263565
CR31592	FBgn0011998
CR44934	FBgn0266239
CR31500	FBgn0012000
CG1142	FBgn0037504
CR32863	FBgn0043853
CR33925	FBgn0065099
CR31502	FBgn0012001
CG1131	FBgn0015569
CG42656	FBgn0261508
CG1128	FBgn0015577
CG1287	FBgn0037506
CG1121	FBgn0015576
CG12799	FBgn0017456
CG1112	FBgn0015575
CG1108	FBgn0015574
CR31511	FBgn0027934
CG1279	FBgn0015831
CG2512	FBgn0003885
CG1089	FBgn0261393
CG1082	FBgn0015572
CR46128	FBgn0267803
CG1257	FBgn0015571
CG2505	FBgn0015570
CR46129	FBgn0267804
CG1031	FBgn0015568
CG45545	FBgn0267105
CG34127	FBgn0083963
CR44332	FBgn0265420
CG31146	FBgn0051146
CR44260	FBgn0265200
CG2616	FBgn0037512
CG43254	FBgn0262899
CR44935	FBgn0266240
CG3027	FBgn0037513
CG10919	FBgn0037514
CG3066	FBgn0037515
CG11286	FBgn0037516
CR46225	FBgn0267945
CR46226	FBgn0267946
CG18747	FBgn0042104
CG18745	FBgn0042102
CG18748	FBgn0042105
CG18746	FBgn0042103
CG10086	FBgn0037517
CG2641	FBgn0037518
CG18744	FBgn0042101
CG3014	FBgn0037519
CG18268	FBgn0037520
CG2993	FBgn0037521
CG31472	FBgn0051472
CG31473	FBgn0051473
CG34384	FBgn0085413
CG17816	FBgn0037525
CR46127	FBgn0267802
CG10092	FBgn0037526
CG2957	FBgn0037529
CG31284	FBgn0260005
CG2943	FBgn0037530
CG2670	FBgn0024909
CG2867	FBgn0004901
CG2846	FBgn0014930
CG2678	FBgn0014931
CG10445	FBgn0037531
CG2684	FBgn0002542
CR43570	FBgn0261453
CG11094	FBgn0000504
CG2791	FBgn0037533
CG3250	FBgn0010401
CG42484	FBgn0259974
CG2781	FBgn0037534
CR46143	FBgn0267818
CR46142	FBgn0267817
CG14463	FBgn0037535
CG42550	FBgn0266598
CG2698	FBgn0037536
CG2767	FBgn0037537
CG11052	FBgn0040524
CG3223	FBgn0037538
CG10435	FBgn0037539
CG2702	FBgn0037540
CG2747	FBgn0037541
CG2723	FBgn0001255
CG10903	FBgn0037543
CG11035	FBgn0037544
CG2708	FBgn0288846
CR44936	FBgn0266241
CG43060	FBgn0262362
CG43618	FBgn0263596
CG43061	FBgn0262363
CG7918	FBgn0037546
CG7910	FBgn0037547
CR44330	FBgn0265418
CG7900	FBgn0037548
CG7850	FBgn0243512
CR44331	FBgn0265419
CG7878	FBgn0037549
CG9667	FBgn0037550
CG7891	FBgn0037551
CR31583	FBgn0051583
CR31584	FBgn0011963
CR31585	FBgn0011962
CR31582	FBgn0011961
CR31566	FBgn0011960
CR31581	FBgn0011959
CG9656	FBgn0001138
CR43302	FBgn0262994
CR43303	FBgn0262995
CG33779	FBgn0261290
CG7800	FBgn0037552
CG18249	FBgn0037553
CR45551	FBgn0267111
CR45550	FBgn0267110
CR45549	FBgn0267109
CG7602	FBgn0037554
CG9638	FBgn0037555
CG9636	FBgn0037556
CG18749	FBgn0042182
CG33722	FBgn0064126
CG15864	FBgn0040528
CG7549	FBgn0260386
CR18228	FBgn0037560
CG9633	FBgn0010173
CG7538	FBgn0014861
CG9630	FBgn0037561
CG7508	FBgn0010433
CR44318	FBgn0265377
CG11671	FBgn0037562
CG11672	FBgn0037563
CG31464	FBgn0051464
CG31463	FBgn0051463
CG9626	FBgn0037565
CG7494	FBgn0037566
CG9620	FBgn0265351
CG9617	FBgn0265101
CG9615	FBgn0037569
CR43535	FBgn0263550
CG11693	FBgn0037570
CG11694	FBgn0037571
CG11698	FBgn0037572
CG7483	FBgn0037573
CG9613	FBgn0037574
CR45215	FBgn0266742
CG7459	FBgn0062412
CG9610	FBgn0003129
CG7454	FBgn0037576
CG7443	FBgn0037577
CG9603	FBgn0040529
CG7435	FBgn0004908
CG9601	FBgn0037578
CG18193	FBgn0037579
CG7415	FBgn0037580
CG7352	FBgn0037581
CR46294	FBgn0283560
CG7331	FBgn0261108
CG7954	FBgn0020249
CG9684	FBgn0037583
CG7963	FBgn0037584
CG45263	FBgn0266801
CR46126	FBgn0267801
CG11732	FBgn0037589
CR46125	FBgn0267800
CG11735	FBgn0037590
CG17911	FBgn0037591
CR46228	FBgn0267948
CG11737	FBgn0037592
CG31454	FBgn0051454
CG31259	FBgn0051259
CG11741	FBgn0040531
CR45575	FBgn0267135
CR45574	FBgn0267134
CG11742	FBgn0037594
CG31453	FBgn0051453
CG31450	FBgn0051450
CG31460	FBgn0051460
CR44291	FBgn0265318
CG31258	FBgn0266916
CG42796	FBgn0261929
CR46124	FBgn0267799
CG9700	FBgn0026399
CR31387	FBgn0012028
CR31552	FBgn0012027
CG9716	FBgn0037601
CG9738	FBgn0024326
CG8021	FBgn0037602
CG9741	FBgn0000447
CG11753	FBgn0037603
CG42489	FBgn0259992
CG9748	FBgn0263231
CG9770	FBgn0086679
CG8032	FBgn0037606
CG8036	FBgn0037607
CR31434	FBgn0012026
CR31433	FBgn0012025
CR31435	FBgn0012024
CG8039	FBgn0037608
CG9773	FBgn0037609
CG11755	FBgn0037611
CG8043	FBgn0037610
CG33325	FBgn0053325
CR44937	FBgn0266242
CG44227	FBgn0265158
CG9786	FBgn0001180
CG9790	FBgn0037613
CG8112	FBgn0037612
CG8116	FBgn0037614
CG11760	FBgn0037615
CG8136	FBgn0037616
CG8145	FBgn0037617
CG11762	FBgn0037618
CG8159	FBgn0037619
CG9793	FBgn0037620
CG9797	FBgn0037621
CG8202	FBgn0037622
CG9801	FBgn0037623
CG8223	FBgn0037624
CG11768	FBgn0037625
CG34135	FBgn0083971
CR44228	FBgn0265159
CG8236	FBgn0037626
CG13318	FBgn0037627
CG34301	FBgn0085330
CG33720	FBgn0046874
CG42599	FBgn0261015
CG33191	FBgn0053191
CG33189	FBgn0053189
CG11775	FBgn0037630
CG8351	FBgn0037632
CG9839	FBgn0037633
CG8359	FBgn0037634
CG9837	FBgn0037635
CG9821	FBgn0286516
CR43130	FBgn0262604
CG8369	FBgn0040532
CG9836	FBgn0037637
CG8379	FBgn0037638
CG43140	FBgn0262614
CR31443	FBgn0011966
CR33551	FBgn0053551
CR44020	FBgn0264790
CG10901	FBgn0003015
CR46389	FBgn0286867
CG11963	FBgn0037643
CG11964	FBgn0037644
CG11966	FBgn0286204
CG11967	FBgn0037646
CG11968	FBgn0037647
CG11970	FBgn0027503
CG11971	FBgn0260243
CG11975	FBgn0037648
CG31100	FBgn0051100
CG11977	FBgn0037650
CG11980	FBgn0037652
CG11981	FBgn0026380
CG11982	FBgn0037653
CG11983	FBgn0037654
CG11984	FBgn0037655
CG11985	FBgn0040534
CG11986	FBgn0037656
CG11987	FBgn0264075
CG11988	FBgn0002932
CR31429	FBgn0063298
CG11990	FBgn0037657
CG18466	FBgn0010222
CG11992	FBgn0014018
CG11993	FBgn0028708
CG11033	FBgn0037659
CG18005	FBgn0037660
CG11994	FBgn0037661
CG9755	FBgn0003165
CG11997	FBgn0037662
CR45196	FBgn0266706
CG9745	FBgn0000412
CG9746	FBgn0260935
CG8420	FBgn0037664
CG16733	FBgn0037665
CR16735	FBgn0037666
CG16734	FBgn0037667
CG16736	FBgn0037668
CG9740	FBgn0037669
CG8436	FBgn0037670
CG8444	FBgn0037671
CG12952	FBgn0037672
CG9735	FBgn0010803
CG8454	FBgn0285911
CR46350	FBgn0286030
CG8861	FBgn0037676
CG8120	FBgn0037675
CG12951	FBgn0037677
CG16749	FBgn0037678
CG8866	FBgn0037679
CG8121	FBgn0037680
CR43301	FBgn0262993
CG45050	FBgn0266410
CR34682	FBgn0086053
CR34683	FBgn0086054
CG43675	FBgn0263750
CG18473	FBgn0037683
CG8129	FBgn0037684
CG8874	FBgn0000723
CR46145	FBgn0267820
CG16755	FBgn0037685
CG34117	FBgn0083953
CG9354	FBgn0037686
CG8132	FBgn0037687
CG9356	FBgn0037688
CG8135	FBgn0037689
CG42511	FBgn0260237
CG44261	FBgn0265201
CG9359	FBgn0003889
CG9361	FBgn0037690
CG18802	FBgn0011740
CG42670	FBgn0261552
CG9362	FBgn0037696
CG9363	FBgn0037697
CG16779	FBgn0037698
CR45203	FBgn0266730
CG8147	FBgn0043791
CG9366	FBgn0014380
CG8149	FBgn0037700
CG9373	FBgn0267790
CG9375	FBgn0003205
CG8161	FBgn0014022
CG9378	FBgn0014023
CG8176	FBgn0037702
CG8165	FBgn0037703
CR42887	FBgn0262180
CG9379	FBgn0000244
CG9381	FBgn0037705
CR42549	FBgn0260722
CG16788	FBgn0037707
CG9386	FBgn0037708
CG8199	FBgn0037709
CG9388	FBgn0024833
CG8208	FBgn0027950
CG9393	FBgn0037710
CG8228	FBgn0261049
CG16789	FBgn0037712
CG16790	FBgn0037713
CG9396	FBgn0037714
CG9399	FBgn0037715
CG9423	FBgn0027338
CG8273	FBgn0037716
CG8301	FBgn0037717
CG33654	FBgn0053654
CG8286	FBgn0037718
CG9424	FBgn0037719
CG8312	FBgn0037720
CG9427	FBgn0037721
CG8319	FBgn0037722
CG9429	FBgn0005585
CR46357	FBgn0286035
CG8327	FBgn0037723
CR45053	FBgn0266413
CG9495	FBgn0003334
CG8348	FBgn0012344
CG9434	FBgn0037724
CG9492	FBgn0287844
CR43441	FBgn0263389
CG8358	FBgn0037727
CG16817	FBgn0037728
CG8362	FBgn0028997
CG9444	FBgn0037730
CG33104	FBgn0069242
CG18542	FBgn0037731
CG31332	FBgn0260463
CG33105	FBgn0053105
CG32939	FBgn0052939
CG31352	FBgn0051352
CG9448	FBgn0037734
CG8374	FBgn0278604
CR43592	FBgn0263477
CG9484	FBgn0002431
CG43067	FBgn0262477
CG9476	FBgn0003886
CG12950	FBgn0037736
CG8383	FBgn0037737
CG34409	FBgn0085438
CG31415	FBgn0051415
CG12948	FBgn0037739
CG8402	FBgn0005777
CG16908	FBgn0037741
CG9475	FBgn0037742
CG8412	FBgn0037743
CG8417	FBgn0286506
CG9474	FBgn0266720
CG8478	FBgn0037746
CG9473	FBgn0024330
CG8481	FBgn0037747
CG9471	FBgn0037749
CG12946	FBgn0037750
CG8484	FBgn0037751
CG8495	FBgn0261599
CR33625	FBgn0086663
CR31514	FBgn0051514
CG12947	FBgn0037753
CG9470	FBgn0002868
CG8500	FBgn0037754
CG12945	FBgn0037755
CG8507	FBgn0037756
CG8516	FBgn0037757
CR46144	FBgn0267819
CG9467	FBgn0037758
CG8526	FBgn0037759
CG9461	FBgn0037760
CR44035	FBgn0264827
CG8534	FBgn0037761
CG16905	FBgn0037762
CG16904	FBgn0037763
CG9459	FBgn0037764
CG9458	FBgn0037765
CG42857	FBgn0262104
CR45790	FBgn0267440
CG34302	FBgn0085331
CR42858	FBgn0262105
CG12806	FBgn0037766
CG34360	FBgn0267336
CG46467	FBgn0287598
CR45029	FBgn0266389
CG5358	FBgn0037770
CR46288	FBgn0283554
CG31405	FBgn0045473
CG12807	FBgn0037772
CG5359	FBgn0037773
CG33208	FBgn0053208
CG31407	FBgn0051407
CG3909	FBgn0027524
CG11722	FBgn0037777
CG3910	FBgn0037778
CG12811	FBgn0037779
CG3925	FBgn0037780
CG12812	FBgn0037781
CR44192	FBgn0265081
CG31410	FBgn0051410
CG12813	FBgn0037782
CG3934	FBgn0037783
CR45205	FBgn0266732
CR33629	FBgn0053629
CG33630	FBgn0053630
CG33631	FBgn0053631
CG33783	FBgn0053783
CG33784	FBgn0053784
CG12809	FBgn0041105
CG5361	FBgn0037786
CR45054	FBgn0266414
CR42900	FBgn0262378
CR43459	FBgn0263413
CR42968	FBgn0262419
CR43033	FBgn0262459
CG6203	FBgn0028734
CG3940	FBgn0037788
CG6208	FBgn0266721
CG31477	FBgn0051477
CG6217	FBgn0001321
CR46038	FBgn0267705
CG6235	FBgn0004889
CG6241	FBgn0037792
CG42759	FBgn0261817
CG3953	FBgn0086359
CG34303	FBgn0085332
CG6254	FBgn0037794
CG6264	FBgn0040238
CG12814	FBgn0037796
CG3985	FBgn0004575
CG6281	FBgn0025879
CG12420	FBgn0037797
CG12817	FBgn0037798
CG34107	FBgn0083943
CG42795	FBgn0261928
CG3999	FBgn0037801
CG6284	FBgn0037802
CG4003	FBgn0040078
CG43143	FBgn0262617
CR31396	FBgn0011970
CG6293	FBgn0037807
CG6303	FBgn0266717
CG12818	FBgn0037809
CG12819	FBgn0037810
CG12592	FBgn0037811
CG18545	FBgn0037812
CG31406	FBgn0051406
CG4029	FBgn0015396
CG6312	FBgn0020379
CR44938	FBgn0266243
CG17100	FBgn0259938
CG31147	FBgn0045443
CG6325	FBgn0037814
CR42930	FBgn0262223
CR42971	FBgn0262420
CG6342	FBgn0024957
CG4043	FBgn0037815
CG6345	FBgn0037816
CG46270	FBgn0278600
CG14680	FBgn0037817
CR44939	FBgn0266244
CR44955	FBgn0266260
CR45576	FBgn0267136
CG17117	FBgn0001235
CR43532	FBgn0263547
CR44018	FBgn0264788
CG6465	FBgn0037818
CG14688	FBgn0037819
CR44230	FBgn0265161
CG43161	FBgn0262717
CG4067	FBgn0020385
CG14683	FBgn0037822
CG46459	FBgn0287589
CG31391	FBgn0051391
CG31467	FBgn0051467
CG14684	FBgn0037824
CG31278	FBgn0051278
CG31373	FBgn0051373
CG14689	FBgn0037826
CG4073	FBgn0037827
CG14690	FBgn0037828
CG6515	FBgn0004841
CG14691	FBgn0037829
CG31272	FBgn0051272
CR45015	FBgn0266371
CG31390	FBgn0051390
CR45016	FBgn0266372
CG14685	FBgn0037831
CG6538	FBgn0010421
CG45076	FBgn0266446
CG45077	FBgn0266451
CG45078	FBgn0266448
CG14686	FBgn0037832
CG42633	FBgn0261356
CG42632	FBgn0261380
CG17136	FBgn0260944
CG6554	FBgn0037834
CG4082	FBgn0017577
CG14687	FBgn0037835
CG14692	FBgn0037836
CG14693	FBgn0037837
CG4089	FBgn0037838
CG42601	FBgn0261053
CG42394	FBgn0259740
CG4565	FBgn0037841
CG6567	FBgn0037842
CG4511	FBgn0037843
CG4570	FBgn0037844
CG14694	FBgn0037845
CG6574	FBgn0037846
CG6584	FBgn0267376
CG4591	FBgn0037848
CG6598	FBgn0011768
CG4596	FBgn0037849
CG4649	FBgn0022359
CR45195	FBgn0266705
CG14695	FBgn0037850
CG6608	FBgn0037852
CG14696	FBgn0037853
CG4674	FBgn0037856
CG6612	FBgn0042094
CG6621	FBgn0037855
CR45577	FBgn0267137
CR45578	FBgn0267138
CG4683	FBgn0037857
CR45561	FBgn0267121
CG34114	FBgn0083950
CR46007	FBgn0267671
CR44940	FBgn0266245
CG43449	FBgn0263403
CR45579	FBgn0267139
CG6629	FBgn0037860
CG6633	FBgn0040256
CG4706	FBgn0037862
CG33698	FBgn0261291
CG6658	FBgn0040251
CG4739	FBgn0040257
CG18578	FBgn0040259
CG4757	FBgn0027584
CG17200	FBgn0040253
CG6653	FBgn0040255
CG6649	FBgn0026314
CG6644	FBgn0026315
CG15902	FBgn0040250
CG4772	FBgn0040252
CG18577	FBgn0037870
CG31299	FBgn0261808
CG6666	FBgn0037873
CG4800	FBgn0037874
CG6672	FBgn0037875
CG6684	FBgn0086472
CG4820	FBgn0037876
CG6689	FBgn0037877
CG6693	FBgn0037878
CG4863	FBgn0020910
CR34684	FBgn0086055
CR31144	FBgn0051144
CR34685	FBgn0086056
CR33754	FBgn0065064
CR34686	FBgn0086057
CG5106	FBgn0037879
CG17726	FBgn0037880
CG10703	FBgn0037881
CG17187	FBgn0037882
CG14701	FBgn0037883
CG17184	FBgn0037884
CG17721	FBgn0037885
CG31441	FBgn0051441
CG31388	FBgn0051388
CG17210	FBgn0037888
CG5207	FBgn0037889
CG17734	FBgn0037890
CG5214	FBgn0037891
CR43283	FBgn0262972
CR31386	FBgn0051386
CR46332	FBgn0284418
CR45055	FBgn0266415
CG17228	FBgn0004595
CR46008	FBgn0267672
CG17216	FBgn0026063
CG6715	FBgn0026064
CR46009	FBgn0267673
CR46010	FBgn0267674
CG5242	FBgn0037892
CG6719	FBgn0264694
CG5247	FBgn0011774
CR43595	FBgn0263480
CG5252	FBgn0037894
CG6723	FBgn0037895
CG45676	FBgn0267236
CG6728	FBgn0037896
CG5270	FBgn0037897
CG18643	FBgn0037898
CG6764	FBgn0037899
CG5276	FBgn0037900
CG6744	FBgn0037901
CG5281	FBgn0037902
CG31374	FBgn0051374
CG17230	FBgn0046225
CR43505	FBgn0263520
CG14704	FBgn0037906
CR45581	FBgn0267141
CG5308	FBgn0037908
CG33512	FBgn0053512
CR45056	FBgn0266416
CG14708	FBgn0037910
CG10898	FBgn0037911
CG6782	FBgn0037912
CG6783	FBgn0037913
CG14709	FBgn0263316
CG6790	FBgn0037915
CG5342	FBgn0037916
CG5344	FBgn0037917
CG6791	FBgn0037918
CG31363	FBgn0051363
CG14710	FBgn0037920
CG6808	FBgn0037921
CG14711	FBgn0037922
CG6813	FBgn0037923
CG18764	FBgn0042205
CG14712	FBgn0037924
CG42317	FBgn0262081
CR44137	FBgn0264986
CG10535	FBgn0037926
CG42327	FBgn0259227
CG14715	FBgn0037930
CG18476	FBgn0037931
CG17358	FBgn0011290
CG14716	FBgn0037933
CG6830	FBgn0037934
CG6834	FBgn0037935
CG6908	FBgn0037936
CG18765	FBgn0042110
CG6913	FBgn0037937
CG14717	FBgn0265271
CG14718	FBgn0037939
CR46011	FBgn0267675
CG14719	FBgn0025821
CG14720	FBgn0037940
CG12594	FBgn0037941
CG14721	FBgn0037942
CG6920	FBgn0002906
CG14722	FBgn0037943
CG6923	FBgn0037944
CG43062	FBgn0262364
CG17342	FBgn0017581
CG6930	FBgn0265276
CR45595	FBgn0267155
CG17360	FBgn0037949
CG14723	FBgn0037950
CG6939	FBgn0025802
CG31116	FBgn0051116
CG6946	FBgn0259139
CG14724	FBgn0019624
CG6950	FBgn0037955
CG6959	FBgn0037956
CG14728	FBgn0003312
CG6962	FBgn0037958
CG31368	FBgn0051368
CG6965	FBgn0037960
CG6971	FBgn0037962
CG6977	FBgn0037963
CG34307	FBgn0085336
CG14731	FBgn0037964
CG31211	FBgn0051211
CG31366	FBgn0013275
CG18743	FBgn0013276
CG3281	FBgn0260741
CG3068	FBgn0000147
CG12213	FBgn0260742
CG18347	FBgn0260743
CG10007	FBgn0260744
CG12201	FBgn0037970
CG10005	FBgn0037972
CR44135	FBgn0264984
CG18547	FBgn0037973
CG12224	FBgn0037974
CG3397	FBgn0037975
CG3359	FBgn0260745
CG14734	FBgn0037976
CG3132	FBgn0260746
CG3571	FBgn0037978
CG3532	FBgn0037979
CG3313	FBgn0037980
CG3169	FBgn0037981
CG31358	FBgn0051358
CG42504	FBgn0260230
CG42505	FBgn0260231
CG14735	FBgn0037985
CG14736	FBgn0037986
CG14739	FBgn0037987
CG14740	FBgn0037988
CG14741	FBgn0037989
CG31361	FBgn0051361
CG4702	FBgn0037992
CR31197	FBgn0011905
CG10095	FBgn0037993
CG4795	FBgn0261714
CG4810	FBgn0037994
CG43450	FBgn0263404
CG3809	FBgn0037995
CR31356	FBgn0051356
CG4830	FBgn0037996
CG4848	FBgn0037998
CG14742	FBgn0037997
CG4860	FBgn0037999
CR46012	FBgn0267676
CG10014	FBgn0038000
CG17404	FBgn0038001
CG12256	FBgn0038002
CR43477	FBgn0263454
CG3916	FBgn0038003
CG17645	FBgn0011270
CG15807	FBgn0038005
CG10094	FBgn0038006
CG10093	FBgn0038007
CR44036	FBgn0264828
CR45582	FBgn0267142
CG3942	FBgn0038008
CR46203	FBgn0267922
CG11502	FBgn0003651
CG44037	FBgn0264829
CG44038	FBgn0264830
CR46013	FBgn0267677
CR44039	FBgn0264831
CG17738	FBgn0038009
CG42485	FBgn0259975
CR46014	FBgn0267678
CG4066	FBgn0038011
CR31432	FBgn0051432
CG10013	FBgn0038012
CR45584	FBgn0267144
CR45583	FBgn0267143
CR44941	FBgn0266246
CG44956	FBgn0266261
CG10038	FBgn0038013
CG10041	FBgn0038014
CG10042	FBgn0038016
CG4115	FBgn0038017
CR33917	FBgn0065094
CG10090	FBgn0038018
CG18548	FBgn0042206
CG10091	FBgn0038020
CG10045	FBgn0001149
CR46015	FBgn0267679
CG4181	FBgn0010038
CG4381	FBgn0010039
CG11512	FBgn0010040
CG12242	FBgn0010041
CG4423	FBgn0010042
CG4371	FBgn0010043
CG4421	FBgn0010044
CG10035	FBgn0038028
CG17639	FBgn0038029
CG34402	FBgn0085431
CG33098	FBgn0053098
CG10096	FBgn0038032
CG10097	FBgn0038033
CG17875	FBgn0038034
CG17227	FBgn0286075
CG11466	FBgn0038037
CG5167	FBgn0038038
CG5196	FBgn0038039
CG5663	FBgn0000455
CR33685	FBgn0065087
CG6525	FBgn0082831
CG5657	FBgn0038042
CG17202	FBgn0038043
CG5650	FBgn0004103
CG5232	FBgn0038045
CG5641	FBgn0038046
CG5245	FBgn0038047
CG5266	FBgn0086134
CG12276	FBgn0029512
CG5844	FBgn0038049
CG5925	FBgn0043043
CG17207	FBgn0038051
CG46427	FBgn0286930
CG5887	FBgn0086687
CG5538	FBgn0286507
CG18549	FBgn0038053
CG5509	FBgn0038054
CG5333	FBgn0038055
CG5961	FBgn0038056
CG12267	FBgn0038057
CG5608	FBgn0038058
CG31449	FBgn0013277
CR32865	FBgn0052865
CG5834	FBgn0051354
CR46154	FBgn0267866
CG31359	FBgn0013278
CR46155	FBgn0267867
CG6489	FBgn0013279
CG42244	FBgn0250910
CG6371	FBgn0028374
CR46016	FBgn0267680
CG33976	FBgn0038063
CR42906	FBgn0262383
CR46017	FBgn0267681
CR44942	FBgn0266247
CG17369	FBgn0005671
CG6359	FBgn0038065
CG18616	FBgn0260444
CG18530	FBgn0042207
CR46018	FBgn0267682
CG11598	FBgn0038067
CG11600	FBgn0038068
CG11608	FBgn0038069
CG6753	FBgn0038070
CR46351	FBgn0286031
CG6234	FBgn0038071
CG6225	FBgn0038072
CR45586	FBgn0267146
CG14395	FBgn0038073
CG6188	FBgn0038074
CG43630	FBgn0263621
CG6819	FBgn0026207
CG6802	FBgn0038076
CG12286	FBgn0001296
CG6054	FBgn0005355
CG31347	FBgn0051347
CG6174	FBgn0011745
CG14391	FBgn0038078
CG14394	FBgn0038079
CG6148	FBgn0016693
CG12279	FBgn0038080
CG6019	FBgn0002905
CG10120	FBgn0002719
CR44231	FBgn0265162
CG5724	FBgn0038082
CG5999	FBgn0038083
CR46238	FBgn0267958
CG14390	FBgn0038084
CR44233	FBgn0265164
CR44232	FBgn0265163
CG31345	FBgn0051345
CR46217	FBgn0267937
CG10134	FBgn0038087
CR45587	FBgn0267147
CR44234	FBgn0265165
CG10126	FBgn0038088
CR46218	FBgn0267938
CR44235	FBgn0265166
CG14387	FBgn0038089
CR33929	FBgn0053929
CG10909	FBgn0038090
CG31298	FBgn0038092
CR44236	FBgn0265167
CG7340	FBgn0040493
CG7242	FBgn0087021
CG7241	FBgn0038095
CG14384	FBgn0038097
CG7381	FBgn0038098
CG7091	FBgn0038099
CG12358	FBgn0038100
CG31342	FBgn0051342
CG14383	FBgn0038102
CG18550	FBgn0041710
CG8063	FBgn0038105
CG7488	FBgn0038106
CG17327	FBgn0038107
CG44194	FBgn0265083
CG7518	FBgn0038108
CG8031	FBgn0038110
CG11656	FBgn0038109
CG7583	FBgn0020496
CG46280	FBgn0283438
CG46281	FBgn0283439
CG7620	FBgn0002354
CG7642	FBgn0003308
CG11668	FBgn0038113
CG7996	FBgn0003450
CG11670	FBgn0038114
CG45122	FBgn0266615
CG7756	FBgn0001217
CG31157	FBgn0051157
CG7966	FBgn0038115
CG7769	FBgn0260962
CR46530	FBgn0289439
CG7771	FBgn0004666
CR44967	FBgn0266302
CG43063	FBgn0262365
CG7855	FBgn0038118
CG34308	FBgn0085337
CR46019	FBgn0267683
CG42573	FBgn0260793
CR45109	FBgn0266578
CG8138	FBgn0038122
CG8508	FBgn0038123
CG14380	FBgn0038124
CG8141	FBgn0038125
CG8483	FBgn0038126
CG8476	FBgn0038127
CG17907	FBgn0000024
CG11686	FBgn0040551
CG15889	FBgn0038128
CG8599	FBgn0003598
CG8449	FBgn0038129
CG8630	FBgn0038130
CG15888	FBgn0038131
CG15887	FBgn0038132
CG8644	FBgn0038133
CG8458	FBgn0038134
CG8773	FBgn0038135
CG8774	FBgn0038136
CG32473	FBgn0052473
CG43208	FBgn0262844
CG44142	FBgn0264991
CR46407	FBgn0286885
CG45080	FBgn0266455
CG8795	FBgn0038139
CG8784	FBgn0038140
CG32853	FBgn0045442
CG9829	FBgn0086371
CG8790	FBgn0027610
CG14379	FBgn0038142
CG8823	FBgn0023495
CG34309	FBgn0259831
CG9813	FBgn0038143
CR44138	FBgn0264987
CG8870	FBgn0038144
CG32854	FBgn0044511
CG8863	FBgn0038145
CG9799	FBgn0038146
CG14375	FBgn0038147
CG14374	FBgn0040553
CG14377	FBgn0038148
CG9796	FBgn0038149
CG33977	FBgn0053977
CG17045	FBgn0038150
CG17044	FBgn0038151
CG9792	FBgn0041711
CG14376	FBgn0038153
CR45591	FBgn0267151
CG18290	FBgn0000046
CG9764	FBgn0004049
CR42756	FBgn0261814
CR45679	FBgn0267239
CG14372	FBgn0038156
CR17025	FBgn0040554
CR46354	FBgn0286034
CR43030	FBgn0262323
CR45914	FBgn0267574
CR45589	FBgn0267149
CG12538	FBgn0038157
CG46457	FBgn0287587
CR46333	FBgn0284419
CG31337	FBgn0051337
CR43848	FBgn0264430
CG14370	FBgn0038158
CG14369	FBgn0038159
CG9759	FBgn0038160
CG9757	FBgn0003060
CG9269	FBgn0038161
CR45680	FBgn0267240
CR45594	FBgn0267154
CG10841	FBgn0038163
CG16901	FBgn0263396
CG9412	FBgn0015778
CG9654	FBgn0010258
CG12749	FBgn0004237
CG10851	FBgn0004587
CG9637	FBgn0038165
CG9588	FBgn0038166
CG9374	FBgn0038167
CG9591	FBgn0038168
CG9351	FBgn0024555
CG14367	FBgn0038170
CG9611	FBgn0028487
CG9347	FBgn0002937
CG9621	FBgn0038172
CG9345	FBgn0038173
CG31469	FBgn0051469
CG33747	FBgn0040076
CG33748	FBgn0040077
CR34044	FBgn0054044
CG34383	FBgn0085412
CG9602	FBgn0267383
CG9312	FBgn0038179
CG9307	FBgn0038180
CG9297	FBgn0038181
CG42375	FBgn0259721
CG9288	FBgn0260464
CG9286	FBgn0038183
CG9285	FBgn0000454
CR45590	FBgn0267150
CR31588	FBgn0051588
CR31331	FBgn0051331
CG42384	FBgn0259730
CG42385	FBgn0259731
CG42386	FBgn0259732
CG42387	FBgn0259733
CR43641	FBgn0263650
CR43642	FBgn0263651
CG17956	FBgn0002862
CR43300	FBgn0262992
CG33101	FBgn0290174
CG31495	FBgn0051495
CR46415	FBgn0286915
CG14362	FBgn0038186
CR46239	FBgn0267959
CG9930	FBgn0008646
CG2988	FBgn0000576
CG9929	FBgn0038188
CG9927	FBgn0038189
CG31517	FBgn0047199
CG9926	FBgn0038190
CG3028	FBgn0016672
CG9925	FBgn0038191
CG3041	FBgn0015270
CG12537	FBgn0264493
CR46363	FBgn0286041
CR43460	FBgn0263414
CG3050	FBgn0038194
CG3061	FBgn0038195
CG9922	FBgn0038196
CR31476	FBgn0011971
CG3143	FBgn0038197
CG3153	FBgn0038198
CG14358	FBgn0038199
CG9920	FBgn0038200
CR46531	FBgn0289440
CG9918	FBgn0038201
CG12402	FBgn0038202
CR44237	FBgn0265168
CG14360	FBgn0038203
CG14357	FBgn0038204
CG9913	FBgn0038205
CG9749	FBgn0020510
CG3172	FBgn0038206
CG9852	FBgn0010340
CG3180	FBgn0262955
CG14356	FBgn0038207
CG14355	FBgn0038208
CG42500	FBgn0260226
CG9722	FBgn0038209
CG44215	FBgn0265146
CG31533	FBgn0051533
CG31327	FBgn0051327
CG3199	FBgn0038210
CG9652	FBgn0011582
CG9649	FBgn0038211
CG31326	FBgn0051326
CG33109	FBgn0053109
CG33329	FBgn0053329
CG9631	FBgn0027563
CG9624	FBgn0038213
CG43291	FBgn0262983
CG9616	FBgn0038214
CG31322	FBgn0027083
CG43179	FBgn0262808
CG14840	FBgn0038217
CG14841	FBgn0038218
CG14839	FBgn0038219
CG8651	FBgn0003862
CR46020	FBgn0267684
CR45596	FBgn0267156
CG12207	FBgn0285913
CG3259	FBgn0038221
CG8573	FBgn0003567
CG3284	FBgn0004855
CG31321	FBgn0051321
CG3302	FBgn0013767
CG3307	FBgn0011474
CG8538	FBgn0038223
CG3321	FBgn0038224
CG3325	FBgn0003480
CG8524	FBgn0024321
CG31320	FBgn0288976
CR44943	FBgn0266248
CG8489	FBgn0038225
CG34389	FBgn0285955
CR43034	FBgn0262327
CG34388	FBgn0085417
CR44176	FBgn0265065
CR44177	FBgn0265066
CG8464	FBgn0038233
CG3351	FBgn0038234
CG8461	FBgn0038235
CG8279	FBgn0038237
CG34273	FBgn0085302
CG3360	FBgn0038236
CR46021	FBgn0267685
CR46022	FBgn0267686
CR46023	FBgn0267687
CG14854	FBgn0038238
CG14850	FBgn0038239
CG14851	FBgn0038240
CG8087	FBgn0038241
CG14852	FBgn0038242
CG31313	FBgn0051313
CG8066	FBgn0038243
CR44095	FBgn0264904
CG8050	FBgn0004629
CG7987	FBgn0038244
CG44094	FBgn0264903
CG31317	FBgn0020299
CR46153	FBgn0267865
CG14853	FBgn0038246
CG7904	FBgn0003169
CG3379	FBgn0013981
CG7886	FBgn0038248
CG3389	FBgn0038247
CG7832	FBgn0086686
CG3505	FBgn0038250
CG3508	FBgn0038251
CG7825	FBgn0025808
CG3509	FBgn0038252
CG7649	FBgn0265140
CG33967	FBgn0262127
CG7530	FBgn0038256
CG7425	FBgn0011217
CG43162	FBgn0263929
CG7390	FBgn0038257
CG7362	FBgn0038258
CG14855	FBgn0038260
CG14856	FBgn0038261
CG14857	FBgn0038262
CG44012	FBgn0266756
CR46024	FBgn0267688
CG3610	FBgn0038266
CG3631	FBgn0038268
CG7292	FBgn0038269
CG33332	FBgn0067629
CG33331	FBgn0067628
CG7281	FBgn0004597
CG3731	FBgn0038271
CG7265	FBgn0038272
CG14860	FBgn0038273
CG7262	FBgn0038274
CG3817	FBgn0038275
CG7026	FBgn0262514
CG7014	FBgn0038277
CG7007	FBgn0028662
CR46199	FBgn0267918
CG3837	FBgn0038279
CR45598	FBgn0267158
CR45599	FBgn0267159
CG14861	FBgn0038280
CG3843	FBgn0038281
CR44944	FBgn0266249
CG33485	FBgn0038282
CG6974	FBgn0038285
CG6966	FBgn0038286
CG42788	FBgn0261859
CR43022	FBgn0262315
CG6912	FBgn0038290
CR45600	FBgn0267160
CG3984	FBgn0038291
CG3987	FBgn0038292
CG6904	FBgn0266064
CG4154	FBgn0038295
CG6803	FBgn0038294
CG6752	FBgn0038296
CR43559	FBgn0263633
CG42542	FBgn0260659
CG18525	FBgn0028984
CG6687	FBgn0038299
CG4203	FBgn0038300
CG6654	FBgn0038301
CG4210	FBgn0038302
CG6623	FBgn0038303
CG12241	FBgn0038304
CR46296	FBgn0283562
CG31155	FBgn0051155
CG31344	FBgn0051344
CG4236	FBgn0263979
CG6563	FBgn0038306
CG4247	FBgn0038307
CG34316	FBgn0085345
CR43471	FBgn0263448
CG6535	FBgn0045035
CG4264	FBgn0266599
CG6499	FBgn0038309
CG42404	FBgn0259823
CG43665	FBgn0263740
CG43664	FBgn0290182
CG4299	FBgn0014879
CG4307	FBgn0016691
CG14864	FBgn0038311
CG4334	FBgn0038312
CG6384	FBgn0000283
CG4338	FBgn0038313
CR46081	FBgn0267750
CG6363	FBgn0027378
CG14865	FBgn0011476
CG4898	FBgn0003721
CG45218	FBgn0266745
CG4843	FBgn0004117
CG14866	FBgn0038315
CG6276	FBgn0038316
CG44040	FBgn0264832
CG4913	FBgn0026441
CG6236	FBgn0038318
CG4920	FBgn0000533
CG31478	FBgn0038319
CG6226	FBgn0013269
CG4931	FBgn0038320
CG6218	FBgn0038321
CG4938	FBgn0021750
CG6202	FBgn0019925
CG31301	FBgn0051301
CG42726	FBgn0261679
CG42727	FBgn0261680
CG6196	FBgn0266722
CG5038	FBgn0038324
CG6194	FBgn0038325
CG5044	FBgn0038326
CG6177	FBgn0026634
CG5063	FBgn0038327
CG6171	FBgn0026737
CG34404	FBgn0085433
CG14868	FBgn0038330
CG6136	FBgn0038332
CG5073	FBgn0038331
CG43073	FBgn0262483
CG6130	FBgn0038334
CG6125	FBgn0038337
CR46058	FBgn0267725
CG5166	FBgn0041188
CR45911	FBgn0267571
CR42878	FBgn0262367
CR42984	FBgn0262429
CR42936	FBgn0262397
CG6118	FBgn0038339
CG5178	FBgn0000047
CG14869	FBgn0286071
CR46378	FBgn0286736
CG14870	FBgn0038342
CG5192	FBgn0019940
CG14871	FBgn0038343
CG5205	FBgn0038344
CG5213	FBgn0038345
CG44014	FBgn0264776
CG44013	FBgn0264775
CG31296	FBgn0051296
CG18522	FBgn0267408
CG18519	FBgn0038348
CG6045	FBgn0038349
CG18516	FBgn0038350
CG43335	FBgn0263040
CG43336	FBgn0263041
CG33207	FBgn0053207
CR43849	FBgn0264431
CG31446	FBgn0051446
CG5399	FBgn0038353
CR45635	FBgn0267195
CR45636	FBgn0267196
CG5404	FBgn0038354
CG31294	FBgn0051294
CG34274	FBgn0085303
CG4520	FBgn0038355
CG12784	FBgn0038356
CG5623	FBgn0038357
CR45206	FBgn0266733
CG4525	FBgn0038358
CG45207	FBgn0266734
CG5614	FBgn0038359
CG9590	FBgn0038360
CG9589	FBgn0038361
CG17604	FBgn0000246
CG18505	FBgn0038363
CG4699	FBgn0262527
CG9593	FBgn0038365
CR45891	FBgn0267551
CG4606	FBgn0026616
CR45211	FBgn0266738
CG31293	FBgn0003227
CG4576	FBgn0038366
CG43318	FBgn0263023
CG43317	FBgn0263022
CG4560	FBgn0038369
CG3944	FBgn0017567
CR43510	FBgn0263525
CG3158	FBgn0003483
CG9597	FBgn0038371
CG31150	FBgn0265048
CG4546	FBgn0038373
CG4225	FBgn0038376
CG31183	FBgn0051183
CG9632	FBgn0038377
CG14877	FBgn0038380
CG9734	FBgn0027657
CR31292	FBgn0051292
CG3303	FBgn0038381
CG45105	FBgn0266566
CG4221	FBgn0038385
CR46470	FBgn0287601
CR46028	FBgn0267692
CG34276	FBgn0085305
CG5478	FBgn0038386
CG5268	FBgn0038387
CG8884	FBgn0013334
CG31088	FBgn0051088
CG46383	FBgn0286741
CG4287	FBgn0038388
CG5516	FBgn0038389
CG32856	FBgn0052856
CG5083	FBgn0038390
CG18740	FBgn0002783
CG4261	FBgn0022787
CG3992	FBgn0003507
CR44133	FBgn0264982
CR42839	FBgn0262028
CG10278	FBgn0038391
CG3978	FBgn0003117
CG10264	FBgn0038394
CG10407	FBgn0038395
CG4201	FBgn0024222
CR45212	FBgn0266739
CG5013	FBgn0038396
CG5000	FBgn0027948
CG10185	FBgn0038397
CG31045	FBgn0026059
CG32855	FBgn0052855
CG4979	FBgn0038398
CG4006	FBgn0010379
CG4316	FBgn0003319
CG5903	FBgn0038400
CG5916	FBgn0038401
CG5952	FBgn0038402
CG6006	FBgn0063649
CR43472	FBgn0263449
CG8925	FBgn0038404
CG8927	FBgn0038405
CG6046	FBgn0024491
CG6072	FBgn0086370
CG6126	FBgn0038407
CG31287	FBgn0051287
CG4337	FBgn0010438
CR45639	FBgn0267199
CR45640	FBgn0267200
CR45638	FBgn0267198
CR45637	FBgn0267197
CR45642	FBgn0267202
CR45641	FBgn0267201
CR45643	FBgn0267203
CG6889	FBgn0040071
CG6815	FBgn0287225
CG6814	FBgn0020407
CG6864	FBgn0020399
CG12785	FBgn0261286
CG6963	FBgn0250823
CG6898	FBgn0038412
CG6725	FBgn0040271
CR31586	FBgn0011858
CR31587	FBgn0012011
CG44044	FBgn0264836
CG6901	FBgn0038414
CG17929	FBgn0038415
CG17930	FBgn0038416
CG6987	FBgn0283477
CG10309	FBgn0038418
CG14879	FBgn0038419
CG7013	FBgn0027095
CG10311	FBgn0038420
CG17931	FBgn0038421
CG42446	FBgn0259917
CG14880	FBgn0038422
CG10317	FBgn0038423
CR45193	FBgn0266703
CG6993	FBgn0003513
CR45630	FBgn0267190
CR31497	FBgn0051497
CR45631	FBgn0267191
CG31279	FBgn0051279
CR31282	FBgn0051282
CG17565	FBgn0038424
CG14881	FBgn0038425
CG10406	FBgn0038426
CG12753	FBgn0038427
CG14894	FBgn0038428
CG14882	FBgn0038429
CG14895	FBgn0044826
CG10405	FBgn0038431
CG14883	FBgn0038432
CG42232	FBgn0250754
CG14884	FBgn0027053
CG14885	FBgn0038435
CR46029	FBgn0267693
CG14886	FBgn0038436
CG14887	FBgn0004087
CG14898	FBgn0038437
CG14899	FBgn0038438
CG14900	FBgn0038439
CG14901	FBgn0038440
CG14902	FBgn0028381
CG42342	FBgn0259244
CR46030	FBgn0267694
CG14891	FBgn0038445
CG14903	FBgn0038446
CG14904	FBgn0020907
CG14892	FBgn0038447
CG10345	FBgn0027562
CG10342	FBgn0027109
CG12783	FBgn0038448
CG10340	FBgn0022344
CG17562	FBgn0038449
CG17560	FBgn0038450
CR42940	FBgn0262233
CG14893	FBgn0038451
CG14905	FBgn0038452
CG6588	FBgn0285925
CG10328	FBgn0015520
CG10326	FBgn0038453
CG10324	FBgn0038454
CG8977	FBgn0015019
CG14906	FBgn0015351
CG14907	FBgn0038455
CG31217	FBgn0051217
CG10388	FBgn0003944
CR46528	FBgn0288728
CR31273	FBgn0020556
CG31275	FBgn0063261
CR44945	FBgn0266250
CG3853	FBgn0015230
CR45750	FBgn0267314
CR45751	FBgn0267315
CG10325	FBgn0000014
CG46527	FBgn0288835
CR43261	FBgn0264857
CR31271	FBgn0020546
CR42997	FBgn0262290
CR43043	FBgn0262462
CR43617	FBgn0263595
CG11648	FBgn0000015
CR46267	FBgn0278597
CG14909	FBgn0038458
CG8953	FBgn0015008
CG8956	FBgn0015011
CG18622	FBgn0038460
CR45592	FBgn0267152
CG31447	FBgn0043069
CG3678	FBgn0038461
CR45221	FBgn0266748
CR45213	FBgn0266740
CG31274	FBgn0051274
CG17556	FBgn0038462
CG3534	FBgn0038463
CG16941	FBgn0266917
CG8913	FBgn0038465
CG8907	FBgn0038466
CG3477	FBgn0004577
CG3590	FBgn0038467
CG5225	FBgn0038468
CG31268	FBgn0051268
CG4009	FBgn0038469
CG18213	FBgn0038470
CG5220	FBgn0038471
CG3995	FBgn0038472
CG5208	FBgn0266053
CG5201	FBgn0020493
CG3983	FBgn0038473
CG5184	FBgn0038474
CG3962	FBgn0038475
CG5175	FBgn0038476
CG5169	FBgn0266465
CG5148	FBgn0038478
CG3937	FBgn0014141
CG34278	FBgn0085307
CG42779	FBgn0261847
CG45079	FBgn0266454
CG17477	FBgn0038479
CR44238	FBgn0265169
CG31269	FBgn0051269
CG31265	FBgn0051265
CG17475	FBgn0038481
CG4053	FBgn0038482
CG31266	FBgn0051266
CG31267	FBgn0051267
CG5246	FBgn0038484
CG5255	FBgn0038485
CG5265	FBgn0038486
CG4060	FBgn0038487
CG11896	FBgn0038488
CG12265	FBgn0264291
CG5285	FBgn0038490
CG5292	FBgn0038491
CG4090	FBgn0038492
CG31262	FBgn0051262
CG4135	FBgn0038494
CG44259	FBgn0265199
CG44257	FBgn0265197
CR44258	FBgn0265198
CG31418	FBgn0051418
CG31419	FBgn0051419
CR43489	FBgn0263500
CR43490	FBgn0263501
CG14334	FBgn0038498
CR44256	FBgn0265196
CG31256	FBgn0038499
CG43226	FBgn0262871
CR43196	FBgn0262825
CR44160	FBgn0265043
CG5851	FBgn0028992
CG5413	FBgn0025456
CG5407	FBgn0038504
CG34279	FBgn0085308
CG34280	FBgn0085309
CG42823	FBgn0262005
CG42824	FBgn0262006
CG42798	FBgn0261932
CG17283	FBgn0038505
CG5860	FBgn0038506
CG5863	FBgn0038507
CG42821	FBgn0262003
CG42822	FBgn0262004
CG5866	FBgn0038508
CG33333	FBgn0053333
CR46034	FBgn0267701
CG42834	FBgn0262023
CG42835	FBgn0262024
CG14332	FBgn0038509
CG5873	FBgn0038511
CR46052	FBgn0267719
CR46053	FBgn0267720
CG44090	FBgn0264899
CG14331	FBgn0038510
CG5400	FBgn0000564
CG14330	FBgn0038512
CG31190	FBgn0261046
CR44349	FBgn0265449
CG5823	FBgn0038515
CG5840	FBgn0038516
CG5824	FBgn0010926
CG5836	FBgn0025571
CG5826	FBgn0038519
CG43748	FBgn0264005
CG7587	FBgn0038523
CG7596	FBgn0003375
CG7606	FBgn0040565
CG7623	FBgn0038524
CG14329	FBgn0038525
CG7539	FBgn0004554
CG34281	FBgn0085310
CG14327	FBgn0038526
CR31572	FBgn0012002
CR31567	FBgn0011944
CG14324	FBgn0038527
CG14326	FBgn0038528
CR31570	FBgn0051570
CR31571	FBgn0011945
CR31574	FBgn0011840
CG14323	FBgn0038529
CR33534	FBgn0053534
CR31589	FBgn0011993
CR31590	FBgn0011994
CG7629	FBgn0038530
CG14325	FBgn0038531
CR31591	FBgn0051591
CG43175	FBgn0262794
CR31569	FBgn0051569
CR31573	FBgn0051573
CR45222	FBgn0266749
CR31568	FBgn0051568
CR31578	FBgn0051578
CR31579	FBgn0051579
CR31580	FBgn0051580
CR45223	FBgn0266750
CG14322	FBgn0038532
CR31577	FBgn0051577
CR31575	FBgn0051575
CG45045	FBgn0266405
CR31576	FBgn0051576
CG7523	FBgn0038533
CG7643	FBgn0000063
CG18212	FBgn0038535
CG7655	FBgn0038536
CG31251	FBgn0051251
CG31360	FBgn0051360
CG31249	FBgn0051249
CG7467	FBgn0261885
CR46036	FBgn0267703
CR46035	FBgn0267702
CG7660	FBgn0261987
CG12334	FBgn0038539
CG7665	FBgn0016650
CG14321	FBgn0038540
CG16766	FBgn0038541
CG7431	FBgn0038542
CG43102	FBgn0262562
CG7713	FBgn0038545
CG7379	FBgn0038546
CG17803	FBgn0038547
CG17806	FBgn0038548
CG17802	FBgn0038549
CG17801	FBgn0038550
CG7357	FBgn0038551
CG18012	FBgn0038552
CG31247	FBgn0261649
CG33547	FBgn0053547
CG12347	FBgn0038558
CG43445	FBgn0263399
CG43738	FBgn0263995
CG7780	FBgn0000477
CG7785	FBgn0038564
CG7794	FBgn0038565
CG7223	FBgn0010389
CG14317	FBgn0038566
CG7847	FBgn0003499
CR31242	FBgn0051242
CR31518	FBgn0051518
CG14316	FBgn0038567
CR45103	FBgn0266564
CR45104	FBgn0266565
CG14315	FBgn0038568
CG7218	FBgn0038569
CG12357	FBgn0022943
CG7217	FBgn0038570
CG7215	FBgn0038571
CG7913	FBgn0042693
CG7212	FBgn0261532
CG7208	FBgn0038575
CG7940	FBgn0038576
CG12321	FBgn0038577
CG7957	FBgn0038578
CG14313	FBgn0038579
CG7187	FBgn0011481
CG7985	FBgn0028499
CG44158	FBgn0265041
CG14314	FBgn0038581
CG7183	FBgn0038583
CG7988	FBgn0038582
CG7175	FBgn0038584
CG7993	FBgn0038585
CG7168	FBgn0038586
CG7998	FBgn0262559
CG31240	FBgn0011701
CG7156	FBgn0038588
CG31196	FBgn0020238
CG12320	FBgn0038590
CG18598	FBgn0038589
CG43663	FBgn0263738
CG43662	FBgn0263757
CG42350	FBgn0261019
CG44890	FBgn0266195
CG18599	FBgn0038592
CG7146	FBgn0038593
CG8053	FBgn0026250
CG7142	FBgn0038595
CG14312	FBgn0038596
CG8064	FBgn0038597
CG7131	FBgn0038598
CG7129	FBgn0010877
CG12363	FBgn0024432
CG18600	FBgn0038601
CG7126	FBgn0038602
CG7125	FBgn0038603
CG31235	FBgn0286852
CG15803	FBgn0038606
CR45634	FBgn0267194
CG7669	FBgn0038607
CG7670	FBgn0038608
CG7671	FBgn0038609
CG7672	FBgn0004618
CR14310	FBgn0040569
CR44946	FBgn0266251
CG7675	FBgn0038610
CG14309	FBgn0038611
CG7676	FBgn0038612
CG7678	FBgn0038613
CG18617	FBgn0028670
CG44009	FBgn0264751
CG12333	FBgn0038617
CG44010	FBgn0264816
CG7685	FBgn0038619
CG31122	FBgn0051122
CG10864	FBgn0038621
CG14307	FBgn0004652
CG7691	FBgn0038626
CG43194	FBgn0262823
CG43210	FBgn0262846
CG7694	FBgn0038627
CG7693	FBgn0023083
CG43726	FBgn0263974
CG14304	FBgn0038629
CG14305	FBgn0038630
CG7695	FBgn0038631
CR31228	FBgn0051228
CG14301	FBgn0038632
CG31224	FBgn0051224
CG7697	FBgn0027841
CG7698	FBgn0261065
CG7700	FBgn0044871
CG31231	FBgn0051231
CG31229	FBgn0051229
CR45028	FBgn0266388
CG7702	FBgn0038638
CG31230	FBgn0051230
CG7705	FBgn0286828
CG7706	FBgn0038640
CG7708	FBgn0038641
CG46318	FBgn0284234
CG7709	FBgn0038642
CG14300	FBgn0038643
CG34282	FBgn0085311
CR45996	FBgn0267658
CG12345	FBgn0000303
CG32848	FBgn0270928
CR46265	FBgn0275433
CG34283	FBgn0085312
CG7714	FBgn0038645
CG7715	FBgn0038646
CG14302	FBgn0038647
CG7717	FBgn0024329
CG7718	FBgn0038649
CG7719	FBgn0260399
CG14299	FBgn0038651
CG7720	FBgn0038652
CG18208	FBgn0038653
CR45633	FBgn0267193
CG31226	FBgn0051226
CG14298	FBgn0038654
CG14297	FBgn0038655
CG16740	FBgn0003248
CG14294	FBgn0038656
CG34284	FBgn0085313
CG14292	FBgn0038658
CG14296	FBgn0038659
CG14291	FBgn0038660
CG17836	FBgn0261113
CG14290	FBgn0038662
CG42613	FBgn0261262
CG43732	FBgn0263983
CG12269	FBgn0038665
CG5451	FBgn0038666
CG5452	FBgn0022338
CG5454	FBgn0261792
CG31043	FBgn0026239
CG6005	FBgn0038672
CG14286	FBgn0038673
CG14285	FBgn0038674
CG6007	FBgn0260779
CG6008	FBgn0027785
CG6009	FBgn0015781
CG6011	FBgn0027784
CG6013	FBgn0038675
CG6026	FBgn0038676
CG6027	FBgn0004876
CR46041	FBgn0267708
CG14283	FBgn0038678
CG6030	FBgn0016120
CG6040	FBgn0038679
CG11821	FBgn0038680
CG6042	FBgn0038681
CG5629	FBgn0261285
CG5835	FBgn0038682
CR44107	FBgn0264916
CG11779	FBgn0038683
CG5637	FBgn0002962
CG42358	FBgn0259704
CG42359	FBgn0259705
CG5557	FBgn0010768
CG14282	FBgn0038685
CG5555	FBgn0038686
CG31475	FBgn0051475
CR46039	FBgn0267706
CG3772	FBgn0025680
CR46393	FBgn0286871
CG5269	FBgn0267975
CG11703	FBgn0038690
CG5250	FBgn0038691
CG3773	FBgn0038692
CG5237	FBgn0038693
CG5217	FBgn0038694
CG14280	FBgn0038695
CR44173	FBgn0265062
CR43451	FBgn0263405
CG44174	FBgn0265063
CG3619	FBgn0000463
CR44175	FBgn0265064
CR46343	FBgn0285993
CR43258	FBgn0262903
CG43203	FBgn0262839
CG31212	FBgn0289122
CG3581	FBgn0038697
CG31404	FBgn0051404
CG31245	FBgn0051245
CR34285	FBgn0085314
CG3734	FBgn0038700
CG18493	FBgn0038701
CG3739	FBgn0038702
CG31244	FBgn0051244
CG5316	FBgn0038704
CG11626	FBgn0038705
CG31221	FBgn0051221
CG3517	FBgn0038706
CG34157	FBgn0260003
CG6255	FBgn0038708
CG15025	FBgn0038709
CR33634	FBgn0065080
CG6240	FBgn0038714
CG7333	FBgn0038715
CG7342	FBgn0038716
CG17751	FBgn0038717
CG17752	FBgn0038718
CG16727	FBgn0038719
CG6231	FBgn0038720
CR46289	FBgn0283555
CG16718	FBgn0038721
CG34138	FBgn0083974
CG6213	FBgn0283536
CG7360	FBgn0038722
CG6195	FBgn0038723
CG31220	FBgn0051220
CG31219	FBgn0051219
CG6184	FBgn0038725
CG7411	FBgn0003011
CG7432	FBgn0038727
CG31216	FBgn0051216
CR31214	FBgn0012003
CG34286	FBgn0085315
CG7535	FBgn0024963
CR43488	FBgn0263499
CG6300	FBgn0038730
CG11659	FBgn0038731
CG11391	FBgn0038732
CG11407	FBgn0038733
CG11453	FBgn0038734
CR31430	FBgn0012004
CR31215	FBgn0051215
CG4608	FBgn0014135
CR31471	FBgn0051471
CG31459	FBgn0051459
CG4662	FBgn0038735
CG4583	FBgn0261984
CG11447	FBgn0038737
CG4572	FBgn0038738
CG4686	FBgn0038739
CG4562	FBgn0038740
CG17186	FBgn0038741
CG4703	FBgn0038742
CG4720	FBgn0014006
CG4550	FBgn0002940
CG4733	FBgn0038744
CG4538	FBgn0038745
CG4510	FBgn0038746
CG4755	FBgn0038747
CR45047	FBgn0266407
CR45048	FBgn0266408
CG42508	FBgn0260234
CG4468	FBgn0038749
CG4465	FBgn0038750
CG4770	FBgn0038751
CR43282	FBgn0262971
CR46341	FBgn0285966
CR46040	FBgn0267707
CG4462	FBgn0038752
CG4459	FBgn0038753
CG4451	FBgn0038755
CG12249	FBgn0021776
CG46042	FBgn0267709
CG4783	FBgn0038756
CG31213	FBgn0051213
CG12254	FBgn0038760
CG17190	FBgn0038761
CG4836	FBgn0270925
CG4433	FBgn0038763
CG4845	FBgn0243511
CG4424	FBgn0038765
CG4854	FBgn0038766
CG4413	FBgn0038767
CG4936	FBgn0038768
CG10889	FBgn0038769
CG17193	FBgn0040571
CG33934	FBgn0064119
CG33933	FBgn0260466
CG4390	FBgn0038771
CG4973	FBgn0038772
CG10888	FBgn0003249
CG31206	FBgn0051206
CG10887	FBgn0038773
CG31208	FBgn0045471
CR42836	FBgn0262025
CG5023	FBgn0038774
CG34139	FBgn0083975
CG17199	FBgn0038775
CR46043	FBgn0267710
CG43122	FBgn0262582
CG4367	FBgn0038783
CG4362	FBgn0038784
CG42668	FBgn0261550
CG4360	FBgn0038787
CR45800	FBgn0267450
CG5085	FBgn0038788
CG15685	FBgn0038789
CR45023	FBgn0266381
CG5097	FBgn0038790
CG43224	FBgn0262869
CG4335	FBgn0038795
CG10881	FBgn0038796
CR44400	FBgn0265550
CR44401	FBgn0265551
CG4323	FBgn0038797
CG46441	FBgn0287211
CG4312	FBgn0002869
CG17916	FBgn0038798
CG4288	FBgn0038799
CG42872	FBgn0262146
CG33192	FBgn0053192
CG4257	FBgn0016917
CG4241	FBgn0067783
CG33488	FBgn0067782
CG5180	FBgn0043457
CG15922	FBgn0040575
CG5191	FBgn0038803
CG10877	FBgn0038804
CR34614	FBgn0083039
CG4217	FBgn0038805
CG5412	FBgn0038806
CG4204	FBgn0023212
CG5417	FBgn0038808
CG34008	FBgn0054008
CG16953	FBgn0038809
CG4173	FBgn0014029
CR46044	FBgn0267711
CG5434	FBgn0038810
CG4159	FBgn0038811
CG5206	FBgn0023097
CR31506	FBgn0051506
CG15923	FBgn0038814
CG5466	FBgn0038815
CG5460	FBgn0001169
CG4141	FBgn0015279
CG5483	FBgn0038816
CG31201	FBgn0051201
CG18039	FBgn0028422
CG4058	FBgn0038818
CG5494	FBgn0038819
CG4000	FBgn0038820
CR45024	FBgn0266382
CR43452	FBgn0263406
CG3856	FBgn0024944
CG31205	FBgn0051205
CR42786	FBgn0261857
CG10498	FBgn0004107
CR42892	FBgn0262185
CG17267	FBgn0038821
CG42322	FBgn0259222
CG31199	FBgn0051199
CG31200	FBgn0051200
CG17268	FBgn0265606
CG17838	FBgn0038826
CG31195	FBgn0051195
CG31421	FBgn0046689
CG17269	FBgn0038827
CG17270	FBgn0038828
CG17271	FBgn0038829
CG15693	FBgn0019936
CR34615	FBgn0083055
CR34616	FBgn0082986
CG17272	FBgn0038830
CG17273	FBgn0027493
CR44047	FBgn0264839
CG31223	FBgn0051223
CG33094	FBgn0053094
CG15695	FBgn0038832
CG15696	FBgn0038833
CG15697	FBgn0038834
CG42315	FBgn0259215
CR42974	FBgn0262422
CG3822	FBgn0038837
CG31509	FBgn0028396
CG31508	FBgn0044812
CG5609	FBgn0038838
CG31507	FBgn0044809
CR44048	FBgn0264840
CR31480	FBgn0051480
CR31334	FBgn0051334
CR31333	FBgn0051333
CR44947	FBgn0266252
CG10830	FBgn0038839
CG5621	FBgn0038840
CG31193	FBgn0044810
CG31191	FBgn0051191
CR44106	FBgn0264915
CR43575	FBgn0263460
CG5630	FBgn0038842
CG5670	FBgn0002921
CG5685	FBgn0013995
CG43446	FBgn0263400
CG10827	FBgn0038845
CG5697	FBgn0038846
CG11622	FBgn0026056
CG17278	FBgn0046763
CG3723	FBgn0013812
CG12278	FBgn0038847
CG31189	FBgn0051189
CG31207	FBgn0051207
CG7079	FBgn0038849
CG17279	FBgn0038850
CG3671	FBgn0011672
CG3637	FBgn0025865
CG5730	FBgn0000083
CG3593	FBgn0003257
CG5737	FBgn0038851
CG7056	FBgn0038852
CG3421	FBgn0038853
CR44178	FBgn0265067
CG7044	FBgn0038854
CR46045	FBgn0267712
CG5745	FBgn0038855
CG7034	FBgn0266674
CG5760	FBgn0028468
CG5771	FBgn0015790
CG5786	FBgn0010770
CG17282	FBgn0038857
CG3412	FBgn0283468
CG5793	FBgn0038858
CG17284	FBgn0038859
CG10825	FBgn0038860
CG7009	FBgn0038861
CG5798	FBgn0038862
CG5802	FBgn0250820
CG17299	FBgn0264357
CG10824	FBgn0038865
CG5810	FBgn0038866
CG7000	FBgn0260004
CG5862	FBgn0038868
CR43975	FBgn0264706
CG3353	FBgn0038869
CG5871	FBgn0038870
CG3337	FBgn0038871
CR44265	FBgn0265205
CG5874	FBgn0038872
CG3331	FBgn0000527
CG5892	FBgn0038873
CG5911	FBgn0038874
CG3320	FBgn0285937
CR45798	FBgn0267448
CG6056	FBgn0043012
CG5919	FBgn0038876
CG3308	FBgn0038877
CG3301	FBgn0038878
CG10823	FBgn0038880
CG17298	FBgn0038879
CR31400	FBgn0001234
CR43522	FBgn0263537
CG16791	FBgn0038881
CG32491	FBgn0002781
CG44884	FBgn0266178
CG45986	FBgn0267648
CG45987	FBgn0267649
CG44879	FBgn0266173
CG44880	FBgn0266174
CG44881	FBgn0266175
CG44882	FBgn0266176
CG44883	FBgn0266177
CG42769	FBgn0261837
CG42770	FBgn0261838
CG44878	FBgn0266172
CG44876	FBgn0266170
CG44877	FBgn0266171
CG42775	FBgn0261843
CG42776	FBgn0261844
CG42777	FBgn0261845
CG42772	FBgn0261840
CG42771	FBgn0261839
CG42773	FBgn0261841
CG42774	FBgn0261842
CG45988	FBgn0267650
CG45989	FBgn0267651
CG45990	FBgn0267652
CG7895	FBgn0004110
CG7902	FBgn0004862
CG6475	FBgn0038886
CR46046	FBgn0267713
CG7907	FBgn0038887
CG15503	FBgn0038888
CG31438	FBgn0051438
CG6570	FBgn0008651
CR44089	FBgn0264898
CG6545	FBgn0011278
CR43453	FBgn0263407
CG7922	FBgn0038889
CR44032	FBgn0264824
CG7937	FBgn0004863
CG7956	FBgn0038890
CR43372	FBgn0263130
CR44033	FBgn0264825
CG6534	FBgn0002941
CG15498	FBgn0038892
CG18402	FBgn0283499
CR43653	FBgn0263662
CR44034	FBgn0264826
CG6376	FBgn0011766
CR42948	FBgn0262405
CR42992	FBgn0262434
CR46055	FBgn0267722
CR46056	FBgn0267723
CR46057	FBgn0267724
CG6353	FBgn0289108
CG15497	FBgn0038894
CG6349	FBgn0259113
CG31176	FBgn0051176
CR44096	FBgn0264905
CR43096	FBgn0262542
CG42608	FBgn0261060
CG42869	FBgn0262143
CG42870	FBgn0262144
CR46423	FBgn0286926
CG34034	FBgn0054034
CG5849	FBgn0038897
CG31343	FBgn0051343
CG31233	FBgn0051233
CG31198	FBgn0051198
CG42335	FBgn0259237
CG13419	FBgn0038901
CG6706	FBgn0027575
CG6800	FBgn0038902
CG13418	FBgn0038903
CG6705	FBgn0003867
CG6703	FBgn0013759
CR44887	FBgn0266181
CR43038	FBgn0262331
CR43506	FBgn0263521
CR45632	FBgn0267192
CG13417	FBgn0041229
CG31336	FBgn0045470
CG31173	FBgn0045469
CR44087	FBgn0264896
CG31335	FBgn0045468
CG6575	FBgn0015229
CR45644	FBgn0267204
CR45645	FBgn0267205
CG6637	FBgn0260940
CG6569	FBgn0038909
CG13415	FBgn0067317
CG31174	FBgn0051174
CG31431	FBgn0051431
CG31178	FBgn0064912
CG6656	FBgn0038912
CG34148	FBgn0083984
CG33092	FBgn0053092
CR45046	FBgn0266406
CG31465	FBgn0051465
CG17820	FBgn0038914
CG17819	FBgn0038915
CG6560	FBgn0038916
CG6678	FBgn0038917
CG43844	FBgn0264426
CG6690	FBgn0038918
CG17843	FBgn0038919
CG18389	FBgn0264490
CG6332	FBgn0038921
CG6439	FBgn0038922
CG6455	FBgn0019960
CG13410	FBgn0038923
CG6028	FBgn0038924
CG6022	FBgn0038925
CG6343	FBgn0019957
CG13409	FBgn0038926
CG6015	FBgn0038927
CG45099	FBgn0266538
CG6375	FBgn0266581
CG12297	FBgn0038928
CR43572	FBgn0261455
CG10293	FBgn0264491
CG13408	FBgn0038929
CG5778	FBgn0038930
CG5791	FBgn0040582
CG13407	FBgn0038931
CG31164	FBgn0051164
CG31424	FBgn0051424
CG31423	FBgn0051423
CG42390	FBgn0259736
CG31163	FBgn0051163
CR45224	FBgn0266751
CG5732	FBgn0038934
CR42905	FBgn0262382
CR43696	FBgn0263834
CR43697	FBgn0263835
CG7084	FBgn0038938
CG34377	FBgn0263117
CR46261	FBgn0267994
CG7080	FBgn0038941
CG33721	FBgn0053721
CG13862	FBgn0038942
CG5391	FBgn0038943
CG5388	FBgn0038944
CR46054	FBgn0267721
CG5386	FBgn0038945
CG7077	FBgn0038946
CG7073	FBgn0038947
CG5383	FBgn0038948
CG34131	FBgn0083967
CG7071	FBgn0260467
CG5382	FBgn0038950
CG5380	FBgn0038951
CG7070	FBgn0267385
CG7069	FBgn0038952
CG18596	FBgn0038953
CG34149	FBgn0083985
CG43342	FBgn0263047
CG43343	FBgn0263048
CG5379	FBgn0038956
CG7059	FBgn0038957
CG13857	FBgn0038958
CR31165	FBgn0051165
CR31162	FBgn0051162
CR31167	FBgn0051167
CR31166	FBgn0051166
CG13856	FBgn0038959
CG13855	FBgn0038960
CG13850	FBgn0038961
CG42250	FBgn0261279
CG13849	FBgn0038964
CG13852	FBgn0038965
CG13848	FBgn0038966
CG13847	FBgn0038967
CG12499	FBgn0038968
CG34288	FBgn0085317
CG34376	FBgn0085405
CG5378	FBgn0028688
CG7057	FBgn0263351
CG7054	FBgn0038972
CG18594	FBgn0038973
CG5377	FBgn0038974
CG7050	FBgn0038975
CR43539	FBgn0263554
CG7048	FBgn0038976
CG5376	FBgn0038977
CG5374	FBgn0003676
CG7045	FBgn0038978
CG7046	FBgn0038979
CG6919	FBgn0038980
CG5346	FBgn0038981
CG33099	FBgn0053099
CG33093	FBgn0053093
CG5326	FBgn0038983
CR45646	FBgn0267206
CR45647	FBgn0267207
CG5315	FBgn0038984
CR44062	FBgn0264871
CG6921	FBgn0260942
CG5278	FBgn0038986
CG33110	FBgn0053110
CG6932	FBgn0028837
CG31289	FBgn0024558
CG33107	FBgn0053107
CG6937	FBgn0038989
CG5264	FBgn0014949
CG31158	FBgn0051158
CG31156	FBgn0051156
CG13843	FBgn0038993
CG31159	FBgn0051159
CG31161	FBgn0051161
CG6949	FBgn0263863
CG5248	FBgn0020278
CR43475	FBgn0263452
CR43474	FBgn0263451
CG45058	FBgn0266418
CG4919	FBgn0046114
CG17625	FBgn0039002
CG4917	FBgn0039003
CG6958	FBgn0039004
CG6969	FBgn0263986
CG12800	FBgn0039006
CG4910	FBgn0039007
CG6972	FBgn0039008
CG13842	FBgn0039009
CG4907	FBgn0039010
CG31151	FBgn0051151
CG4900	FBgn0024958
CR45648	FBgn0267208
CG4813	FBgn0039013
CG45049	FBgn0266409
CG4803	FBgn0039015
CG4792	FBgn0039016
CG6985	FBgn0039017
CG4771	FBgn0263143
CG6990	FBgn0039019
CG17141	FBgn0039020
CG31139	FBgn0051139
CG31152	FBgn0086253
CG7029	FBgn0039026
CG7023	FBgn0039025
CG4725	FBgn0039022
CG4723	FBgn0039023
CG4721	FBgn0039024
CG13841	FBgn0040588
CG43091	FBgn0262537
CG43092	FBgn0262538
CG43093	FBgn0262539
CG43094	FBgn0262540
CG43095	FBgn0262541
CR43616	FBgn0263513
CR43654	FBgn0263663
CG7031	FBgn0039027
CG13840	FBgn0039028
CR44350	FBgn0265450
CG4704	FBgn0039029
CR43846	FBgn0264428
CG6669	FBgn0017590
CG6660	FBgn0039030
CR46088	FBgn0267757
CR43655	FBgn0263664
CG31281	FBgn0051281
CG17244	FBgn0039031
CG43442	FBgn0263390
CG17241	FBgn0039033
CG6679	FBgn0039034
CR43454	FBgn0263408
CG34375	FBgn0085404
CR44225	FBgn0265156
CG6688	FBgn0039038
CG4677	FBgn0039039
CG13833	FBgn0039040
CR44226	FBgn0265157
CG13838	FBgn0039041
CG13837	FBgn0039042
CG17121	FBgn0039043
CG33336	FBgn0039044
CG31280	FBgn0041225
CR46089	FBgn0267758
CG17119	FBgn0039045
CG33193	FBgn0053193
CG6697	FBgn0027526
CG17111	FBgn0039048
CG13830	FBgn0039054
CG17110	FBgn0039050
CG6726	FBgn0039049
CG17109	FBgn0039051
CG6733	FBgn0039052
CG6738	FBgn0039053
CG4656	FBgn0039055
CG6742	FBgn0039056
CG31365	FBgn0051365
CG31457	FBgn0051457
CG4637	FBgn0004644
CG4620	FBgn0004395
CG4624	FBgn0039058
CG13829	FBgn0039059
CG44159	FBgn0265042
CG46310	FBgn0284226
CG43286	FBgn0262975
CG4568	FBgn0011596
CG4467	FBgn0039064
CG4449	FBgn0039065
CG6755	FBgn0039066
CG4448	FBgn0039067
CG13827	FBgn0039068
CG10868	FBgn0004882
CG6759	FBgn0025781
CG6763	FBgn0039069
CG17083	FBgn0039070
CG4434	FBgn0039071
CG17077	FBgn0003118
CR46090	FBgn0267759
CG6768	FBgn0264326
CG4412	FBgn0016119
CG6773	FBgn0024509
CG6779	FBgn0002622
CG4408	FBgn0039073
CR44322	FBgn0265381
CG42827	FBgn0262009
CG42828	FBgn0262010
CG4393	FBgn0039075
CG31515	FBgn0051515
CR43387	FBgn0263217
CR44323	FBgn0265382
CG17380	FBgn0039077
CG42297	FBgn0259193
CG42298	FBgn0259194
CG4374	FBgn0039078
CG43694	FBgn0263777
CR46524	FBgn0288809
CG31225	FBgn0051225
CG17381	FBgn0039079
CR44324	FBgn0265383
CG17382	FBgn0039080
CG34289	FBgn0085318
CG4370	FBgn0039081
CG10177	FBgn0039083
CG10175	FBgn0289745
CG10170	FBgn0039085
CG16732	FBgn0039086
CG10168	FBgn0039087
CG10164	FBgn0039088
CG10152	FBgn0039089
CG10182	FBgn0039091
CR46469	FBgn0287600
CG33337	FBgn0053337
CG16723	FBgn0039092
CG10183	FBgn0039093
CR31143	FBgn0051143
CG10184	FBgn0039094
CG31145	FBgn0051145
CG13822	FBgn0039098
CG10157	FBgn0039099
CG10161	FBgn0040227
CG16710	FBgn0039101
CG18754	FBgn0042106
CG16705	FBgn0039102
CG10254	FBgn0027512
CR43903	FBgn0264504
CG10252	FBgn0039104
CG10251	FBgn0043005
CG31468	FBgn0047351
CG31148	FBgn0051148
CG31413	FBgn0051413
CG31414	FBgn0051414
CR44052	FBgn0264844
CG10301	FBgn0039106
CG10300	FBgn0039107
CG10250	FBgn0002922
CG10232	FBgn0039108
CG10365	FBgn0039109
CR33682	FBgn0065098
CG10230	FBgn0028691
CG10367	FBgn0263782
CR46091	FBgn0267760
CG10225	FBgn0039110
CG10370	FBgn0028684
CG10221	FBgn0028475
CG10371	FBgn0039111
CG10219	FBgn0039112
CG10217	FBgn0039113
CG10374	FBgn0039114
CG10214	FBgn0039115
CG10375	FBgn0039116
CG10210	FBgn0039117
CG10208	FBgn0039118
CG10198	FBgn0039120
CG10379	FBgn0015513
CG33111	FBgn0053111
CG34355	FBgn0085384
CG10192	FBgn0260634
CR43285	FBgn0262974
CR31185	FBgn0004187
CR32866	FBgn0004186
CR31341	FBgn0004185
CG5212	FBgn0025574
CG5163	FBgn0013347
CG13597	FBgn0039124
CR46402	FBgn0286880
CG13598	FBgn0016754
CG31141	FBgn0051141
CG5857	FBgn0039125
CG13601	FBgn0039126
CG43998	FBgn0264740
CG43999	FBgn0264741
CG31142	FBgn0047114
CG5289	FBgn0015282
CG13599	FBgn0039128
CG5338	FBgn0039129
CG5854	FBgn0039130
CG5320	FBgn0001098
CG12268	FBgn0039131
CG5394	FBgn0005674
CR46092	FBgn0267761
CG5864	FBgn0039132
CG31140	FBgn0051140
CR46282	FBgn0283548
CR31451	FBgn0051451
CG13603	FBgn0039135
CG5902	FBgn0039136
CG13604	FBgn0039137
CG5915	FBgn0015795
CG33108	FBgn0053108
CG31184	FBgn0051184
CG5405	FBgn0020647
CG5933	FBgn0039139
CG5410	FBgn0039140
CG5977	FBgn0039141
CG5422	FBgn0005649
CG5986	FBgn0043455
CG5429	FBgn0264325
CG5991	FBgn0026576
CG6000	FBgn0039145
CR44097	FBgn0264906
CG5436	FBgn0001230
CG6057	FBgn0040283
CG33100	FBgn0053100
CG31136	FBgn0013343
CG10694	FBgn0039147
CG18428	FBgn0039149
CG13605	FBgn0039150
CR33536	FBgn0053536
CG6129	FBgn0039152
CG13607	FBgn0039151
CG5463	FBgn0290399
CG6147	FBgn0290397
CG6159	FBgn0266673
CG6164	FBgn0039154
CG6173	FBgn0039155
CG31133	FBgn0051133
CG33338	FBgn0267339
CG5475	FBgn0015765
CG6178	FBgn0039156
CG5501	FBgn0039157
CG6182	FBgn0039158
CG13608	FBgn0039159
CG6193	FBgn0026598
CG5510	FBgn0039160
CG13606	FBgn0039161
CG6198	FBgn0290396
CG5515	FBgn0039163
CG5524	FBgn0266282
CG6204	FBgn0039165
CG31137	FBgn0011725
CG17786	FBgn0039167
CG6219	FBgn0026257
CG5669	FBgn0039169
CG13609	FBgn0039170
CG5677	FBgn0039172
CG17924	FBgn0002863
CR45217	FBgn0266744
CG33106	FBgn0290416
CR44092	FBgn0264901
CR43569	FBgn0261452
CG5706	FBgn0039175
CG5695	FBgn0011225
CR31130	FBgn0051130
CG13610	FBgn0086365
CG6331	FBgn0019952
CG13611	FBgn0286199
CR45662	FBgn0267222
CG6356	FBgn0039178
CG34290	FBgn0085319
CG6364	FBgn0263398
CG5715	FBgn0039180
CG6383	FBgn0259685
CG5720	FBgn0028471
CR46093	FBgn0267762
CG31132	FBgn0011785
CG5728	FBgn0039182
CG6413	FBgn0039183
CG6432	FBgn0039184
CR43031	FBgn0262457
CG6440	FBgn0011581
CG5746	FBgn0039186
CG6454	FBgn0039187
CG17785	FBgn0039188
CG18528	FBgn0039189
CG5762	FBgn0039190
CG33339	FBgn0053339
CG33340	FBgn0053340
CG17784	FBgn0039192
CG13613	FBgn0039193
CG42811	FBgn0261993
CG42812	FBgn0261994
CG33341	FBgn0053341
CG13614	FBgn0039194
CG17782	FBgn0039195
CG17781	FBgn0039196
CG33342	FBgn0086610
CG17780	FBgn0039197
CG5768	FBgn0039198
CG13615	FBgn0039199
CG13616	FBgn0039200
CG5610	FBgn0000036
CR43455	FBgn0263409
CR45950	FBgn0267612
CR45649	FBgn0267209
CG31128	FBgn0051128
CG6844	FBgn0000039
CR42919	FBgn0262389
CG6798	FBgn0004118
CG13617	FBgn0039201
CG6593	FBgn0003134
CR44021	FBgn0264791
CG13622	FBgn0039202
CG13618	FBgn0039203
CG6607	FBgn0039204
CG13623	FBgn0039205
CG6631	FBgn0262167
CG5789	FBgn0039207
CG6643	FBgn0266758
CR31540	FBgn0011845
CR31379	FBgn0004188
CR32867	FBgn0004189
CR31539	FBgn0004190
CG13624	FBgn0039209
CR46094	FBgn0267763
CG13625	FBgn0039210
CG34100	FBgn0263490
CR46095	FBgn0267764
CG13626	FBgn0039212
CG6668	FBgn0039213
CG31127	FBgn0046685
CG43222	FBgn0262858
CG5794	FBgn0039214
CG6677	FBgn0000139
CG31125	FBgn0051125
CG6695	FBgn0039215
CR42987	FBgn0262431
CG31126	FBgn0051126
CG5796	FBgn0020018
CG10693	FBgn0003429
CG13627	FBgn0039217
CG46316	FBgn0284232
CG13628	FBgn0039218
CG13630	FBgn0039219
CG6863	FBgn0004885
CG6868	FBgn0003719
CG6875	FBgn0000140
CG13633	FBgn0015591
CR45650	FBgn0267210
CG13631	FBgn0040600
CG42331	FBgn0259233
CG5805	FBgn0039223
CG6892	FBgn0039225
CG13634	FBgn0039224
CG18410	FBgn0039226
CG11375	FBgn0039227
CG5807	FBgn0027539
CG6980	FBgn0039228
CG34150	FBgn0083986
CG5808	FBgn0027617
CR46096	FBgn0267765
CG6995	FBgn0039229
CG10951	FBgn0045980
CR43166	FBgn0262722
CG31118	FBgn0051118
CG31357	FBgn0051357
CG43273	FBgn0262962
CG13636	FBgn0039232
CR45216	FBgn0266743
CG33658	FBgn0053658
CG7005	FBgn0013953
CG7006	FBgn0039233
CG7012	FBgn0039234
CG31119	FBgn0051119
CG10899	FBgn0039235
CG31105	FBgn0051105
CG13639	FBgn0265266
CG13640	FBgn0039237
CG7016	FBgn0039238
CG13641	FBgn0039239
CG7021	FBgn0013949
CG5814	FBgn0015625
CG3744	FBgn0039240
CG11089	FBgn0039241
CG31381	FBgn0043799
CG31121	FBgn0051121
CG11069	FBgn0039244
CG13643	FBgn0040601
CG10845	FBgn0039246
CR44267	FBgn0265253
CG44255	FBgn0265190
CR31382	FBgn0051382
CR31416	FBgn0051416
CG44254	FBgn0265189
CG11168	FBgn0039249
CG11120	FBgn0039250
CR46097	FBgn0267766
CG17462	FBgn0039251
CG11771	FBgn0039252
CG6708	FBgn0020626
CG6238	FBgn0029157
CG13645	FBgn0039254
CG13646	FBgn0285912
CG13648	FBgn0039257
CG11780	FBgn0039258
CG11781	FBgn0039259
CG11783	FBgn0015240
CG6369	FBgn0039260
CG6422	FBgn0039261
CG31115	FBgn0051115
CG11785	FBgn0045866
CG42283	FBgn0259178
CG11786	FBgn0039264
CG11790	FBgn0039265
CG11791	FBgn0039266
CG31109	FBgn0051109
CG31111	FBgn0051111
CG34349	FBgn0266719
CG7662	FBgn0039269
CG11820	FBgn0039270
CG7748	FBgn0011336
CG11839	FBgn0039271
CG11836	FBgn0039272
CG9996	FBgn0039273
CG11920	FBgn0039274
CG11921	FBgn0004897
CG11922	FBgn0004898
CG33095	FBgn0053095
CG33096	FBgn0053096
CG45095	FBgn0266534
CG34027	FBgn0054027
CG13650	FBgn0039277
CG31108	FBgn0051108
CG31510	FBgn0051510
CG11844	FBgn0046214
CG10238	FBgn0039280
CG42503	FBgn0260229
CG11847	FBgn0259152
CG11848	FBgn0039282
CR46098	FBgn0267767
CG13651	FBgn0039283
CR46474	FBgn0287605
CG34110	FBgn0083946
CG11849	FBgn0039286
CG13653	FBgn0039288
CG10244	FBgn0022800
CG13654	FBgn0039290
CG13663	FBgn0039291
CG31106	FBgn0051106
CG31103	FBgn0051103
CG11851	FBgn0039293
CG13664	FBgn0039294
CG10420	FBgn0039296
CG11852	FBgn0039297
CG11853	FBgn0039298
CG11854	FBgn0039299
CG10422	FBgn0000158
CG10423	FBgn0039300
CR46364	FBgn0286042
CG11875	FBgn0039301
CG11856	FBgn0039302
CG11857	FBgn0039303
CG10425	FBgn0039304
CR46099	FBgn0267768
CG11858	FBgn0039305
CG10506	FBgn0027090
CG11859	FBgn0039306
CR45214	FBgn0266741
CR43310	FBgn0263002
CR13656	FBgn0039307
CG11889	FBgn0039308
CG11891	FBgn0039309
CG11878	FBgn0039310
CG10513	FBgn0039311
CG10514	FBgn0039312
CG11892	FBgn0039313
CG31300	FBgn0051300
CG31104	FBgn0051104
CG13658	FBgn0039315
CG11893	FBgn0039316
CG31098	FBgn0051098
CG31102	FBgn0051102
CG31097	FBgn0051097
CG31288	FBgn0051288
CG13659	FBgn0039319
CG31370	FBgn0051370
CG31436	FBgn0051436
CG10550	FBgn0039321
CG31099	FBgn0051099
CG31087	FBgn0051087
CG10559	FBgn0039323
CG10553	FBgn0039324
CG10560	FBgn0039325
CG10562	FBgn0039326
CG10618	FBgn0045761
CG10675	FBgn0039328
CG10669	FBgn0039329
CG11902	FBgn0028647
CG11908	FBgn0027376
CG11909	FBgn0261575
CG10772	FBgn0004509
CG11913	FBgn0039331
CG11910	FBgn0039332
CG31437	FBgn0051437
CG31439	FBgn0051439
CG5127	FBgn0039335
CG4553	FBgn0039336
CG5121	FBgn0039337
CG4548	FBgn0039338
CG5116	FBgn0039339
CG42488	FBgn0259991
CG4625	FBgn0040212
CR44179	FBgn0265068
CG5112	FBgn0039341
CG33494	FBgn0053494
CR44948	FBgn0266253
CR43456	FBgn0263410
CR43457	FBgn0263411
CR45651	FBgn0267211
CG5107	FBgn0039342
CG5111	FBgn0039343
CG5099	FBgn0011666
CR46100	FBgn0267769
CG4582	FBgn0039344
CR45910	FBgn0267570
CR43026	FBgn0262319
CG12250	FBgn0261287
CG4673	FBgn0039348
CG5079	FBgn0039346
CG5071	FBgn0039347
CG4685	FBgn0039349
CG17383	FBgn0039350
CR42955	FBgn0262411
CR45917	FBgn0267577
CR42916	FBgn0262388
CG4719	FBgn0027508
CR46101	FBgn0267770
CR45208	FBgn0266735
CG5053	FBgn0261986
CG31096	FBgn0039354
CR45225	FBgn0266752
CG4730	FBgn0039355
CG5039	FBgn0039356
CG4743	FBgn0039357
CG5028	FBgn0039358
CG4759	FBgn0039359
CG4774	FBgn0039360
CG31092	FBgn0051092
CR46102	FBgn0267771
CG31094	FBgn0066101
CG17198	FBgn0039366
CG17197	FBgn0039367
CG17196	FBgn0039368
CG17195	FBgn0039369
CG4956	FBgn0039370
CG4960	FBgn0039371
CG31380	FBgn0051380
CG31093	FBgn0051093
CR43631	FBgn0263622
CR43632	FBgn0263623
CR43633	FBgn0263624
CR43634	FBgn0263625
CR43847	FBgn0264429
CG34103	FBgn0250831
CR45652	FBgn0267212
CG5024	FBgn0039373
CG17769	FBgn0011273
CG17770	FBgn0039374
CG14354	FBgn0039376
CR44949	FBgn0266254
CG4986	FBgn0011670
CG42609	FBgn0261061
CG5016	FBgn0011669
CG9074	FBgn0011668
CG5878	FBgn0039378
CR45653	FBgn0267213
CR45654	FBgn0267214
CR45655	FBgn0267215
CR45656	FBgn0267216
CR45657	FBgn0267217
CG14545	FBgn0040602
CG5886	FBgn0039379
CG5890	FBgn0039380
CG6120	FBgn0027865
CG17370	FBgn0039381
CG17367	FBgn0028717
CG5913	FBgn0039385
CG5948	FBgn0039386
CG5959	FBgn0039387
CG31091	FBgn0051091
CG31089	FBgn0051089
CR43259	FBgn0262904
CG42235	FBgn0250757
CG14546	FBgn0039395
CG33344	FBgn0039396
CR34024	FBgn0054024
CG14540	FBgn0039398
CG8285	FBgn0000206
CG42261	FBgn0259146
CG8318	FBgn0015269
CG43116	FBgn0262576
CG8328	FBgn0002734
CG8333	FBgn0002735
CR45037	FBgn0266397
CR45038	FBgn0266398
CG14548	FBgn0002733
CR45039	FBgn0266399
CG8337	FBgn0002732
CG8342	FBgn0002578
CR45040	FBgn0266400
CG6104	FBgn0002592
CR43643	FBgn0263652
CR43644	FBgn0263653
CG8346	FBgn0002609
CG6099	FBgn0002629
CG6096	FBgn0002631
CG8354	FBgn0002632
CG8361	FBgn0002633
CG8365	FBgn0000591
CG8384	FBgn0001139
CG6095	FBgn0290418
CG14542	FBgn0290431
CG6092	FBgn0290421
CG14549	FBgn0290417
CG14543	FBgn0039404
CG14550	FBgn0039405
CG42498	FBgn0260224
CG6090	FBgn0039406
CG14544	FBgn0290420
CG14551	FBgn0039408
CR44950	FBgn0266255
CG32474	FBgn0290398
CR44319	FBgn0265378
CG31324	FBgn0051324
CR46060	FBgn0267729
CG14556	FBgn0039413
CG6142	FBgn0039415
CG31323	FBgn0051323
CG31086	FBgn0051086
CG6073	FBgn0039417
CG34130	FBgn0083966
CG34129	FBgn0083965
CR44320	FBgn0265379
CG12290	FBgn0290419
CR46061	FBgn0267730
CR46062	FBgn0267731
CG6058	FBgn0000064
CR44321	FBgn0265380
CG6154	FBgn0039420
CG33970	FBgn0053970
CR42765	FBgn0261833
CG6036	FBgn0039421
CG14239	FBgn0039424
CG5432	FBgn0039425
CG6503	FBgn0040606
CG34291	FBgn0085320
CR31084	FBgn0051084
CR43434	FBgn0263382
CG5441	FBgn0288888
CG33102	FBgn0042711
CG32849	FBgn0042710
CG5447	FBgn0039427
CG43117	FBgn0262577
CG6496	FBgn0023178
CG14237	FBgn0039428
CG14238	FBgn0039429
CG5455	FBgn0039430
CG6490	FBgn0039431
CR46083	FBgn0267752
CR45226	FBgn0266753
CG43398	FBgn0263289
CR46084	FBgn0267753
CR44951	FBgn0266256
CR45788	FBgn0267438
CG5468	FBgn0039434
CG14240	FBgn0039435
CG6478	FBgn0039436
CG6447	FBgn0039437
CG6452	FBgn0039438
CG6460	FBgn0039439
CG5471	FBgn0039440
CG5476	FBgn0039441
CG31080	FBgn0051080
CG31081	FBgn0051081
CG14242	FBgn0039443
CR46233	FBgn0267953
CG14243	FBgn0039444
CG42242	FBgn0250908
CG5480	FBgn0243586
CG14250	FBgn0039448
CG6438	FBgn0023179
CG6425	FBgn0039449
CG5484	FBgn0288631
CG6420	FBgn0039451
CG14244	FBgn0040607
CG14246	FBgn0040608
CG14245	FBgn0039452
CG6403	FBgn0039453
CG14247	FBgn0039454
CR45562	FBgn0267122
CR45563	FBgn0267123
CG42789	FBgn0261860
CR42790	FBgn0261861
CG5490	FBgn0262473
CG31072	FBgn0051072
CR46073	FBgn0267742
CR42902	FBgn0262379
CG5491	FBgn0039459
CG6386	FBgn0027889
CG5499	FBgn0001197
CG6378	FBgn0026562
CG6354	FBgn0004903
CG14251	FBgn0002838
CG5500	FBgn0039461
CG6348	FBgn0003267
CG5507	FBgn0004359
CG6338	FBgn0004510
CG46339	FBgn0285963
CG14252	FBgn0039462
CR31071	FBgn0051071
CR31070	FBgn0051070
CG18472	FBgn0039463
CG6330	FBgn0039464
CG6323	FBgn0039465
CG33083	FBgn0041224
CG5521	FBgn0039466
CG14253	FBgn0039467
CG46313	FBgn0284229
CG31075	FBgn0051075
CG31076	FBgn0051076
CG14254	FBgn0039469
CG5811	FBgn0004842
CG31077	FBgn0051077
CG6296	FBgn0039470
CG6295	FBgn0039471
CG17192	FBgn0039472
CG17191	FBgn0039473
CG6283	FBgn0039474
CG6277	FBgn0039475
CG6271	FBgn0039476
CG5812	FBgn0029170
CG6265	FBgn0039478
CG34292	FBgn0085321
CG6134	FBgn0003495
CG43935	FBgn0264563
CG14257	FBgn0039479
CG6131	FBgn0039480
CG15884	FBgn0039481
CG14258	FBgn0039482
CG14259	FBgn0039483
CG6124	FBgn0243514
CG17189	FBgn0039485
CG6074	FBgn0039486
CG6070	FBgn0039487
CR45209	FBgn0266736
CG5815	FBgn0027574
CG6066	FBgn0039488
CG5880	FBgn0039489
CG5882	FBgn0039490
CG6059	FBgn0039491
CG6051	FBgn0039492
CG5889	FBgn0029155
CG5896	FBgn0039494
CG5909	FBgn0039495
CG31065	FBgn0051065
CG34293	FBgn0085322
CG31069	FBgn0003482
CG6127	FBgn0004197
CR34006	FBgn0054006
CG42813	FBgn0261995
CG42814	FBgn0261996
CG31064	FBgn0051064
CG31068	FBgn0051068
CG5923	FBgn0005696
CG17991	FBgn0039498
CG18766	FBgn0042111
CR46085	FBgn0267754
CG5984	FBgn0039500
CG5987	FBgn0039501
CG5930	FBgn0011289
CG5974	FBgn0010441
CG5965	FBgn0010328
CR44049	FBgn0264841
CG14262	FBgn0039503
CG14260	FBgn0039504
CG5954	FBgn0002441
CG5934	FBgn0039505
CG5938	FBgn0046247
CG3361	FBgn0039507
CG3368	FBgn0039508
CG3350	FBgn0039509
CG3373	FBgn0015737
CG3348	FBgn0040609
CG3339	FBgn0039510
CR44287	FBgn0265314
CG3330	FBgn0039511
CG42534	FBgn0260487
CG46335	FBgn0285938
CR43476	FBgn0263453
CG31062	FBgn0016061
CR45991	FBgn0267653
CG44290	FBgn0265317
CG43447	FBgn0263401
CG13978	FBgn0039518
CG13977	FBgn0039519
CG13976	FBgn0039520
CG43139	FBgn0262613
CG5402	FBgn0039521
CR46086	FBgn0267755
CG13972	FBgn0039522
CG12885	FBgn0039523
CR44289	FBgn0265316
CR44288	FBgn0265315
CG31059	FBgn0046887
CG31060	FBgn0046886
CG31061	FBgn0046885
CG5658	FBgn0004387
CG5646	FBgn0039525
CR33707	FBgn0065105
CG5643	FBgn0027492
CG5692	FBgn0040080
CG5639	FBgn0039527
CG5634	FBgn0039528
CG5586	FBgn0039530
CG5612	FBgn0039529
CG5611	FBgn0039531
CG5588	FBgn0039532
CG45110	FBgn0266579
CR42993	FBgn0262286
CG12275	FBgn0027494
CG5596	FBgn0002772
CG18437	FBgn0039536
CG5590	FBgn0039537
CG12883	FBgn0039538
CG5595	FBgn0003330
CG31055	FBgn0051055
CG12880	FBgn0046258
CG43319	FBgn0263024
CG43619	FBgn0263597
CG43320	FBgn0263025
CG12876	FBgn0086346
CG12878	FBgn0045862
CG12428	FBgn0039543
CG12877	FBgn0039544
CG5583	FBgn0005659
CG34353	FBgn0085382
CR33345	FBgn0067407
CG5540	FBgn0039551
CG12426	FBgn0039552
CG5017	FBgn0267366
CG5003	FBgn0039554
CG12261	FBgn0039555
CG33213	FBgn0053213
CG12259	FBgn0039557
CG4980	FBgn0039558
CG5502	FBgn0003279
CR34617	FBgn0082923
CR45566	FBgn0267126
CG5508	FBgn0027579
CG31053	FBgn0051053
CR46452	FBgn0287463
CG4976	FBgn0039559
CG5514	FBgn0039560
CG4963	FBgn0039561
CG5520	FBgn0039562
CG4951	FBgn0039563
CG5527	FBgn0039564
CG4884	FBgn0039565
CG42487	FBgn0259990
CG31253	FBgn0051253
CR31054	FBgn0051054
CR45548	FBgn0267108
CG31131	FBgn0051131
CG4849	FBgn0039566
CG4869	FBgn0003890
CG4815	FBgn0039568
CR46087	FBgn0267756
CR46334	FBgn0284420
CG34362	FBgn0085391
CR46077	FBgn0267746
CR46076	FBgn0267745
CR46078	FBgn0267747
CG34354	FBgn0085383
CR46079	FBgn0267748
CR46080	FBgn0267749
CR45041	FBgn0266401
CG43125	FBgn0262588
CG43124	FBgn0262587
CG34436	FBgn0085465
CG34437	FBgn0085466
CG11719	FBgn0002865
CG18396	FBgn0004171
CG17856	FBgn0039576
CR44229	FBgn0265160
CR46103	FBgn0267772
CG12516	FBgn0039577
CG42551	FBgn0261618
CR46104	FBgn0267773
CG1345	FBgn0039580
CG1866	FBgn0039581
CR46105	FBgn0267774
CG1867	FBgn0039582
CG14064	FBgn0039584
CR46106	FBgn0267775
CG1894	FBgn0039585
CG1842	FBgn0013813
CG31051	FBgn0051051
CG33103	FBgn0003137
CG12413	FBgn0039588
CG10002	FBgn0000659
CR43126	FBgn0289725
CR43440	FBgn0263388
CG10009	FBgn0026400
CG9983	FBgn0001215
CR34618	FBgn0082960
CR34619	FBgn0082976
CR34620	FBgn0082959
CR34621	FBgn0082958
CR34622	FBgn0082975
CR34623	FBgn0082957
CR34624	FBgn0082974
CG9986	FBgn0039589
CG10011	FBgn0039590
CG9988	FBgn0039591
CR46232	FBgn0267952
CG14062	FBgn0039592
CG31050	FBgn0051050
CG33346	FBgn0053346
CG9989	FBgn0039593
CG9990	FBgn0039594
CG9995	FBgn0027655
CG10001	FBgn0039595
CG10000	FBgn0039596
CG9997	FBgn0039597
CG14061	FBgn0039598
CR46496	FBgn0287669
CR46497	FBgn0287670
CR44952	FBgn0266257
CG34295	FBgn0085324
CG12558	FBgn0039599
CG14531	FBgn0261289
CG1454	FBgn0005642
CG1646	FBgn0039600
CR33638	FBgn0065070
CG1523	FBgn0039601
CG1647	FBgn0039602
CG1520	FBgn0024273
CG1451	FBgn0015589
CG31048	FBgn0264324
CG1448	FBgn0265274
CG33203	FBgn0053203
CG14529	FBgn0039609
CG14528	FBgn0039611
CG14523	FBgn0039612
CG14527	FBgn0039613
CG14526	FBgn0027578
CG42320	FBgn0265998
CG11828	FBgn0039616
CG14521	FBgn0039617
CR45669	FBgn0267229
CG1443	FBgn0039620
CR43564	FBgn0263579
CR44264	FBgn0265204
CR45567	FBgn0267127
CG14518	FBgn0039621
CG1442	FBgn0039622
CG1951	FBgn0039623
CG11833	FBgn0041780
CR45044	FBgn0266404
CG14517	FBgn0039625
CG1957	FBgn0027873
CG1420	FBgn0039626
CG1954	FBgn0003093
CG11837	FBgn0039627
CG11841	FBgn0039628
CG11842	FBgn0039629
CR46107	FBgn0267776
CG11843	FBgn0039630
CG11305	FBgn0039631
CG1401	FBgn0288875
CG11873	FBgn0039633
CR45030	FBgn0266390
CG11874	FBgn0039634
CG11876	FBgn0039635
CG11877	FBgn0039636
CG14513	FBgn0005596
CG11880	FBgn0039637
CG11881	FBgn0039638
CG1709	FBgn0028671
CG14512	FBgn0039639
CG14516	FBgn0039640
CG14511	FBgn0039641
CG11882	FBgn0039642
CG1721	FBgn0014869
CG31426	FBgn0041588
CG11886	FBgn0041186
CG11888	FBgn0028692
CG11897	FBgn0039644
CG11898	FBgn0039645
CG14509	FBgn0039647
CG14515	FBgn0039648
CG11899	FBgn0014427
CG11900	FBgn0039650
CG14508	FBgn0039651
CR31044	FBgn0051044
CR43015	FBgn0262448
CR42947	FBgn0262404
CG11901	FBgn0029176
CG1458	FBgn0062442
CG14514	FBgn0039654
CG14507	FBgn0039655
CG15817	FBgn0028476
CG11951	FBgn0039656
CR31427	FBgn0051427
CG31445	FBgn0051445
CG11956	FBgn0263236
CG1395	FBgn0003525
CG45544	FBgn0267104
CR45568	FBgn0267128
CG14506	FBgn0039659
CG11958	FBgn0015622
CR45547	FBgn0267107
CG45546	FBgn0267106
CG11516	FBgn0004369
CR44022	FBgn0264792
CG2321	FBgn0039663
CG2006	FBgn0039664
CG11500	FBgn0040623
CG2310	FBgn0039665
CG11501	FBgn0039666
CG2010	FBgn0039667
CG2304	FBgn0039668
CG2014	FBgn0039669
CR43613	FBgn0263588
CG1897	FBgn0000492
CG7567	FBgn0039670
CG11470	FBgn0039671
CG31041	FBgn0051041
CG1906	FBgn0086361
CG7568	FBgn0039673
CG43228	FBgn0262873
CG1907	FBgn0039674
CG18741	FBgn0266137
CG12048	FBgn0039675
CG7577	FBgn0039676
CG18110	FBgn0039677
CG18111	FBgn0039678
CG18287	FBgn0039679
CG7581	FBgn0025457
CG1911	FBgn0039680
CG7582	FBgn0039681
CG1912	FBgn0013972
CG7584	FBgn0039682
CG15504	FBgn0039683
CR45569	FBgn0267129
CG15505	FBgn0039684
CG33495	FBgn0250832
CG7592	FBgn0039685
CG15506	FBgn0039686
CR46108	FBgn0267777
CG34296	FBgn0085325
CG1963	FBgn0024841
CG7593	FBgn0039687
CG18731	FBgn0042213
CG1964	FBgn0039688
CG7601	FBgn0027583
CG7598	FBgn0039689
CG1969	FBgn0039690
CG7609	FBgn0027518
CR46109	FBgn0267778
CG1972	FBgn0039691
CG7610	FBgn0020235
CG1973	FBgn0260990
CR44953	FBgn0266258
CG33956	FBgn0001297
CR46110	FBgn0267779
CG7615	FBgn0039694
CG12068	FBgn0262112
CG7837	FBgn0039696
CG7788	FBgn0019972
CG7834	FBgn0039697
CG7789	FBgn0039698
CG7831	FBgn0002924
CG31037	FBgn0000247
CG18112	FBgn0039702
CG7829	FBgn0039703
CG7802	FBgn0039704
CG31033	FBgn0039705
CG42592	FBgn0260969
CG15510	FBgn0039707
CG31009	FBgn0039709
CG18041	FBgn0039710
CG7824	FBgn0039711
CR31032	FBgn0051032
CG15514	FBgn0039712
CG7808	FBgn0039713
CR34690	FBgn0086061
CR33778	FBgn0065066
CG7816	FBgn0039714
CG34133	FBgn0083969
CG31038	FBgn0051038
CG15517	FBgn0039718
CG15515	FBgn0039719
CG31036	FBgn0051036
CG15520	FBgn0039722
CG7875	FBgn0003861
CG31362	FBgn0003357
CG31034	FBgn0003356
CG31039	FBgn0003358
CG15522	FBgn0039723
CG31202	FBgn0051202
CG31040	FBgn0051040
CG42557	FBgn0260759
CG42558	FBgn0260760
CG7883	FBgn0039726
CG15523	FBgn0039727
CG7887	FBgn0004622
CG7896	FBgn0039728
CG7899	FBgn0000032
CG7903	FBgn0039730
CG15524	FBgn0039731
CG15525	FBgn0039732
CG11504	FBgn0039733
CG34298	FBgn0085327
CG7908	FBgn0039734
CG7911	FBgn0039735
CG7917	FBgn0016685
CG7912	FBgn0039736
CG7920	FBgn0039737
CG7921	FBgn0039738
CG15527	FBgn0039739
CG7926	FBgn0026597
CR46111	FBgn0267780
CR44045	FBgn0264837
CG7928	FBgn0039740
CG7929	FBgn0041102
CG7931	FBgn0001281
CG7933	FBgn0001280
CG17957	FBgn0003510
CG7938	FBgn0003511
CG17958	FBgn0003512
CG7939	FBgn0002626
CG7943	FBgn0039741
CG15528	FBgn0039742
CR44046	FBgn0264838
CG7946	FBgn0039743
CG7948	FBgn0003479
CG15526	FBgn0039744
CG34317	FBgn0085346
CG7950	FBgn0260468
CG45051	FBgn0266411
CR46112	FBgn0267781
CG45072	FBgn0266442
CG45073	FBgn0266443
CG31025	FBgn0051025
CG31029	FBgn0051029
CG2171	FBgn0086355
CG9753	FBgn0039747
CR46082	FBgn0267751
CG15529	FBgn0039748
CG11498	FBgn0039749
CG31030	FBgn0051030
CG31028	FBgn0051028
CG2184	FBgn0002773
CG1983	FBgn0039751
CG15530	FBgn0039752
CG1359	FBgn0260860
CR44262	FBgn0265202
CG9747	FBgn0039754
CG15531	FBgn0039755
CG9743	FBgn0039756
CG1883	FBgn0039757
CR33776	FBgn0086664
CR34625	FBgn0083047
CR34626	FBgn0083048
CR34627	FBgn0083049
CR34628	FBgn0083050
CR33750	FBgn0086665
CR34629	FBgn0082983
CG1361	FBgn0000094
CG1365	FBgn0000276
CR32926	FBgn0000280
CG1367	FBgn0000277
CR32934	FBgn0000281
CG1878	FBgn0000278
CG1373	FBgn0000279
CG43448	FBgn0263402
CG9737	FBgn0039758
CG9733	FBgn0039759
CR31383	FBgn0051383
CR31023	FBgn0051023
CG34299	FBgn0085328
CG9682	FBgn0039760
CG18404	FBgn0039761
CR46113	FBgn0267782
CG15532	FBgn0010113
CG34300	FBgn0085329
CR46114	FBgn0267783
CG2216	FBgn0015222
CG1469	FBgn0015221
CR45570	FBgn0267130
CG2217	FBgn0027544
CG42740	FBgn0261704
CG15535	FBgn0039764
CG9688	FBgn0039765
CG15536	FBgn0039766
CG2218	FBgn0039767
CG15533	FBgn0039768
CG15534	FBgn0039769
CG15537	FBgn0039770
CG15538	FBgn0039771
CG2139	FBgn0028646
CG2224	FBgn0039773
CG1471	FBgn0039774
CG31022	FBgn0039776
CG31020	FBgn0260440
CG2229	FBgn0039777
CG18030	FBgn0039778
CG1546	FBgn0039779
CG9726	FBgn0026190
CG9728	FBgn0039780
CG31371	FBgn0051371
CG31014	FBgn0051014
CG15539	FBgn0039782
CR43512	FBgn0263527
CG34041	FBgn0054041
CG9720	FBgn0039783
CG31524	FBgn0051524
CG9698	FBgn0039784
CG2239	FBgn0027654
CR45552	FBgn0267112
CR45553	FBgn0267113
CG1539	FBgn0082582
CG34155	FBgn0083991
CG9702	FBgn0039787
CG2241	FBgn0039788
CG9717	FBgn0039789
CG2246	FBgn0039790
CG31019	FBgn0051019
CG31021	FBgn0051021
CG31017	FBgn0051017
CG31016	FBgn0051016
CR45571	FBgn0267131
CG44954	FBgn0266259
CR44136	FBgn0264985
CG2267	FBgn0039792
CR46236	FBgn0267956
CG31013	FBgn0051013
CG31015	FBgn0051015
CG34432	FBgn0085461
CG34433	FBgn0085462
CR45191	FBgn0266701
CG1342	FBgn0039795
CG12069	FBgn0039796
CG12066	FBgn0000274
CR46115	FBgn0283501
CG31010	FBgn0051010
CR46219	FBgn0267939
CG1340	FBgn0039797
CG11313	FBgn0039798
CG15543	FBgn0039799
CG11314	FBgn0039800
CG11315	FBgn0039801
CR43238	FBgn0262883
CG1322	FBgn0004606
CR45189	FBgn0266699
CG12072	FBgn0011739
CR43010	FBgn0262444
CG1349	FBgn0039802
CG31012	FBgn0027598
CG15544	FBgn0039804
CG1378	FBgn0003720
CG12045	FBgn0039805
CG15545	FBgn0039806
CG15546	FBgn0039807
CG12071	FBgn0039808
CG15547	FBgn0039809
CG12070	FBgn0000416
CG1438	FBgn0015032
CG33483	FBgn0053483
CR46220	FBgn0267940
CG1447	FBgn0020912
CR44041	FBgn0264833
CG15549	FBgn0039810
CG15550	FBgn0039811
CG15548	FBgn0039812
CG15551	FBgn0062411
CG12073	FBgn0004573
CR46116	FBgn0267785
CG31008	FBgn0051008
CG31007	FBgn0051007
CR46117	FBgn0267786
CG33773	FBgn0053773
CG1455	FBgn0010015
CG33920	FBgn0053920
CR46406	FBgn0286884
CG1462	FBgn0016123
CR43547	FBgn0263562
CG1715	FBgn0010808
CG2048	FBgn0002413
CG15552	FBgn0024288
CG11317	FBgn0039816
CG15553	FBgn0039817
CG11318	FBgn0039818
CG1736	FBgn0261395
CG15554	FBgn0039820
CG15556	FBgn0039821
CR46207	FBgn0267926
CR43458	FBgn0263412
CG1470	FBgn0013973
CG31006	FBgn0086704
CG31004	FBgn0051004
CG1480	FBgn0004389
CG1544	FBgn0039827
CG1744	FBgn0267435
CG18729	FBgn0061476
CG1542	FBgn0039828
CG15561	FBgn0039829
CG1746	FBgn0039830
CR32868	FBgn0046696
CR43529	FBgn0263544
CG12054	FBgn0039831
CG15563	FBgn0039832
CG15564	FBgn0039833
CG31005	FBgn0051005
CG12220	FBgn0039835
CG1750	FBgn0039836
CG12114	FBgn0086362
CG3669	FBgn0039838
CG18672	FBgn0040628
CG18673	FBgn0040629
CG15555	FBgn0039839
CG11340	FBgn0039840
CG34347	FBgn0085376
CR46118	FBgn0267787
CG31003	FBgn0046332
CG1607	FBgn0039844
CG31204	FBgn0051204
CG31002	FBgn0051002
CG1609	FBgn0019990
CG11337	FBgn0039846
CG17998	FBgn0261988
CG11335	FBgn0039848
CG11334	FBgn0039849
CG11333	FBgn0039850
CR45554	FBgn0267114
CR45555	FBgn0267115
CR45572	FBgn0267132
CG12063	FBgn0039851
CR45573	FBgn0267133
CG1499	FBgn0039852
CR46120	FBgn0267789
CR46119	FBgn0267788
CG1528	FBgn0028968
CG11518	FBgn0043900
CG1569	FBgn0003268
CR45190	FBgn0266700
CG1635	FBgn0039854
CG1638	FBgn0039855
CG1774	FBgn0039856
CG11522	FBgn0039857
CG11525	FBgn0039858
CG1775	FBgn0288966
CG11539	FBgn0039859
CG1792	FBgn0039860
CG1800	FBgn0039861
CG1804	FBgn0039862
CG1815	FBgn0039863
CG11550	FBgn0039864
CR44091	FBgn0264900
CR45564	FBgn0267124
CR45565	FBgn0267125
CR45052	FBgn0266412
CG42693	FBgn0261583
CR34046	FBgn0054046
CG1856	FBgn0003870
CG2261	FBgn0039867
CG11563	FBgn0039868
CG1873	FBgn0000557
CG1890	FBgn0039869
CG1896	FBgn0039870
CG2210	FBgn0000150
CG2245	FBgn0261479
CG1910	FBgn0022349
CG2196	FBgn0039872
CR42909	FBgn0262384
CG2187	FBgn0017448
CR44263	FBgn0265203
CG2191	FBgn0039873
CG2150	FBgn0003065
CR43436	FBgn0263384
CR33945	FBgn0046756
CG2135	FBgn0270927
CG1937	FBgn0039875
CG2126	FBgn0039876
CG1945	FBgn0005632
CG2118	FBgn0039877
CG1966	FBgn0027620
CG42233	FBgn0250755
CG11575	FBgn0039879
CG1971	FBgn0039881
CG11576	FBgn0039882
CG2098	FBgn0266268
CG1976	FBgn0039883
CG31000	FBgn0011224
CG2003	FBgn0039886
CR45556	FBgn0267116
CR46418	FBgn0286918
CG2053	FBgn0039887
CG1487	FBgn0040206
CG2050	FBgn0002780
CG1483	FBgn0002645
CG45760	FBgn0267363
CR32011	FBgn0052011
CR32010	FBgn0052010
CR32009	FBgn0052009
CG17245	FBgn0025740
CR45124	FBgn0266617
CR44440	FBgn0265633
CG2125	FBgn0004859
CR43957	FBgn0264617
CG2168	FBgn0017545
CR43712	FBgn0263851
CG34403	FBgn0085432
CG1651	FBgn0011747
CG32000	FBgn0052000
CR43956	FBgn0264616
CG32006	FBgn0052006
CG31997	FBgn0290559
CG33978	FBgn0053978
CR45198	FBgn0266725
CG2219	FBgn0039889
CR46488	FBgn0287619
CG2316	FBgn0039890
CR44441	FBgn0265634
CG31998	FBgn0051998
CG1587	FBgn0024811
CG31999	FBgn0051999
CR46405	FBgn0286883
CG1629	FBgn0039896
CR46065	FBgn0267734
CG1674	FBgn0039897
CG33481	FBgn0053481
CG42316	FBgn0259216
CG2380	FBgn0042696
CR44023	FBgn0264793
CG2381	FBgn0039900
CG1836	FBgn0026777
CG2177	FBgn0039902
CG32850	FBgn0052850
CG42314	FBgn0259214
CG1710	FBgn0039904
CG2052	FBgn0262636
CR45125	FBgn0266618
CR44027	FBgn0264819
CR46291	FBgn0283557
CR43437	FBgn0263385
CR44024	FBgn0264794
CG2041	FBgn0039907
CG1495	FBgn0016126
CR45126	FBgn0266619
CG2009	FBgn0026262
CG33941	FBgn0262731
CG11533	FBgn0039908
CG1449	FBgn0004607
CG1981	FBgn0026869
CR43958	FBgn0264618
CG1507	FBgn0022361
CG1970	FBgn0039909
CG1862	FBgn0040324
CG1909	FBgn0039911
CR45199	FBgn0266726
CG1922	FBgn0028996
CG1511	FBgn0025936
CG1901	FBgn0039914
CR43009	FBgn0262302
CG1732	FBgn0039915
CG9935	FBgn0039916
CR44028	FBgn0264820
CG31992	FBgn0051992
CG46466	FBgn0287597
CG1783	FBgn0024728
CG11360	FBgn0039920
CG1838	FBgn0026199
CG1464	FBgn0005558
CG32019	FBgn0005666
CR45200	FBgn0266727
CG1793	FBgn0039923
CG11153	FBgn0039938
CG11152	FBgn0039937
CR33797	FBgn0053797
CR45123	FBgn0266616
CG11148	FBgn0039936
CG2999	FBgn0025726
CR43425	FBgn0263344
CR44029	FBgn0264821
CR43361	FBgn0263093
CG10811	FBgn0023213
CG11144	FBgn0019985
CG32016	FBgn0052016
CR45201	FBgn0266728
CR44030	FBgn0264822
CG11093	FBgn0039932
CR34154	FBgn0083990
CG11186	FBgn0019650
CG11081	FBgn0025741
CR44031	FBgn0264823
CG11077	FBgn0039930
CG11076	FBgn0039929
CG11154	FBgn0010217
CG18069	FBgn0264607
CG32018	FBgn0011642
CG11064	FBgn0087002
CG11062	FBgn0024913
CG11049	FBgn0005561
CG11059	FBgn0039928
CG11027	FBgn0013749
CG11155	FBgn0039927
CG32017	FBgn0052017
CG17461	FBgn0039925
CG17743	FBgn0002521
CG33521	FBgn0250819
CG17471	FBgn0039924
CG43369	FBgn0263112
CG40478	FBgn0027101
CG33653	FBgn0053653
CR34060	FBgn0013696
CR34061	FBgn0013703
CR34062	FBgn0013700
CG34063	FBgn0013680
CR34064	FBgn0013709
CR34065	FBgn0013690
CR34066	FBgn0013710
CG34067	FBgn0013674
CR34068	FBgn0013699
CG34069	FBgn0013675
CR34070	FBgn0013697
CR34071	FBgn0013691
CG34072	FBgn0013673
CG34073	FBgn0013672
CG34074	FBgn0013676
CR34075	FBgn0013694
CG34076	FBgn0013681
CR34077	FBgn0013689
CR34078	FBgn0013704
CR34079	FBgn0013701
CR34080	FBgn0013705
CR34081	FBgn0013692
CR34082	FBgn0013693
CG34083	FBgn0013684
CR34084	FBgn0013695
CG34085	FBgn0262952
CG34086	FBgn0013683
CR34087	FBgn0013707
CR34088	FBgn0013702
CG34089	FBgn0013685
CG34090	FBgn0013678
CR34091	FBgn0013706
CG34092	FBgn0013679
CR34093	FBgn0013698
CR34094	FBgn0013686
CR34095	FBgn0013708
CR34096	FBgn0013688
CR45848	FBgn0267508
CR45849	FBgn0267509
CR45850	FBgn0267510
CR40596	FBgn0085753
CR45851	FBgn0267511
CR45845	FBgn0267505
CR41548	FBgn0085802
CR46346	FBgn0285975
CR45852	FBgn0267512
CR45836	FBgn0267496
CR45837	FBgn0267497
CR45846	FBgn0267506
CR45838	FBgn0267498
CR45839	FBgn0267499
CR45840	FBgn0267500
CR45847	FBgn0267507
CR45841	FBgn0267501
CR46347	FBgn0285976
CR45842	FBgn0267502
CR45843	FBgn0267503
CR45844	FBgn0267504
CG17878	FBgn0261386
CG12423	FBgn0040038
CR40469	FBgn0058469
CG17636	FBgn0025837
CG40494	FBgn0025836
CR43552	FBgn0263567
CG17131	FBgn0284435
CR45473	FBgn0267029
CG17707	FBgn0025835
CR43863	FBgn0264445
CG3038	FBgn0040373
CG2995	FBgn0040372
CG42376	FBgn0259722
CG2945	FBgn0000316
CG13377	FBgn0261446
CR43906	FBgn0264507
CG13376	FBgn0029518
CG3114	FBgn0005427
CG3777	FBgn0024989
CR42973	FBgn0262266
CG13375	FBgn0040370
CG12470	FBgn0040371
CG17885	FBgn0029521
CG32816	FBgn0052816
CG43181	FBgn0262810
CG43182	FBgn0262811
CG3757	FBgn0004034
CR42744	FBgn0266568
CG3796	FBgn0000022
CR44751	FBgn0265964
CR44752	FBgn0265965
CR44753	FBgn0265966
CG3827	FBgn0004170
CG3839	FBgn0002561
CG13374	FBgn0011822
CG3258	FBgn0000137
CG3972	FBgn0010019
CG3923	FBgn0266572
CR18275	FBgn0029523
CG13373	FBgn0029522
CG32817	FBgn0052817
CR18166	FBgn0029526
CG3176	FBgn0029524
CG18273	FBgn0029525
CG3156	FBgn0023536
CR45797	FBgn0267447
CG17896	FBgn0023537
CG17778	FBgn0023534
CG4122	FBgn0004648
CR44891	FBgn0266196
CR44892	FBgn0266197
CG4262	FBgn0260400
CG18104	FBgn0023535
CR46392	FBgn0286870
CG4293	FBgn0024983
CG7727	FBgn0000108
CR43519	FBgn0263534
CG6172	FBgn0261930
CG13366	FBgn0025633
CR45474	FBgn0267030
CR46417	FBgn0286917
CG13365	FBgn0029529
CG17828	FBgn0016038
CG13369	FBgn0025640
CG13364	FBgn0026879
CR45475	FBgn0267031
CG17829	FBgn0025635
CG7622	FBgn0002579
CG6189	FBgn0001341
CG7486	FBgn0020381
CR46283	FBgn0283549
CG6222	FBgn0003575
CR44839	FBgn0266102
CG13367	FBgn0025634
CG16982	FBgn0025638
CG13363	FBgn0025639
CG16983	FBgn0025637
CR46419	FBgn0286919
CG5227	FBgn0021764
CG13362	FBgn0029531
CG5254	FBgn0040383
CG13361	FBgn0029532
CG5273	FBgn0040382
CR44965	FBgn0266280
CG7434	FBgn0015288
CR42491	FBgn0259993
CR34590	FBgn0083027
CR33918	FBgn0086666
CR44966	FBgn0266281
CG16785	FBgn0027343
CG12311	FBgn0086368
CG13360	FBgn0025620
CR44469	FBgn0265662
CG16989	FBgn0025621
CG7413	FBgn0015799
CG13359	FBgn0025616
CG13358	FBgn0026874
CG7359	FBgn0260855
CG43867	FBgn0264449
CG14635	FBgn0029535
CG3713	FBgn0040343
CG14634	FBgn0040892
CG11664	FBgn0040341
CG11663	FBgn0029539
CG3711	FBgn0040344
CG3034	FBgn0040339
CG3708	FBgn0040345
CG3706	FBgn0040342
CG32815	FBgn0052815
CG11642	FBgn0040340
CG3704	FBgn0040346
CG3026	FBgn0040347
CG3703	FBgn0040348
CG3699	FBgn0040349
CG3690	FBgn0040350
CR45476	FBgn0267032
CG18823	FBgn0042146
CG11639	FBgn0040338
CG14631	FBgn0029552
CG3019	FBgn0003638
CG11638	FBgn0040351
CG32814	FBgn0052814
CG3021	FBgn0040337
CG3658	FBgn0026143
CG33082	FBgn0053082
CG14630	FBgn0014903
CG42259	FBgn0266569
CR44779	FBgn0266005
CG14629	FBgn0040398
CG3655	FBgn0040397
CG14628	FBgn0040365
CG32859	FBgn0040368
CR34320	FBgn0085349
CG11378	FBgn0040364
CG11384	FBgn0040363
CG11379	FBgn0040362
CG14627	FBgn0040361
CG14626	FBgn0040360
CG11380	FBgn0040359
CG14625	FBgn0040358
CG11381	FBgn0029568
CG14624	FBgn0040357
CG11382	FBgn0040367
CG11398	FBgn0040366
CG3638	FBgn0261444
CG11403	FBgn0026876
CG11405	FBgn0028550
CG32812	FBgn0025642
CG14622	FBgn0025641
CG32811	FBgn0052811
CR46248	FBgn0267970
CG11411	FBgn0004650
CG11409	FBgn0024366
CG11412	FBgn0024362
CG11418	FBgn0024360
CG11415	FBgn0024361
CG12773	FBgn0024365
CG11417	FBgn0024364
CG11420	FBgn0000826
CG14770	FBgn0029573
CG3056	FBgn0024987
CR43537	FBgn0263552
CG3051	FBgn0023169
CG3719	FBgn0024986
CG32813	FBgn0052813
CG11448	FBgn0024985
CG34387	FBgn0259108
CG18531	FBgn0265139
CG14785	FBgn0027795
CG14786	FBgn0027794
CG14787	FBgn0027793
CG14788	FBgn0266284
CG14789	FBgn0027791
CG14777	FBgn0026872
CG14778	FBgn0029580
CG32808	FBgn0052808
CG14779	FBgn0013720
CG14780	FBgn0025383
CG14791	FBgn0025382
CG14781	FBgn0260986
CG14782	FBgn0025381
CG14792	FBgn0003517
CR32807	FBgn0044508
CR34671	FBgn0086042
CG32810	FBgn0025394
CG33513	FBgn0053513
CG14795	FBgn0025393
CG14796	FBgn0025390
CR33699	FBgn0065095
CG11491	FBgn0283451
CG3093	FBgn0000482
CG3740	FBgn0023530
CG3095	FBgn0001189
CG32809	FBgn0023531
CG14797	FBgn0029587
CG3100	FBgn0024897
CR14798	FBgn0029588
CG3771	FBgn0023130
CG3795	FBgn0025378
CG14808	FBgn0025391
CG42666	FBgn0283741
CG12598	FBgn0026086
CR42885	FBgn0262178
CG32806	FBgn0052806
CG14810	FBgn0029589
CG14811	FBgn0029590
CG14812	FBgn0026090
CG14813	FBgn0028969
CG14814	FBgn0023515
CG14802	FBgn0026873
CG14815	FBgn0023516
CG14803	FBgn0023513
CG14816	FBgn0023517
CG14804	FBgn0014411
CG14817	FBgn0026089
CG14805	FBgn0023514
CG14818	FBgn0026088
CG14806	FBgn0029594
CG3848	FBgn0023518
CG3109	FBgn0023519
CG11579	FBgn0000117
CG32803	FBgn0052803
CR45929	FBgn0267591
CR43864	FBgn0264446
CG32801	FBgn0052801
CG3810	FBgn0023511
CG3480	FBgn0023509
CG17766	FBgn0023510
CG3806	FBgn0023512
CG3573	FBgn0023508
CG11596	FBgn0023522
CG3857	FBgn0023520
CG3587	FBgn0023521
CG43934	FBgn0264562
CR46447	FBgn0287217
CG4406	FBgn0023545
CR45478	FBgn0267034
CR43004	FBgn0262297
CG4399	FBgn0261954
CG4376	FBgn0000667
CR43527	FBgn0263542
CG4380	FBgn0003964
CG4313	FBgn0025632
CG4325	FBgn0026878
CG4322	FBgn0025631
CG4290	FBgn0025625
CR44896	FBgn0266201
CG4281	FBgn0025626
CG14054	FBgn0029596
CR44381	FBgn0265531
CG4199	FBgn0289578
CG4194	FBgn0025627
CR44382	FBgn0265532
CG4061	FBgn0025630
CG4045	FBgn0025629
CG4025	FBgn0025624
CG16903	FBgn0040394
CG3981	FBgn0040395
CG3954	FBgn0000382
CG3895	FBgn0004860
CG18412	FBgn0004861
CG3835	FBgn0023507
CG3724	FBgn0004654
CG3717	FBgn0013432
CG3707	FBgn0004655
CG3656	FBgn0005670
CG3630	FBgn0023540
CR43520	FBgn0263630
CG3621	FBgn0025839
CG3540	FBgn0023541
CR45479	FBgn0267035
CR44690	FBgn0265901
CG3466	FBgn0011576
CG10755	FBgn0015036
CG3461	FBgn0003116
CG3460	FBgn0023542
CG17776	FBgn0040899
CG17777	FBgn0040900
CG3457	FBgn0024984
CG3456	FBgn0023549
CG14053	FBgn0029603
CR43637	FBgn0263628
CG18031	FBgn0023550
CG33548	FBgn0053548
CG3299	FBgn0004397
CG14052	FBgn0029606
CG3443	FBgn0003048
CG3228	FBgn0001330
CG3218	FBgn0000810
CG3206	FBgn0023523
CG3193	FBgn0000377
CG3191	FBgn0023525
CG3091	FBgn0029608
CG3078	FBgn0023524
CG3073	FBgn0027296
CG3071	FBgn0023527
CG2924	FBgn0023528
CR45480	FBgn0267036
CG2918	FBgn0023529
CG34333	FBgn0085362
CG2865	FBgn0023526
CG2845	FBgn0003079
CR34052	FBgn0054052
CG14050	FBgn0040392
CG2854	FBgn0040391
CR33218	FBgn0053218
CG14049	FBgn0044047
CG14048	FBgn0040389
CG2841	FBgn0003159
CG43947	FBgn0264598
CG12496	FBgn0040385
CG32797	FBgn0052797
CG7952	FBgn0001150
CG7925	FBgn0003714
CG32796	FBgn0040388
CG7803	FBgn0004050
CG33950	FBgn0284408
CR43516	FBgn0263531
CG13758	FBgn0260753
CG8310	FBgn0040377
CG13759	FBgn0040376
CG13760	FBgn0040375
CG17437	FBgn0040066
CG9659	FBgn0001404
CG8590	FBgn0011606
CG9900	FBgn0004643
CG13761	FBgn0011566
CG8636	FBgn0029629
CG10742	FBgn0040334
CG9904	FBgn0040336
CG13762	FBgn0040333
CG10260	FBgn0267350
CG2621	FBgn0003371
CR45197	FBgn0266707
CG2655	FBgn0011276
CG2652	FBgn0025838
CR44470	FBgn0265663
CG2647	FBgn0003068
CG2650	FBgn0000092
CG2658	FBgn0024992
CG2662	FBgn0024993
CG2675	FBgn0024994
CG2677	FBgn0024996
CG2680	FBgn0024995
CG2681	FBgn0024997
CG2685	FBgn0024998
CG2694	FBgn0024991
CG2701	FBgn0024973
CG2706	FBgn0000928
CG2707	FBgn0000927
CG2709	FBgn0283545
CG2711	FBgn0000520
CG2713	FBgn0250874
CG2712	FBgn0024975
CG2714	FBgn0000376
CG2715	FBgn0024980
CG3653	FBgn0028369
CR43494	FBgn0263505
CG32795	FBgn0040384
CG2759	FBgn0003996
CG12498	FBgn0040356
CG14416	FBgn0040352
CG14417	FBgn0040353
CG14418	FBgn0040354
CG14419	FBgn0029639
CG3526	FBgn0040355
CG3588	FBgn0025643
CG14424	FBgn0025644
CG32793	FBgn0052793
CG3592	FBgn0029642
CG3598	FBgn0025645
CG14420	FBgn0029643
CG14421	FBgn0029644
CG14422	FBgn0029645
CG14423	FBgn0029646
CG17959	FBgn0029647
CG3603	FBgn0029648
CG4125	FBgn0003285
CG4116	FBgn0029649
CG3936	FBgn0004647
CG18508	FBgn0028746
CG4015	FBgn0000644
CG3939	FBgn0040396
CG32498	FBgn0000479
CG14265	FBgn0040393
CG14266	FBgn0010294
CG10788	FBgn0010295
CG10781	FBgn0002933
CG10789	FBgn0010296
CG10790	FBgn0003086
CG12181	FBgn0003374
CR44886	FBgn0266180
CG10793	FBgn0288967
CR46243	FBgn0267963
CR44999	FBgn0266350
CG10798	FBgn0262656
CG12535	FBgn0029657
CR32493	FBgn0052493
CG14269	FBgn0029658
CG16782	FBgn0029659
CG10801	FBgn0029660
CG16781	FBgn0029661
CG12206	FBgn0029662
CG10804	FBgn0029663
CG10802	FBgn0029664
CG14270	FBgn0029665
CG10803	FBgn0029666
CG14271	FBgn0029667
CG32791	FBgn0052791
CG13021	FBgn0029669
CR34335	FBgn0267910
CG32792	FBgn0052792
CG2875	FBgn0029672
CG2872	FBgn0266429
CG13317	FBgn0044046
CG2864	FBgn0023216
CG13316	FBgn0023215
CR45102	FBgn0266549
CG2849	FBgn0015286
CG34412	FBgn0283657
CR43517	FBgn0263532
CG2947	FBgn0029676
CR44117	FBgn0264948
CG32788	FBgn0021738
CR42499	FBgn0260225
CR33221	FBgn0053221
CG32789	FBgn0260484
CR44118	FBgn0264949
CG44123	FBgn0264954
CG2904	FBgn0000542
CR32785	FBgn0052785
CR32784	FBgn0025118
CG2901	FBgn0029679
CR32777	FBgn0019661
CG44402	FBgn0265575
CG2930	FBgn0028491
CG2934	FBgn0285910
CG15239	FBgn0029681
CG42541	FBgn0260658
CG2938	FBgn0029685
CG2941	FBgn0029686
CG32786	FBgn0052786
CG32783	FBgn0052783
CG5014	FBgn0029687
CG6450	FBgn0029688
CG6428	FBgn0029689
CG6414	FBgn0029690
CR45481	FBgn0267037
CR43298	FBgn0262990
CR45482	FBgn0267038
CR46247	FBgn0267969
CR46349	FBgn0286029
CG43689	FBgn0263772
CG6379	FBgn0029693
CG15375	FBgn0029694
CG6358	FBgn0004832
CG4934	FBgn0000221
CG4944	FBgn0026084
CG6133	FBgn0026079
CG4865	FBgn0026085
CG6121	FBgn0026080
CG4857	FBgn0026083
CG32775	FBgn0066114
CG3665	FBgn0000635
CG43288	FBgn0262980
CG15571	FBgn0029696
CG15570	FBgn0029697
CG15573	FBgn0041252
CG32774	FBgn0052774
CG43134	FBgn0262608
CG43135	FBgn0262609
CG15576	FBgn0029700
CG12691	FBgn0029701
CG15572	FBgn0029702
CR45483	FBgn0267039
CG15577	FBgn0040904
CG15578	FBgn0040905
CG12692	FBgn0029703
CG15579	FBgn0040906
CR44957	FBgn0266262
CR46156	FBgn0267868
CG3697	FBgn0002707
CG2982	FBgn0266570
CG3712	FBgn0040907
CG3620	FBgn0262738
CG12693	FBgn0029705
CR43046	FBgn0262339
CR42924	FBgn0262390
CG3626	FBgn0029706
CR42942	FBgn0262235
CR42986	FBgn0262279
CR42989	FBgn0262282
CR43614	FBgn0263589
CR46499	FBgn0288701
CR32773	FBgn0052773
CG3578	FBgn0000179
CG3556	FBgn0029708
CG11427	FBgn0003210
CG3564	FBgn0029709
CG3568	FBgn0029710
CG17592	FBgn0029711
CG15912	FBgn0029712
CG11436	FBgn0029713
CG3527	FBgn0029714
CG11444	FBgn0029715
CG3546	FBgn0029716
CG12684	FBgn0029717
CG12212	FBgn0003053
CG12184	FBgn0025387
CG12179	FBgn0025388
CG3346	FBgn0025739
CG3081	FBgn0025613
CG3062	FBgn0025612
CG3052	FBgn0011277
CG7038	FBgn0029718
CG3024	FBgn0025615
CG7035	FBgn0022942
CG15473	FBgn0029719
CG3009	FBgn0029720
CG3000	FBgn0262699
CG2984	FBgn0022768
CG6998	FBgn0011760
CG7010	FBgn0028325
CG7024	FBgn0029722
CG6986	FBgn0029723
CG15472	FBgn0029724
CG2932	FBgn0025679
CR45515	FBgn0267071
CG2871	FBgn0029725
CG15471	FBgn0029726
CG6978	FBgn0029727
CG2861	FBgn0029728
CR45516	FBgn0267072
CG12682	FBgn0029729
CG42594	FBgn0260971
CR43495	FBgn0263506
CG12681	FBgn0029730
CG6927	FBgn0029733
CG32772	FBgn0052772
CG4041	FBgn0029736
CG6903	FBgn0029737
CR46342	FBgn0285992
CG44774	FBgn0266000
CG6899	FBgn0004368
CR44833	FBgn0266096
CG15468	FBgn0061196
CR45792	FBgn0267442
CG12680	FBgn0029740
CG6824	FBgn0003028
CG32767	FBgn0052767
CG15465	FBgn0029746
CG44835	FBgn0266098
CG6789	FBgn0029745
CG5062	FBgn0029747
CR44834	FBgn0266097
CG42749	FBgn0261803
CG3323	FBgn0029750
CG17764	FBgn0029751
CG3319	FBgn0263237
CG4528	FBgn0003449
CG3315	FBgn0029752
CG4193	FBgn0011761
CG4198	FBgn0029753
CG15930	FBgn0029754
CG4202	FBgn0029755
CG3312	FBgn0014024
CG4206	FBgn0284442
CG3309	FBgn0029756
CG4208	FBgn0026751
CG4209	FBgn0010014
CG10706	FBgn0029761
CG3252	FBgn0029762
CG3249	FBgn0263987
CG4165	FBgn0029763
CG16756	FBgn0029765
CR45517	FBgn0267073
CG15784	FBgn0029766
CR44471	FBgn0265664
CG16752	FBgn0029768
CG3239	FBgn0029769
CG32762	FBgn0052762
CG4151	FBgn0029770
CR45519	FBgn0267075
CG12730	FBgn0029771
CR45518	FBgn0267074
CR33787	FBgn0086667
CG33980	FBgn0263512
CG4136	FBgn0263511
CG34435	FBgn0085464
CG34434	FBgn0250904
CG3208	FBgn0029778
CG3201	FBgn0004687
CR43525	FBgn0263631
CG32763	FBgn0026702
CG42492	FBgn0259994
CG42265	FBgn0259150
CR45520	FBgn0267076
CG3187	FBgn0029783
CG4119	FBgn0028474
CG3129	FBgn0015794
CG4111	FBgn0029785
CG3171	FBgn0046687
CG15779	FBgn0003747
CR44958	FBgn0266263
CG42449	FBgn0259926
CG3160	FBgn0029789
CR45525	FBgn0267081
CG12410	FBgn0000394
CG3149	FBgn0027564
CR42794	FBgn0261927
CG4096	FBgn0029791
CG33080	FBgn0053080
CG32758	FBgn0052758
CG15773	FBgn0029795
CG3125	FBgn0261383
CG4078	FBgn0029798
CG15772	FBgn0029799
CG15929	FBgn0029800
CR45528	FBgn0267084
CG15771	FBgn0029801
CG3086	FBgn0013987
CG42699	FBgn0261610
CG3097	FBgn0029804
CG42264	FBgn0259149
CG3108	FBgn0029807
CG15767	FBgn0029809
CR43530	FBgn0263545
CR44832	FBgn0266095
CG12239	FBgn0029810
CG4052	FBgn0029811
CG18341	FBgn0029812
CR45529	FBgn0267085
CG44329	FBgn0265417
CG15766	FBgn0029813
CG15765	FBgn0029814
CR43264	FBgn0262945
CR32761	FBgn0052761
CG12729	FBgn0029816
CG43136	FBgn0262610
CG43137	FBgn0262611
CG15764	FBgn0029817
CG3033	FBgn0029818
CG3025	FBgn0014340
CG3016	FBgn0029819
CG16721	FBgn0029820
CR45668	FBgn0267228
CG4027	FBgn0000042
CG4020	FBgn0029821
CG12236	FBgn0029822
CG3011	FBgn0029823
CR44108	FBgn0264939
CG3726	FBgn0029824
CG12728	FBgn0029825
CG32756	FBgn0052756
CG6041	FBgn0029826
CG32755	FBgn0052755
CG6048	FBgn0029827
CG6067	FBgn0029828
CG4790	FBgn0005390
CG14447	FBgn0029830
CG5966	FBgn0029831
CG4766	FBgn0027546
CR44498	FBgn0265691
CG4746	FBgn0029003
CR44499	FBgn0265692
CG4336	FBgn0003302
CG5941	FBgn0029833
CG5937	FBgn0029834
CG5921	FBgn0029835
CG43115	FBgn0262575
CG5928	FBgn0029836
CG4690	FBgn0029837
CG4666	FBgn0029838
CG4660	FBgn0029839
CG4320	FBgn0029840
CG4317	FBgn0026060
CR44959	FBgn0266264
CG5905	FBgn0029843
CG15899	FBgn0264386
CG32750	FBgn0052750
CG32751	FBgn0052751
CG43090	FBgn0262536
CG32754	FBgn0040069
CG3599	FBgn0029848
CG3774	FBgn0029849
CG3595	FBgn0003514
CG14446	FBgn0262730
CG14445	FBgn0029851
CG3585	FBgn0023458
CG3780	FBgn0015818
CG3576	FBgn0040918
CG3781	FBgn0029853
CG12225	FBgn0028982
CG3566	FBgn0029854
CG32744	FBgn0086558
CR45530	FBgn0267086
CR32745	FBgn0052745
CG11700	FBgn0029856
CG3458	FBgn0026015
CG15897	FBgn0029857
CG3455	FBgn0028685
CG15896	FBgn0029858
CG15892	FBgn0029859
CG15891	FBgn0029860
CG3815	FBgn0029861
CG12219	FBgn0043796
CG3823	FBgn0029863
CG15894	FBgn0029864
CG42240	FBgn0250869
CG3842	FBgn0029866
CG3847	FBgn0029867
CG3446	FBgn0029868
CG3861	FBgn0261955
CR32747	FBgn0016974
CG3429	FBgn0003655
CG3869	FBgn0029870
CR44816	FBgn0266051
CG12217	FBgn0003139
CG33664	FBgn0053664
CG33669	FBgn0053669
CG33668	FBgn0053668
CG42340	FBgn0259242
CG33667	FBgn0053667
CG33666	FBgn0053666
CG33665	FBgn0053665
CR32748	FBgn0052748
CG3918	FBgn0029873
CG3342	FBgn0029874
CG3926	FBgn0014031
CG3314	FBgn0014026
CR33663	FBgn0065071
CG3929	FBgn0000524
CG34417	FBgn0290560
CG17717	FBgn0029877
CG10695	FBgn0029878
CR43832	FBgn0264380
CG14444	FBgn0029879
CG3973	FBgn0029881
CG14443	FBgn0029880
CR44817	FBgn0266052
CG3226	FBgn0029882
CG32742	FBgn0028360
CG3224	FBgn0029885
CG3977	FBgn0062413
CG3198	FBgn0029887
CG4039	FBgn0025815
CG3192	FBgn0029888
CG4094	FBgn0286222
CG4095	FBgn0029890
CG4523	FBgn0029891
CG44303	FBgn0265362
CG3184	FBgn0029892
CG14442	FBgn0029893
CG14440	FBgn0029894
CG14441	FBgn0029895
CG3168	FBgn0029896
CR43461	FBgn0263415
CG3203	FBgn0029897
CR33799	FBgn0086602
CR33751	FBgn0086668
CR34591	FBgn0083013
CR34592	FBgn0082997
CR32740	FBgn0052740
CR44895	FBgn0266200
CR44964	FBgn0266279
CG14439	FBgn0029898
CG14438	FBgn0287725
CR43496	FBgn0263507
CG14437	FBgn0029502
CG3135	FBgn0003390
CG42328	FBgn0259228
CG4532	FBgn0029903
CG4536	FBgn0086693
CG3075	FBgn0029905
CG4542	FBgn0029906
CG4547	FBgn0029907
CG32743	FBgn0263968
CG12796	FBgn0029909
CG14435	FBgn0029911
CG4557	FBgn0029912
CG3044	FBgn0029913
CG4558	FBgn0029914
CG14434	FBgn0029915
CR45531	FBgn0267087
CG43736	FBgn0263993
CG14431	FBgn0029922
CR4575	FBgn0029920
CR32733	FBgn0052733
CG32732	FBgn0052732
CG4586	FBgn0029924
CG3040	FBgn0029925
CG3039	FBgn0004646
CR44084	FBgn0264893
CG14430	FBgn0261284
CG2977	FBgn0027106
CR43837	FBgn0264385
CG4590	FBgn0027108
CG3035	FBgn0000330
CG32736	FBgn0052736
CG42308	FBgn0259204
CG3032	FBgn0029928
CG4593	FBgn0029929
CG12541	FBgn0029930
CG14427	FBgn0029931
CG14426	FBgn0004143
CG4607	FBgn0029932
CG43770	FBgn0264270
CR43548	FBgn0263563
CR46494	FBgn0287667
CG4615	FBgn0029935
CG4617	FBgn0029936
CG8300	FBgn0029937
CG4626	FBgn0027342
CR45532	FBgn0267088
CR46245	FBgn0267965
CG9650	FBgn0029939
CR32730	FBgn0047092
CR44357	FBgn0265457
CG1958	FBgn0029940
CG1677	FBgn0029941
CG2059	FBgn0029942
CG1659	FBgn0025549
CG9653	FBgn0024250
CG1643	FBgn0029943
CG2079	FBgn0029944
CG18155	FBgn0029945
CG42780	FBgn0261848
CG1435	FBgn0026144
CG15034	FBgn0029946
CG1999	FBgn0029947
CG15033	FBgn0029948
CG42781	FBgn0261849
CG15035	FBgn0029949
CG32727	FBgn0265265
CG42246	FBgn0259098
CG42704	FBgn0261615
CG42705	FBgn0261616
CG34337	FBgn0085366
CG9657	FBgn0029950
CG15036	FBgn0040922
CG32726	FBgn0052726
CR45533	FBgn0267089
CR43199	FBgn0262828
CG11368	FBgn0040923
CG43198	FBgn0262827
CR44500	FBgn0265693
CR45534	FBgn0267090
CR43278	FBgn0262967
CR43279	FBgn0262968
CR43835	FBgn0264383
CG32719	FBgn0052719
CG43138	FBgn0262612
CG32720	FBgn0052720
CR44501	FBgn0265694
CR44502	FBgn0265695
CG11369	FBgn0029951
CG12689	FBgn0029952
CG11387	FBgn0004198
CR45667	FBgn0267227
CR45666	FBgn0267226
CR45665	FBgn0267225
CG12690	FBgn0029504
CR43287	FBgn0262979
CG15478	FBgn0029955
CG12153	FBgn0022786
CG32721	FBgn0027553
CG12155	FBgn0029957
CG12151	FBgn0029958
CG12156	FBgn0029959
CG12157	FBgn0016041
CG12663	FBgn0029961
CG34338	FBgn0085367
CG32718	FBgn0052718
CG1402	FBgn0029962
CG10920	FBgn0029963
CG1409	FBgn0029964
CG15326	FBgn0029965
CG2175	FBgn0000427
CR43615	FBgn0263590
CG15324	FBgn0029966
CG42294	FBgn0259190
CG42293	FBgn0259189
CG42292	FBgn0259188
CG15325	FBgn0029968
CG10932	FBgn0029969
CG17256	FBgn0029970
CG18624	FBgn0029971
CG45089	FBgn0266490
CG1422	FBgn0040087
CR11386	FBgn0260447
CR33222	FBgn0053222
CG10944	FBgn0261592
CR34593	FBgn0082924
CG1430	FBgn0010292
CG10946	FBgn0029974
CG1444	FBgn0029975
CG1514	FBgn0029976
CG15329	FBgn0029977
CG1515	FBgn0260858
CG10777	FBgn0029979
CG10778	FBgn0029980
CG1524	FBgn0004403
CG1527	FBgn0004404
CG42593	FBgn0260970
CG2206	FBgn0027280
CG15332	FBgn0029986
CG15330	FBgn0029987
CG2212	FBgn0003656
CR45620	FBgn0267180
CG32858	FBgn0003447
CG1543	FBgn0010329
CG15333	FBgn0029989
CG2233	FBgn0029990
CG2252	FBgn0004656
CG1560	FBgn0004657
CG2253	FBgn0029992
CG1571	FBgn0029993
CG2254	FBgn0029994
CG2256	FBgn0029995
CR45535	FBgn0267091
CG2257	FBgn0029996
CG2258	FBgn0029997
CG2259	FBgn0040319
CG1575	FBgn0029999
CG2260	FBgn0030000
CG15335	FBgn0030001
CG2116	FBgn0030003
CG10958	FBgn0030004
CG2120	FBgn0030005
CG2262	FBgn0025800
CG17982	FBgn0030006
CG2263	FBgn0030007
CG2129	FBgn0030008
CG15336	FBgn0030009
CG10959	FBgn0030010
CG10763	FBgn0030011
CG18262	FBgn0030012
CG10961	FBgn0265464
CG1583	FBgn0030013
CG15337	FBgn0030014
CG10761	FBgn0030015
CR45536	FBgn0267096
CG10759	FBgn0030016
CG2278	FBgn0030017
CG2272	FBgn0030018
CG32717	FBgn0261873
CG2147	FBgn0030025
CG10964	FBgn0030026
CG2151	FBgn0020653
CG2286	FBgn0017566
CG1632	FBgn0030027
CG10965	FBgn0030028
CG15343	FBgn0030029
CG1636	FBgn0030030
CG2302	FBgn0015519
CR43695	FBgn0263778
CG1387	FBgn0030033
CR15345	FBgn0040928
CG10555	FBgn0030034
CG11190	FBgn0030035
CG32711	FBgn0262976
CG18009	FBgn0261793
CG32712	FBgn0052712
CG12125	FBgn0030037
CG1440	FBgn0030038
CG12123	FBgn0030039
CG11202	FBgn0021767
CG32713	FBgn0052713
CG15347	FBgn0030040
CG1474	FBgn0023506
CG12117	FBgn0014032
CG33223	FBgn0053223
CG12116	FBgn0030041
CG33962	FBgn0014464
CG15350	FBgn0014465
CG15351	FBgn0014466
CG1478	FBgn0000359
CG11213	FBgn0000360
CR43834	FBgn0264382
CG12743	FBgn0003023
CG33181	FBgn0053181
CG1634	FBgn0264975
CG11219	FBgn0024943
CG12113	FBgn0026679
CG12112	FBgn0030048
CG11265	FBgn0030049
CR46195	FBgn0267914
CG12111	FBgn0030050
CG2056	FBgn0030051
CG12065	FBgn0030052
CG12081	FBgn0030053
CG12659	FBgn0040929
CG12737	FBgn0025864
CG12109	FBgn0030054
CG12154	FBgn0004102
CG12772	FBgn0030055
CG11284	FBgn0030056
CG12108	FBgn0030057
CG1795	FBgn0027864
CG11294	FBgn0030058
CR44507	FBgn0265700
CR44508	FBgn0265701
CG1787	FBgn0041629
CG2004	FBgn0030060
CG1785	FBgn0030061
CG1994	FBgn0027330
CG1789	FBgn0030063
CR43297	FBgn0262989
CG11354	FBgn0026411
CR45537	FBgn0267097
CG12075	FBgn0030065
CG10701	FBgn0011661
CG1885	FBgn0030066
CG10648	FBgn0030067
CG1871	FBgn0011586
CG42667	FBgn0261549
CR44111	FBgn0264942
CG12661	FBgn0030071
CG43255	FBgn0262900
CR43504	FBgn0263519
CR43836	FBgn0264384
CG10962	FBgn0030073
CG12662	FBgn0030074
CR42882	FBgn0262369
CG42388	FBgn0259734
CG15365	FBgn0030077
CG10970	FBgn0030078
CR45538	FBgn0267098
CG44325	FBgn0265413
CG7246	FBgn0030081
CG7041	FBgn0030082
CG32707	FBgn0052707
CG32708	FBgn0052708
CG32706	FBgn0052706
CG6999	FBgn0030085
CG7033	FBgn0030086
CR42972	FBgn0262421
CG7766	FBgn0030087
CG8264	FBgn0004856
CG7039	FBgn0030088
CG9113	FBgn0030089
CR45539	FBgn0267099
CG12664	FBgn0030090
CR44517	FBgn0265710
CG7065	FBgn0030091
CG8971	FBgn0030092
CG7055	FBgn0030093
CG8989	FBgn0004828
CG9022	FBgn0014868
CG15367	FBgn0040467
CG9034	FBgn0040931
CG9060	FBgn0030096
CG44532	FBgn0265725
CG12218	FBgn0026206
CG12115	FBgn0030097
CG12057	FBgn0030098
CG12056	FBgn0030099
CG12106	FBgn0030100
CG12118	FBgn0030101
CG2194	FBgn0086450
CG12119	FBgn0030102
CG12665	FBgn0030103
CG15368	FBgn0030104
CG15369	FBgn0030105
CG12120	FBgn0086367
CG15370	FBgn0030107
CG15371	FBgn0030108
CG12121	FBgn0030109
CG32704	FBgn0052704
CR43563	FBgn0263578
CG12124	FBgn0260789
CG42569	FBgn0260771
CG12127	FBgn0000077
CG15793	FBgn0010269
CG17754	FBgn0030114
CG15797	FBgn0028292
CR17438	FBgn0030116
CR15910	FBgn0030117
CG32703	FBgn0052703
CG17440	FBgn0030120
CG17446	FBgn0030121
CG16892	FBgn0030122
CR43590	FBgn0263475
CG12132	FBgn0040236
CG1689	FBgn0002576
CR44534	FBgn0265727
CR46533	FBgn0289442
CG12135	FBgn0040235
CG12149	FBgn0040234
CG34449	FBgn0085478
CG34450	FBgn0085479
CG17252	FBgn0026149
CG42611	FBgn0261260
CG44815	FBgn0266050
CG32700	FBgn0267253
CG34028	FBgn0054028
CG34026	FBgn0054026
CG32701	FBgn0028327
CG2998	FBgn0030136
CG15317	FBgn0030137
CR42767	FBgn0261835
CG32702	FBgn0052702
CG32699	FBgn0052699
CG42395	FBgn0259741
CR45540	FBgn0267100
CR45541	FBgn0267101
CG3001	FBgn0001186
CR45542	FBgn0267102
CR45543	FBgn0267103
CG3002	FBgn0030141
CG3004	FBgn0264691
CG12141	FBgn0027084
CG42797	FBgn0261931
CG32697	FBgn0028341
CG3106	FBgn0030148
CG15319	FBgn0261617
CR42657	FBgn0261522
CR44016	FBgn0264786
CG12653	FBgn0000233
CR43498	FBgn0263509
CG1343	FBgn0020378
CG1354	FBgn0030151
CG32698	FBgn0052698
CG2045	FBgn0019929
CG45060	FBgn0266430
CG45061	FBgn0266431
CG32695	FBgn0052695
CG15247	FBgn0030156
CG1468	FBgn0030157
CG9686	FBgn0030158
CG9689	FBgn0030159
CG9691	FBgn0030160
CG15249	FBgn0030161
CG1986	FBgn0030162
CG1780	FBgn0026415
CG1791	FBgn0030163
CG1889	FBgn0030164
CG43386	FBgn0263216
CG15252	FBgn0030167
CG32694	FBgn0052694
CG33557	FBgn0053557
CG2990	FBgn0288690
CG43374	FBgn0263132
CR45185	FBgn0267495
CG2979	FBgn0005391
CG2985	FBgn0004045
CR45601	FBgn0267161
CG15312	FBgn0030174
CG32693	FBgn0052693
CR45602	FBgn0267162
CG32685	FBgn0052685
CG2972	FBgn0030177
CG2974	FBgn0030178
CG34104	FBgn0083940
CR44894	FBgn0266199
CG12645	FBgn0030181
CG43902	FBgn0264503
CR32690	FBgn0052690
CG15309	FBgn0030183
CR43899	FBgn0264500
CG2968	FBgn0028342
CG2962	FBgn0030186
CR45629	FBgn0267189
CG15308	FBgn0040941
CG34408	FBgn0085437
CG2961	FBgn0030187
CG43388	FBgn0263220
CR43959	FBgn0264674
CG12643	FBgn0040942
CG42275	FBgn0259170
CG2909	FBgn0030189
CG2227	FBgn0011770
CG15306	FBgn0030191
CG43740	FBgn0263997
CR33662	FBgn0065046
CG2221	FBgn0028331
CG32679	FBgn0052679
CG17841	FBgn0028480
CG32686	FBgn0052686
CG2898	FBgn0030195
CG32681	FBgn0052681
CG2222	FBgn0030196
CG2096	FBgn0000711
CG32683	FBgn0052683
CG2885	FBgn0030200
CG12640	FBgn0030202
CG15302	FBgn0030204
CG15304	FBgn0083167
CG17255	FBgn0261710
CG2889	FBgn0030206
CG2887	FBgn0030207
CG2890	FBgn0030208
CG32687	FBgn0052687
CG34414	FBgn0085443
CG15296	FBgn0030215
CG32678	FBgn0067052
CG1619	FBgn0001206
CG2124	FBgn0030217
CG1628	FBgn0030218
CG43347	FBgn0263072
CG9807	FBgn0030221
CG9806	FBgn0030222
CG32677	FBgn0052677
CG2111	FBgn0030223
CG32673	FBgn0052673
CG12637	FBgn0030224
CG32676	FBgn0052676
CG1799	FBgn0003204
CR44766	FBgn0265987
CG11556	FBgn0030230
CG32675	FBgn0052675
CG32672	FBgn0052672
CG1826	FBgn0030228
CG15211	FBgn0030234
CG1683	FBgn0025111
CG16944	FBgn0003360
CG1691	FBgn0285926
CR45204	FBgn0266731
CR45624	FBgn0267184
CG1664	FBgn0003321
CG15210	FBgn0040850
CG15209	FBgn0030237
CG32669	FBgn0052669
CG17333	FBgn0030239
CG2202	FBgn0030240
CG11207	FBgn0030241
CG1655	FBgn0030242
CG2186	FBgn0030243
CG2157	FBgn0030244
CG1637	FBgn0030245
CG1615	FBgn0017561
CR45616	FBgn0267176
CR45617	FBgn0267177
CR44524	FBgn0265717
CG1582	FBgn0030246
CG15208	FBgn0030247
CG43901	FBgn0264502
CG2155	FBgn0003965
CG2145	FBgn0030251
CG43657	FBgn0263705
CG32671	FBgn0052671
CG32670	FBgn0052670
CG1567	FBgn0021742
CG42339	FBgn0259241
CG11160	FBgn0030257
CG1552	FBgn0030258
CG1545	FBgn0030259
CG1537	FBgn0030260
CR45614	FBgn0267174
CG15203	FBgn0030261
CG18085	FBgn0003366
CR44358	FBgn0265458
CR45604	FBgn0267164
CG2081	FBgn0030262
CG2076	FBgn0030263
CG2061	FBgn0027498
CG42249	FBgn0259101
CG12101	FBgn0015245
CG11122	FBgn0030266
CG16916	FBgn0028686
CG2522	FBgn0010391
CG1453	FBgn0030268
CG44385	FBgn0265535
CG18292	FBgn0030269
CR44054	FBgn0264863
CG32667	FBgn0052667
CG15199	FBgn0030270
CG15202	FBgn0030271
CG15201	FBgn0030272
CG1404	FBgn0020255
CG1908	FBgn0030274
CG1397	FBgn0261277
CG1938	FBgn0030276
CG32668	FBgn0052668
CG1386	FBgn0026268
CG1394	FBgn0030277
CG15200	FBgn0030278
CR44765	FBgn0265986
CG11106	FBgn0030280
CG44422	FBgn0265595
CG15198	FBgn0030283
CG34143	FBgn0083979
CG1641	FBgn0003411
CG1639	FBgn0001491
CG1657	FBgn0030286
CG11759	FBgn0028421
CG34348	FBgn0085377
CG1597	FBgn0030289
CG11756	FBgn0030290
CG1738	FBgn0030291
CG11752	FBgn0030292
CG1737	FBgn0030293
CG18361	FBgn0000499
CG11750	FBgn0287454
CG1594	FBgn0004864
CG1728	FBgn0027359
CG1725	FBgn0001624
CG15196	FBgn0030296
CG12622	FBgn0030297
CG17867	FBgn0030298
CG32664	FBgn0045502
CG1743	FBgn0001145
CG11727	FBgn0262740
CG1747	FBgn0030300
CG1745	FBgn0030301
CG43155	FBgn0262685
CG11715	FBgn0030304
CG1749	FBgn0030305
CG1751	FBgn0030306
CG33235	FBgn0030307
CR44556	FBgn0265749
CG32666	FBgn0052666
CR43042	FBgn0262335
CG1572	FBgn0030309
CG11709	FBgn0030310
CG1554	FBgn0003277
CR44266	FBgn0265252
CG11699	FBgn0030311
CG1558	FBgn0027259
CG11697	FBgn0030313
CG11696	FBgn0030314
CG15191	FBgn0000618
CG11695	FBgn0030316
CR32665	FBgn0019660
CG1763	FBgn0002948
CG1561	FBgn0030317
CR43217	FBgn0262853
CR43216	FBgn0262852
CR43215	FBgn0262851
CR43214	FBgn0262850
CR43213	FBgn0262849
CR43212	FBgn0262848
CR43211	FBgn0262847
CG1697	FBgn0030318
CG2533	FBgn0030319
CG2247	FBgn0030320
CG1703	FBgn0030321
CG15220	FBgn0288833
CG1705	FBgn0002723
CG1817	FBgn0004370
CG2371	FBgn0030323
CG1822	FBgn0014133
CG1830	FBgn0011754
CG2444	FBgn0030326
CG2448	FBgn0030327
CG2446	FBgn0030328
CR46286	FBgn0283637
CR45618	FBgn0267178
CG1837	FBgn0030329
CG1841	FBgn0030330
CG15221	FBgn0030331
CG42447	FBgn0259918
CG42563	FBgn0260812
CG34322	FBgn0085351
CG34321	FBgn0085350
CR43385	FBgn0263215
CG9369	FBgn0002577
CG9360	FBgn0030332
CG9355	FBgn0004511
CG4139	FBgn0030334
CR44962	FBgn0266277
CG15224	FBgn0000259
CG4147	FBgn0001218
CG1578	FBgn0030336
CG43154	FBgn0266019
CG15741	FBgn0030338
CR43908	FBgn0264509
CG1895	FBgn0030339
CG15740	FBgn0030340
CR45619	FBgn0267179
CG1967	FBgn0030341
CG10347	FBgn0030342
CG1886	FBgn0030343
CG2025	FBgn0030344
CG1847	FBgn0030345
CG11802	FBgn0030346
CG15739	FBgn0030347
CG10352	FBgn0030348
CG10353	FBgn0030349
CG1844	FBgn0030350
CG1840	FBgn0030351
CG15738	FBgn0030352
CG15737	FBgn0260780
CG1559	FBgn0030354
CG43156	FBgn0262686
CG2467	FBgn0250871
CR32661	FBgn0030356
CR43157	FBgn0262687
CG2471	FBgn0030357
CR32660	FBgn0052660
CG10362	FBgn0030358
CG43368	FBgn0263111
CG1505	FBgn0000808
CG1502	FBgn0003865
CG18130	FBgn0030359
CG1500	FBgn0001083
CG1806	FBgn0030360
CG1492	FBgn0030361
CG1803	FBgn0030362
CG15736	FBgn0043001
CG15735	FBgn0030364
CG1796	FBgn0030365
CG1490	FBgn0030366
CG1488	FBgn0030367
CG1786	FBgn0030369
CG42338	FBgn0267001
CR43960	FBgn0264675
CG1950	FBgn0030370
CG32656	FBgn0052656
CR43961	FBgn0264676
CG34323	FBgn0085352
CG12721	FBgn0030373
CG15734	FBgn0030374
CR32657	FBgn0052657
CR32658	FBgn0040859
CG11356	FBgn0030375
CG2750	FBgn0030376
CG1924	FBgn0030377
CG32655	FBgn0052655
CG45603	FBgn0267163
CG2577	FBgn0030384
CG15732	FBgn0030385
CG32651	FBgn0052651
CG2574	FBgn0030386
CR32652	FBgn0052652
CG42349	FBgn0287828
CG15927	FBgn0030389
CR45615	FBgn0267175
CG15731	FBgn0030390
CG1900	FBgn0030391
CG42258	FBgn0259143
CG2560	FBgn0030394
CG2559	FBgn0002562
CG15730	FBgn0030395
CG2556	FBgn0030396
CG43921	FBgn0264542
CG2555	FBgn0030398
CG11138	FBgn0030400
CG1848	FBgn0283712
CG1824	FBgn0030403
CG32654	FBgn0052654
CG1463	FBgn0030406
CG2543	FBgn0030407
CR45621	FBgn0267181
CG11085	FBgn0030408
CR44568	FBgn0265761
CG15728	FBgn0030409
CG15727	FBgn0030410
CG2540	FBgn0030411
CG17762	FBgn0030412
CR42894	FBgn0262187
CG2028	FBgn0015024
CG4070	FBgn0011837
CR33963	FBgn0053963
CR46293	FBgn0283559
CR46390	FBgn0286868
CG4013	FBgn0265523
CG15725	FBgn0030417
CR43963	FBgn0264678
CR45623	FBgn0267183
CG4004	FBgn0030418
CR46493	FBgn0287633
CR44619	FBgn0265830
CG3989	FBgn0020513
CG12717	FBgn0030420
CG3812	FBgn0030421
CG32647	FBgn0052647
CG42276	FBgn0259171
CG3775	FBgn0030425
CG4661	FBgn0030429
CG32650	FBgn0052650
CG32649	FBgn0052649
CG4407	FBgn0030431
CG4404	FBgn0030432
CG4647	FBgn0030433
CG4400	FBgn0030434
CG4645	FBgn0030435
CR45625	FBgn0267185
CR45626	FBgn0267186
CG4396	FBgn0086675
CG4395	FBgn0030437
CG32642	FBgn0052642
CG32644	FBgn0052644
CR43636	FBgn0263627
CG15721	FBgn0030438
CR43152	FBgn0262682
CG12716	FBgn0030439
CG32643	FBgn0052643
CG44424	FBgn0265597
CG15719	FBgn0030440
CG2209	FBgn0030441
CG12715	FBgn0030443
CR44840	FBgn0266114
CR42929	FBgn0262222
CG4353	FBgn0010303
CG12244	FBgn0261524
CG2200	FBgn0030447
CG43313	FBgn0263005
CG4349	FBgn0030449
CG42237	FBgn0250862
CG32638	FBgn0052638
CR33657	FBgn0065101
CG15717	FBgn0030451
CG4330	FBgn0030452
CG32645	FBgn0052645
CG4318	FBgn0030455
CG4332	FBgn0030456
CG4303	FBgn0025463
CG12096	FBgn0030457
CG34411	FBgn0085440
CG32640	FBgn0052640
CG32641	FBgn0052641
CG12723	FBgn0030459
CG2453	FBgn0030460
CG44436	FBgn0265630
CG44437	FBgn0265629
CG1591	FBgn0029133
CG1771	FBgn0004456
CG32639	FBgn0052639
CG15742	FBgn0030462
CG1618	FBgn0000346
CG1770	FBgn0041210
CG15743	FBgn0030465
CG15744	FBgn0030466
CG1764	FBgn0030467
CG1622	FBgn0030468
CG45017	FBgn0283680
CR45018	FBgn0266376
CG1633	FBgn0040309
CR32636	FBgn0052636
CG2033	FBgn0010198
CG15747	FBgn0030474
CR45708	FBgn0267272
CR45709	FBgn0267273
CG10617	FBgn0261085
CG15749	FBgn0030477
CG1640	FBgn0030478
CG1987	FBgn0030479
CG1660	FBgn0030480
CG1989	FBgn0288857
CG1662	FBgn0030481
CR44620	FBgn0265831
CR44621	FBgn0265832
CG1673	FBgn0030482
CG12725	FBgn0030483
CG1681	FBgn0030484
CG1998	FBgn0030485
CG1716	FBgn0030486
CG44328	FBgn0265416
CG34324	FBgn0085353
CG15754	FBgn0030492
CR44427	FBgn0265609
CG44428	FBgn0265610
CG15756	FBgn0030493
CG15757	FBgn0030494
CG11816	FBgn0030495
CG32631	FBgn0052631
CG32633	FBgn0052633
CG32632	FBgn0086674
CG46311	FBgn0284227
CG7107	FBgn0004169
CR44654	FBgn0265865
CG11178	FBgn0030499
CG9938	FBgn0030500
CG11177	FBgn0030501
CG12175	FBgn0030502
CG11176	FBgn0030503
CG2691	FBgn0030504
CG11172	FBgn0030505
CG12176	FBgn0030506
CG11164	FBgn0030507
CG15760	FBgn0030508
CG11162	FBgn0030509
CG12177	FBgn0030510
CG11158	FBgn0030511
CG9940	FBgn0030512
CG44533	FBgn0265726
CG9941	FBgn0030514
CG11156	FBgn0002878
CG10986	FBgn0001087
CG10988	FBgn0001612
CG11134	FBgn0030518
CG11151	FBgn0030519
CR42861	FBgn0262108
CG10990	FBgn0030520
CR43833	FBgn0264381
CG32625	FBgn0052625
CG11130	FBgn0020909
CG11129	FBgn0004047
CG11111	FBgn0003218
CG10992	FBgn0030521
CG11103	FBgn0030522
CG33174	FBgn0261244
CG10993	FBgn0030524
CG10996	FBgn0030525
CG11095	FBgn0030528
CG10997	FBgn0030529
CG11092	FBgn0027537
CG11063	FBgn0030530
CG32626	FBgn0052626
CG45477	FBgn0267033
CG11068	FBgn0030536
CR44655	FBgn0265866
CG18319	FBgn0000173
CG32616	FBgn0044817
CR32624	FBgn0011952
CR32621	FBgn0011975
CR32623	FBgn0011976
CR32622	FBgn0011948
CR32620	FBgn0011949
CR32619	FBgn0011950
CR32617	FBgn0011951
CR32612	FBgn0011980
CR32607	FBgn0011982
CG33247	FBgn0053247
CG33246	FBgn0053246
CG33245	FBgn0053245
CG33244	FBgn0053244
CG33243	FBgn0053243
CG33242	FBgn0053242
CG33241	FBgn0053241
CG33240	FBgn0053240
CG33239	FBgn0053239
CG33238	FBgn0053238
CG33237	FBgn0053237
CG33236	FBgn0053236
CR32615	FBgn0011974
CR46242	FBgn0267962
CR32608	FBgn0011977
CR32610	FBgn0011953
CR32618	FBgn0011981
CR44657	FBgn0265868
CR32609	FBgn0011983
CR44658	FBgn0265869
CG12479	FBgn0040871
CG12480	FBgn0030537
CG13402	FBgn0030538
CG1368	FBgn0030539
CG11581	FBgn0030540
CG11584	FBgn0030541
CR45995	FBgn0267657
CG32603	FBgn0052603
CG12481	FBgn0030542
CG11585	FBgn0030543
CG13403	FBgn0030544
CG1372	FBgn0004649
CR43515	FBgn0263530
CG11590	FBgn0030545
CG32604	FBgn0026713
CG32597	FBgn0040153
CG11674	FBgn0030551
CG15871	FBgn0030552
CG42271	FBgn0259166
CG1839	FBgn0030555
CG1434	FBgn0030554
CG1810	FBgn0030556
CR46473	FBgn0287604
CG32599	FBgn0260482
CG12047	FBgn0002873
CG1461	FBgn0030558
CG46317	FBgn0284233
CG13404	FBgn0030559
CG1517	FBgn0002917
CG32602	FBgn0052602
CG9400	FBgn0030562
CR44963	FBgn0266278
CG18157	FBgn0030563
CG32598	FBgn0052598
CG32600	FBgn0052600
CG32601	FBgn0052601
CG18313	FBgn0030566
CG9411	FBgn0030569
CG12540	FBgn0030570
CR44110	FBgn0264941
CR45521	FBgn0267077
CG14414	FBgn0030571
CG14413	FBgn0030572
CG5310	FBgn0030573
CG9413	FBgn0030574
CG18657	FBgn0015773
CG5321	FBgn0030575
CG10521	FBgn0015774
CG43088	FBgn0262534
CG32595	FBgn0266710
CG15890	FBgn0030576
CG5334	FBgn0030577
CG5347	FBgn0030578
CG9540	FBgn0020508
CG9538	FBgn0015010
CR45522	FBgn0267078
CG9533	FBgn0003301
CG14408	FBgn0030581
CG14411	FBgn0030582
CG14410	FBgn0030583
CG14407	FBgn0030584
CG32590	FBgn0052590
CG32593	FBgn0264078
CG12539	FBgn0030586
CG9522	FBgn0030587
CG9521	FBgn0030588
CG9519	FBgn0030589
CR46391	FBgn0286869
CG46399	FBgn0286877
CG9518	FBgn0030590
CG45064	FBgn0266434
CG45065	FBgn0266435
CG9514	FBgn0030592
CG9512	FBgn0030593
CG9509	FBgn0030594
CG14406	FBgn0030595
CG12398	FBgn0030596
CG9504	FBgn0030597
CG9503	FBgn0030598
CG32591	FBgn0052591
CG9009	FBgn0027601
CR44831	FBgn0266094
CG9030	FBgn0030599
CG10952	FBgn0000535
CG32592	FBgn0030600
CG32594	FBgn0052594
CG5541	FBgn0030603
CG5548	FBgn0030605
CG9053	FBgn0264389
CG5560	FBgn0030607
CG9057	FBgn0030608
CR44662	FBgn0265873
CR44661	FBgn0265872
CG33177	FBgn0053177
CR44960	FBgn0266275
CG33178	FBgn0053178
CG9065	FBgn0030610
CG15027	FBgn0030611
CG5599	FBgn0030612
CG5627	FBgn0030613
CG9072	FBgn0030614
CG9081	FBgn0030615
CG33968	FBgn0260006
CG9091	FBgn0030616
CG9095	FBgn0030617
CG43737	FBgn0263994
CG32588	FBgn0052588
CG5662	FBgn0030620
CG43075	FBgn0262485
CG43076	FBgn0262486
CR44430	FBgn0265612
CG9101	FBgn0030622
CG15031	FBgn0030623
CG9106	FBgn0030624
CR44663	FBgn0265874
CR44664	FBgn0265875
CG5877	FBgn0030625
CR44429	FBgn0265611
CG42739	FBgn0261703
CR44961	FBgn0266276
CG6146	FBgn0004924
CR43533	FBgn0263548
CG6157	FBgn0015926
CG9114	FBgn0030628
CG6170	FBgn0026428
CR44998	FBgn0266349
CG9123	FBgn0030629
CG12608	FBgn0030630
CG6227	FBgn0030631
CG9151	FBgn0000028
CG9156	FBgn0003132
CG9164	FBgn0030634
CG43395	FBgn0263257
CG9195	FBgn0040285
CG11654	FBgn0014455
CG11655	FBgn0030638
CG9198	FBgn0004391
CG6294	FBgn0030640
CG6299	FBgn0030641
CG15642	FBgn0030642
CG15641	FBgn0030643
CG9201	FBgn0026433
CG6308	FBgn0030645
CG9203	FBgn0267977
CG6324	FBgn0030647
CG6340	FBgn0030648
CG33206	FBgn0027287
CR44888	FBgn0266182
CR42980	FBgn0262426
CR42953	FBgn0262409
CR42932	FBgn0262395
CG9210	FBgn0022710
CR44353	FBgn0265453
CR44354	FBgn0265454
CG42300	FBgn0259196
CG7860	FBgn0030653
CG15643	FBgn0030654
CG9213	FBgn0030655
CG42299	FBgn0259195
CR42877	FBgn0262163
CG15645	FBgn0030657
CG7872	FBgn0030658
CG9215	FBgn0030659
CG8097	FBgn0030660
CG9220	FBgn0030662
CG8105	FBgn0030661
CG9224	FBgn0003463
CR44423	FBgn0265596
CR44893	FBgn0266198
CG8117	FBgn0030663
CR43299	FBgn0262991
CG8119	FBgn0030664
CG15646	FBgn0030665
CG12708	FBgn0030666
CG15599	FBgn0030667
CR43132	FBgn0262606
CR45523	FBgn0267079
CR45524	FBgn0267080
CR45526	FBgn0267082
CG8128	FBgn0030668
CG9240	FBgn0030669
CG9245	FBgn0030670
CG8134	FBgn0030671
CG9281	FBgn0030672
CG15601	FBgn0030673
CG8184	FBgn0030674
CG8191	FBgn0030675
CG12379	FBgn0030676
CG8198	FBgn0026666
CG11678	FBgn0011741
CG11679	FBgn0030678
CG8206	FBgn0030679
CG8944	FBgn0030680
CG8231	FBgn0027329
CG8239	FBgn0030683
CG8948	FBgn0030685
CG8260	FBgn0030684
CG8288	FBgn0030686
CG17209	FBgn0030687
CG8952	FBgn0030688
CG33172	FBgn0053172
CG43672	FBgn0263747
CG43673	FBgn0263748
CG8959	FBgn0030691
CG8962	FBgn0025809
CG8470	FBgn0030692
CG8497	FBgn0026374
CG8974	FBgn0030693
CR44383	FBgn0265533
CG32581	FBgn0052581
CG15602	FBgn0030694
CG8995	FBgn0030695
CG8544	FBgn0003345
CR44384	FBgn0265534
CG8509	FBgn0030696
CG9012	FBgn0000319
CR32582	FBgn0052582
CG8565	FBgn0030697
CG9020	FBgn0027093
CG8578	FBgn0030699
CG9032	FBgn0014391
CG9038	FBgn0026076
CG15914	FBgn0030700
CG9045	FBgn0002914
CG46440	FBgn0287210
CG33250	FBgn0065035
CG10545	FBgn0001105
CG8893	FBgn0001092
CG16952	FBgn0030701
CG9056	FBgn0260938
CG9066	FBgn0030703
CG15916	FBgn0030704
CG18102	FBgn0003392
CG9096	FBgn0010315
CG8909	FBgn0030706
CG8916	FBgn0030707
CG17336	FBgn0010240
CR45000	FBgn0266351
CG33180	FBgn0053180
CG9126	FBgn0045073
CG8924	FBgn0030710
CG8928	FBgn0030711
CG42252	FBgn0259110
CR42917	FBgn0262210
CR45527	FBgn0267083
CG12697	FBgn0030715
CG42766	FBgn0261834
CG9170	FBgn0030716
CG8931	FBgn0030717
CG9172	FBgn0030718
CG9177	FBgn0030719
CG46312	FBgn0284228
CG8933	FBgn0000611
CG8939	FBgn0030720
CG9209	FBgn0003969
CG12698	FBgn0030721
CG32580	FBgn0052580
CG12395	FBgn0030722
CG14948	FBgn0030723
CG9212	FBgn0030724
CG9214	FBgn0028397
CR43501	FBgn0263516
CG8958	FBgn0030725
CG42353	FBgn0259699
CG42354	FBgn0259700
CG32577	FBgn0285879
CR46211	FBgn0267930
CR42990	FBgn0262283
CG9908	FBgn0000459
CR32914	FBgn0003933
CR32913	FBgn0003920
CG12507	FBgn0030729
CG13956	FBgn0040207
CG3415	FBgn0030731
CG3422	FBgn0004066
CG3525	FBgn0000536
CG32576	FBgn0052576
CG3560	FBgn0030733
CG3606	FBgn0285954
CG9911	FBgn0030734
CG3632	FBgn0030735
CG3679	FBgn0027521
CG9914	FBgn0286508
CR45485	FBgn0267041
CG9915	FBgn0030738
CG13957	FBgn0030739
CG9916	FBgn0004432
CG9917	FBgn0030740
CG32579	FBgn0052579
CG3692	FBgn0290170
CG9919	FBgn0030742
CG9921	FBgn0030743
CG12223	FBgn0278608
CG4200	FBgn0003416
CG9998	FBgn0005411
CG32578	FBgn0086448
CG4211	FBgn0004227
CG18734	FBgn0004598
CG9992	FBgn0030744
CG4239	FBgn0030745
CG9984	FBgn0010416
CG4252	FBgn0004367
CG9981	FBgn0030746
CG4301	FBgn0030747
CG4394	FBgn0030748
CG9968	FBgn0030749
CG32575	FBgn0026575
CG9947	FBgn0030752
CG4420	FBgn0030753
CG9946	FBgn0290109
CG34015	FBgn0054015
CG4429	FBgn0262734
CG9907	FBgn0285944
CG9906	FBgn0264077
CG9903	FBgn0030756
CG9902	FBgn0030757
CG9901	FBgn0011742
CG9842	FBgn0011826
CG9819	FBgn0267912
CG13014	FBgn0030759
CG9802	FBgn0015615
CG4443	FBgn0267384
CG9784	FBgn0030761
CG4453	FBgn0061200
CR43523	FBgn0263538
CG18582	FBgn0025743
CR46362	FBgn0286040
CG9782	FBgn0030763
CG9774	FBgn0026181
CG9777	FBgn0030764
CR45001	FBgn0266352
CR46400	FBgn0286878
CG4464	FBgn0010412
CG9742	FBgn0261791
CG4521	FBgn0030766
CR46147	FBgn0267826
CG32573	FBgn0052573
CG42512	FBgn0260238
CG9723	FBgn0030768
CG18572	FBgn0003189
CG15865	FBgn0015336
CG13012	FBgn0030769
CG13010	FBgn0030770
CG13011	FBgn0261245
CG9703	FBgn0000152
CG9699	FBgn0259923
CG4678	FBgn0030778
CG9676	FBgn0030773
CG9675	FBgn0030774
CG9673	FBgn0030775
CG4653	FBgn0030776
CG9672	FBgn0030777
CG13008	FBgn0030780
CG34325	FBgn0085354
CG32572	FBgn0052572
CG9634	FBgn0027528
CG32571	FBgn0052571
CG32570	FBgn0052570
CG32569	FBgn0052569
CG32568	FBgn0052568
CG32574	FBgn0052574
CG9623	FBgn0001250
CG4742	FBgn0030786
CG9609	FBgn0030787
CG4756	FBgn0030788
CG9606	FBgn0030789
CG4768	FBgn0030790
CG9132	FBgn0030791
CG4789	FBgn0030792
CG9125	FBgn0030793
CG13005	FBgn0030794
CR44053	FBgn0264862
CG4805	FBgn0030795
CG4829	FBgn0030796
CR44129	FBgn0264960
CG13004	FBgn0030797
CG46306	FBgn0284222
CG9108	FBgn0024941
CG13003	FBgn0030798
CG4872	FBgn0030799
CG9104	FBgn0030800
CG4875	FBgn0030801
CG9099	FBgn0030802
CG4880	FBgn0030803
CR43768	FBgn0264268
CG13002	FBgn0030804
CG33252	FBgn0053252
CR44754	FBgn0265967
CG4928	FBgn0027556
CG9089	FBgn0030805
CG13001	FBgn0030806
CG4937	FBgn0030808
CG13000	FBgn0030807
CG9086	FBgn0030809
CG45002	FBgn0266354
CG43996	FBgn0264738
CG43997	FBgn0264739
CG43077	FBgn0262487
CG8949	FBgn0030812
CG4949	FBgn0030813
CG8945	FBgn0030815
CG4955	FBgn0030814
CG4991	FBgn0030817
CG16700	FBgn0030816
CG8936	FBgn0065032
CG5004	FBgn0260748
CG8923	FBgn0002709
CG33935	FBgn0028581
CG8922	FBgn0002590
CR34594	FBgn0082998
CR34595	FBgn0082999
CR34596	FBgn0083000
CR34597	FBgn0083001
CR33646	FBgn0086671
CR34598	FBgn0083040
CR34599	FBgn0083007
CR34600	FBgn0083041
CR34601	FBgn0083008
CR34602	FBgn0083042
CR34603	FBgn0083009
CR34604	FBgn0083010
CR34605	FBgn0083011
CR34606	FBgn0083012
CG5010	FBgn0260747
CG46386	FBgn0286809
CG5055	FBgn0000163
CR44026	FBgn0264818
CG8918	FBgn0030823
CG5070	FBgn0030824
CG32564	FBgn0052564
CG32563	FBgn0052563
CG12995	FBgn0030826
CG18258	FBgn0265267
CG5162	FBgn0030828
CG12998	FBgn0030829
CG5172	FBgn0030830
CG34327	FBgn0085356
CG10598	FBgn0003057
CG10597	FBgn0030832
CG42864	FBgn0262111
CG8915	FBgn0030833
CG42854	FBgn0262101
CG8675	FBgn0030834
CG8664	FBgn0030836
CG5445	FBgn0030838
CG8661	FBgn0030837
CG8649	FBgn0024238
CG5488	FBgn0004854
CR43491	FBgn0263502
CG5529	FBgn0011758
CG8611	FBgn0027602
CG12994	FBgn0040877
CG46464	FBgn0287595
CG5613	FBgn0030839
CG12993	FBgn0030840
CG8568	FBgn0030841
CG43658	FBgn0263706
CR44692	FBgn0265903
CG8527	FBgn0030844
CG8465	FBgn0028343
CR44124	FBgn0264955
CG12991	FBgn0030847
CG12992	FBgn0030846
CG5675	FBgn0026313
CG8408	FBgn0030850
CG8326	FBgn0030851
CG8316	FBgn0267967
CG5703	FBgn0030853
CG8289	FBgn0030854
CG5800	FBgn0030855
CG32555	FBgn0026375
CG8211	FBgn0030858
CG5870	FBgn0250788
CG12990	FBgn0030859
CG32556	FBgn0263258
CG8188	FBgn0030863
CG5884	FBgn0026192
CG8173	FBgn0030864
CG42684	FBgn0261570
CG6269	FBgn0024184
CG6352	FBgn0026058
CG12986	FBgn0030868
CG8146	FBgn0030869
CR44691	FBgn0265902
CG6398	FBgn0030870
CG6474	FBgn0000617
CG8142	FBgn0030871
CG6492	FBgn0030872
CG15814	FBgn0030873
CG6506	FBgn0030874
CG32554	FBgn0052554
CG32557	FBgn0052557
CG6762	FBgn0030876
CR43981	FBgn0264713
CG7846	FBgn0030877
CG6769	FBgn0030878
CG42273	FBgn0259168
CG12985	FBgn0030881
CG6788	FBgn0030880
CG6835	FBgn0030882
CR32496	FBgn0052496
CG32495	FBgn0052495
CG7772	FBgn0030883
CG6842	FBgn0283469
CG6847	FBgn0030884
CG12348	FBgn0003380
CG12672	FBgn0030886
CG6867	FBgn0030887
CG15373	FBgn0030889
CG7092	FBgn0283476
CG7536	FBgn0030890
CG7098	FBgn0030891
CG7206	FBgn0030892
CG7113	FBgn0021765
CG7122	FBgn0030893
CG7192	FBgn0030894
CG7128	FBgn0022724
CG7135	FBgn0030895
CG7178	FBgn0283471
CR45605	FBgn0267165
CR45606	FBgn0267166
CR42970	FBgn0262263
CR32553	FBgn0052553
CR42991	FBgn0262433
CG43133	FBgn0262607
CG5659	FBgn0017418
CG43229	FBgn0262874
CG5744	FBgn0030897
CG5907	FBgn0083228
CG12611	FBgn0030898
CG5927	FBgn0030899
CG15064	FBgn0030900
CG33639	FBgn0053639
CR45622	FBgn0267182
CG5988	FBgn0030904
CR45607	FBgn0267167
CR45613	FBgn0267173
CG15059	FBgn0030905
CG33542	FBgn0053542
CR15061	FBgn0030911
CG5993	FBgn0004956
CR45608	FBgn0267168
CR45609	FBgn0267169
CG6023	FBgn0030912
CG6123	FBgn0030913
CG6106	FBgn0030914
CG6103	FBgn0265784
CR43686	FBgn0263769
CG6205	FBgn0004957
CG6179	FBgn0030915
CG6223	FBgn0008635
CG6186	FBgn0022355
CG32549	FBgn0052549
CG34328	FBgn0085357
CG15056	FBgn0030918
CG42323	FBgn0259223
CG32548	FBgn0052548
CG6290	FBgn0030921
CG32551	FBgn0052551
CG43841	FBgn0264393
CG32547	FBgn0052547
CG43843	FBgn0264395
CR43842	FBgn0264394
CG6361	FBgn0030925
CR45714	FBgn0267278
CG6367	FBgn0030926
CG15046	FBgn0030927
CR46403	FBgn0286881
CG15044	FBgn0030928
CG15043	FBgn0030929
CR45627	FBgn0267187
CG6394	FBgn0030930
CG6318	FBgn0030931
CG6407	FBgn0010194
CG6461	FBgn0030932
CG6470	FBgn0030933
CG44425	FBgn0265598
CG6335	FBgn0027087
CG6481	FBgn0030936
CG15042	FBgn0030937
CG15047	FBgn0030938
CR32546	FBgn0052546
CR43492	FBgn0263503
CG15040	FBgn0030940
CR43289	FBgn0262981
CR44705	FBgn0265916
CG6531	FBgn0030941
CG6606	FBgn0027335
CG6540	FBgn0030943
CG6617	FBgn0030944
CG6632	FBgn0030945
CG6659	FBgn0030946
CG6551	FBgn0001079
CG6696	FBgn0030947
CR45514	FBgn0267070
CR45710	FBgn0267274
CR44707	FBgn0265918
CG6578	FBgn0004959
CG6816	FBgn0010383
CG42301	FBgn0259231
CG6585	FBgn0030949
CG42302	FBgn0259198
CR45512	FBgn0267068
CR45513	FBgn0267069
CG6873	FBgn0030951
CG12609	FBgn0030952
CG32540	FBgn0030954
CG6891	FBgn0030955
CG18259	FBgn0030956
CR6900	FBgn0030958
CG6961	FBgn0030959
CG7001	FBgn0283473
CG7053	FBgn0030960
CG7088	FBgn0001090
CR44841	FBgn0266115
CG7058	FBgn0030961
CG42450	FBgn0259927
CG7101	FBgn0030963
CG7103	FBgn0030964
CG34422	FBgn0085451
CG7280	FBgn0030966
CG7322	FBgn0030968
CG7288	FBgn0030969
CG32544	FBgn0052544
CG7326	FBgn0030970
CG34401	FBgn0085430
CG7332	FBgn0030973
CG7358	FBgn0030974
CG7349	FBgn0030975
CG7378	FBgn0030976
CR44708	FBgn0265919
CG43759	FBgn0264090
CG34329	FBgn0085358
CG14190	FBgn0030979
CG34330	FBgn0085359
CG7406	FBgn0030980
CG14191	FBgn0030981
CG7423	FBgn0030982
CR45503	FBgn0267059
CG15882	FBgn0030983
CG7440	FBgn0030984
CR45711	FBgn0267275
CG15883	FBgn0030985
CG42274	FBgn0261461
CG7537	FBgn0030989
CR43556	FBgn0263571
CG33939	FBgn0047095
CG7556	FBgn0030990
CG7453	FBgn0030991
CG33253	FBgn0030992
CG7635	FBgn0030993
CG14193	FBgn0030994
CG7914	FBgn0030995
CG14194	FBgn0030996
CG7990	FBgn0030997
CG12359	FBgn0027603
CG14195	FBgn0030998
CG7874	FBgn0030999
CG7876	FBgn0031000
CG7884	FBgn0031001
CG14196	FBgn0031002
CG7889	FBgn0031003
CG7992	FBgn0031004
CG7890	FBgn0031005
CG8002	FBgn0031006
CG7893	FBgn0040068
CG8010	FBgn0031008
CG32537	FBgn0052537
CG32536	FBgn0052536
CG8028	FBgn0031010
CG8034	FBgn0031011
CG8051	FBgn0031012
CR33711	FBgn0065084
CG8062	FBgn0259834
CG32538	FBgn0086778
CG12199	FBgn0031016
CG32533	FBgn0052533
CG12200	FBgn0031018
CG32531	FBgn0044030
CG12202	FBgn0031020
CR43260	FBgn0262905
CG3291	FBgn0020261
CG12203	FBgn0031021
CG12204	FBgn0031022
CG14199	FBgn0040890
CR44340	FBgn0265428
CG14200	FBgn0031023
CG3400	FBgn0027621
CG12233	FBgn0027291
CG42687	FBgn0261573
CG12231	FBgn0031026
CG32532	FBgn0052532
CR42888	FBgn0262181
CR46290	FBgn0283639
CR42908	FBgn0262201
CR42923	FBgn0262216
CR43045	FBgn0262338
CR43499	FBgn0263514
CR46344	FBgn0286004
CR42935	FBgn0262228
CR43048	FBgn0262341
CR42958	FBgn0262251
CG3917	FBgn0026430
CR43021	FBgn0262314
CR43008	FBgn0262301
CG12230	FBgn0000257
CG14217	FBgn0031030
CG14218	FBgn0031031
CG14204	FBgn0031032
CG14219	FBgn0031033
CG14205	FBgn0031034
CG14206	FBgn0285947
CG14220	FBgn0031036
CG14207	FBgn0031037
CG14208	FBgn0031038
CG14209	FBgn0031039
CG14210	FBgn0031040
CG17767	FBgn0027358
CG12788	FBgn0031041
CG14221	FBgn0031042
CG14222	FBgn0031043
CG14211	FBgn0031044
CG14212	FBgn0031045
CG12238	FBgn0087008
CG14213	FBgn0031047
CG12237	FBgn0031048
CG14214	FBgn0031049
CG12235	FBgn0031050
CG12234	FBgn0031051
CG14215	FBgn0031052
CG14223	FBgn0031053
CG14216	FBgn0031054
CR44512	FBgn0265705
CG12529	FBgn0004057
CG14225	FBgn0031055
CG14226	FBgn0043903
CG14224	FBgn0031057
CG14227	FBgn0031058
CG14228	FBgn0086384
CG14229	FBgn0031059
CG12530	FBgn0010341
CG14231	FBgn0031060
CG14232	FBgn0031061
CG14230	FBgn0031062
CG14233	FBgn0040089
CR44889	FBgn0266183
CG12531	FBgn0031064
CG12532	FBgn0010380
CG14234	FBgn0031065
CG14235	FBgn0031066
CG18809	FBgn0042132
CG33932	FBgn0066303
CG33931	FBgn0066304
CR45501	FBgn0267057
CG32528	FBgn0052528
CG12534	FBgn0031068
CG12703	FBgn0031069
CG12702	FBgn0031070
CG12701	FBgn0259789
CR44885	FBgn0266179
CG12700	FBgn0026174
CG11941	FBgn0026175
CG11942	FBgn0031074
CG11940	FBgn0261811
CG11943	FBgn0031078
CG15618	FBgn0031077
CG32529	FBgn0052529
CG11937	FBgn0086782
CG45486	FBgn0267042
CR32821	FBgn0052821
CR45495	FBgn0267051
CG45487	FBgn0267043
CR43377	FBgn0263207
CR45496	FBgn0267052
CG45488	FBgn0267044
CR43378	FBgn0263208
CG45489	FBgn0267045
CR43379	FBgn0263209
CR45497	FBgn0267053
CG45490	FBgn0267046
CR43380	FBgn0263210
CG45491	FBgn0267047
CR43381	FBgn0263211
CR45498	FBgn0267054
CG45492	FBgn0267048
CR43382	FBgn0263212
CG45493	FBgn0267049
CR43383	FBgn0263213
CG45494	FBgn0267050
CR43384	FBgn0263214
CG43784	FBgn0264309
CG12655	FBgn0031080
CG9565	FBgn0031081
CG17003	FBgn0031082
CG33517	FBgn0053517
CR32826	FBgn0052826
CG9570	FBgn0031085
CR45628	FBgn0267188
CG9571	FBgn0031086
CG32825	FBgn0062565
CG42581	FBgn0260871
CG15323	FBgn0040784
CG34331	FBgn0085360
CG15322	FBgn0031088
CG42583	FBgn0260873
CG34332	FBgn0085361
CG18859	FBgn0041626
CG9572	FBgn0031089
CG9575	FBgn0031090
CG9576	FBgn0031091
CG9577	FBgn0031092
CG9581	FBgn0031093
CG9578	FBgn0031094
CG9579	FBgn0000084
CG9580	FBgn0067861
CR33491	FBgn0053491
CG33497	FBgn0053497
CR33496	FBgn0053496
CG32823	FBgn0052823
CR33487	FBgn0053487
CG46275	FBgn0283432
CR46272	FBgn0283429
CG46276	FBgn0283433
CR46273	FBgn0283430
CG46277	FBgn0283434
CR46274	FBgn0283431
CG33499	FBgn0053499
CR33498	FBgn0053498
CG18000	FBgn0003654
CR45465	FBgn0267021
CG17052	FBgn0031097
CG17058	FBgn0022770
CG17068	FBgn0031098
CG17060	FBgn0015789
CG17065	FBgn0031099
CG42577	FBgn0260867
CG17063	FBgn0027107
CR45504	FBgn0267060
CR45505	FBgn0267061
CG1504	FBgn0031100
CG1631	FBgn0031101
CR46072	FBgn0267741
CG12679	FBgn0031103
CR34311	FBgn0085340
CG15460	FBgn0031104
CG11738	FBgn0027334
CG1467	FBgn0031106
CG11734	FBgn0031107
CG15459	FBgn0031108
CG15458	FBgn0040651
CG11748	FBgn0031109
CG1670	FBgn0031110
CG15457	FBgn0031111
CG1668	FBgn0011280
CG32505	FBgn0023177
CG1676	FBgn0031114
CG15456	FBgn0040650
CG11710	FBgn0031115
CG1692	FBgn0002641
CG1695	FBgn0031116
CG42578	FBgn0260868
CG32506	FBgn0052506
CG1702	FBgn0031117
CG1412	FBgn0031118
CG15461	FBgn0040649
CG1812	FBgn0031119
CG18492	FBgn0026323
CG42579	FBgn0260869
CG42267	FBgn0259162
CG42580	FBgn0260870
CG34145	FBgn0083981
CR45466	FBgn0267022
CG1829	FBgn0031126
CG1835	FBgn0031127
CG1338	FBgn0031128
CR43862	FBgn0264444
CR45610	FBgn0267170
CG1849	FBgn0003300
CG1324	FBgn0031129
CR45059	FBgn0266419
CG15452	FBgn0031130
CR44710	FBgn0265921
CR43838	FBgn0264390
CG34358	FBgn0085387
CG32507	FBgn0052507
CG15450	FBgn0031132
CR43193	FBgn0262822
CG1314	FBgn0031134
CR11235	FBgn0031135
CG42707	FBgn0261624
CG11227	FBgn0031139
CG12092	FBgn0261675
CG2071	FBgn0011834
CG1304	FBgn0031141
CG44426	FBgn0265608
CG11666	FBgn0040648
CG10998	FBgn0031142
CG1532	FBgn0031143
CG1529	FBgn0031144
CG1740	FBgn0031145
CG15449	FBgn0031146
CG1742	FBgn0025814
CR44431	FBgn0265613
CG1753	FBgn0031148
CG1518	FBgn0031149
CR34677	FBgn0086048
CR33726	FBgn0065057
CR34678	FBgn0086049
CG32513	FBgn0031150
CG32512	FBgn0052512
CG46498	FBgn0288700
CG15446	FBgn0031155
CG1503	FBgn0031157
CG1501	FBgn0003950
CG15445	FBgn0031161
CR44374	FBgn0265524
CG34120	FBgn0083956
CG45154	FBgn0266647
CR45499	FBgn0267055
CR32511	FBgn0052511
CR45506	FBgn0267062
CG14579	FBgn0287645
CG1724	FBgn0031164
CG32521	FBgn0052521
CG32523	FBgn0052523
CR32518	FBgn0052518
CR32526	FBgn0011954
CG1722	FBgn0031168
CG1494	FBgn0031169
CG1718	FBgn0031170
CR43025	FBgn0262454
CR43544	FBgn0263559
CR32520	FBgn0052520
CR32525	FBgn0052525
CG1801	FBgn0031171
CG1489	FBgn0020369
CG33713	FBgn0064116
CG33714	FBgn0064117
CG1696	FBgn0029067
CG1486	FBgn0031174
CG1693	FBgn0015558
CG1484	FBgn0000709
CG17051	FBgn0015379
CG1685	FBgn0015527
CG1391	FBgn0003464
CG1403	FBgn0011710
CG1410	FBgn0024182
CG1414	FBgn0024251
CR45612	FBgn0267172
CR45611	FBgn0267171
CG1417	FBgn0003423
CG1666	FBgn0001565
CR32519	FBgn0025882
CG1424	FBgn0020272
CG12794	FBgn0028583
CR45500	FBgn0267056
CG1678	FBgn0031176
CR45003	FBgn0266355
CG42343	FBgn0259245
CG10918	FBgn0031178
CR45507	FBgn0267063
CR45508	FBgn0267064
CG14584	FBgn0031181
CR45509	FBgn0267065
CR45510	FBgn0267066
CR45511	FBgn0267067
CR45082	FBgn0266457
CG1644	FBgn0031182
CR46472	FBgn0287603
CR44711	FBgn0265922
CG14476	FBgn0027588
CG17450	FBgn0040028
CG33502	FBgn0053502
CG32820	FBgn0052820
CG32857	FBgn0052857
CG32819	FBgn0052819
CG32500	FBgn0285970
CG17686	FBgn0024807
CR44712	FBgn0265923
CR46037	FBgn0267704
CG40813	FBgn0085521
CG46504	FBgn0288729
CG46505	FBgn0288730
CG46506	FBgn0288731
CG46507	FBgn0288732
CG46508	FBgn0288733
CG46509	FBgn0288734
CG46510	FBgn0288735
CG46511	FBgn0288736
CG46512	FBgn0288737
CG46513	FBgn0288738
CG46514	FBgn0288739
CG46515	FBgn0288740
CG46516	FBgn0288741
CG46517	FBgn0288742
CG46518	FBgn0288743
CG46519	FBgn0288744
CG46520	FBgn0288745
CG46521	FBgn0288746
CG46522	FBgn0288747
CG41562	FBgn0085693
CG14621	FBgn0031183
CG14615	FBgn0031184
CG14620	FBgn0014395
CG14614	FBgn0266848
CG14619	FBgn0031187
CG14613	FBgn0031188
CG14618	FBgn0031189
CG12576	FBgn0031190
CG14617	FBgn0031191
CG14616	FBgn0027279
CR43493	FBgn0263504
CR43962	FBgn0264677
CG17600	FBgn0031195
CG17596	FBgn0262866
CG17598	FBgn0031194
CG17599	FBgn0031196
CG17601	FBgn0031197
CG32499	FBgn0052499
CR44997	FBgn0266348
CR44109	FBgn0264940
CR45464	FBgn0267020
CG12446	FBgn0031201
CG9559	FBgn0000719
CG42346	FBgn0259677
CR42944	FBgn0262237
CR43656	FBgn0263665
CG34334	FBgn0263829
CR41352	FBgn0083994
CG41106	FBgn0069938
CR45502	FBgn0267058
CG40486	FBgn0263830
CG40485	FBgn0069973
CG12473	FBgn0016975
CG12500	FBgn0016976
CR45009	FBgn0266361
CG40305	FBgn0044872
CR45010	FBgn0266362
CG17515	FBgn0039966
CG13865	FBgn0039965
CG2893	FBgn0265767
CG12061	FBgn0040031
CG17167	FBgn0039941
CG17163	FBgn0039942
CG17168	FBgn0039943
CG17169	FBgn0040514
CG17162	FBgn0039944
CG17159	FBgn0039945
CR43480	FBgn0263457
CG17170	FBgn0003559
CR46425	FBgn0286928
CG17172	FBgn0039946
CR45853	FBgn0267513
CR46365	FBgn0286517
CR45854	FBgn0267514
CR40677	FBgn0085765
CR45855	FBgn0267515
CR41602	FBgn0085813
CR45857	FBgn0267517
CR45858	FBgn0267518
CR45859	FBgn0267519
CR40741	FBgn0085771
CR41609	FBgn0085819
CR45860	FBgn0267520
CR45856	FBgn0267516
CR45862	FBgn0267522
CR40454	FBgn0250731
CR45861	FBgn0267521
CR46366	FBgn0286518
CR45863	FBgn0267523
CR45864	FBgn0267524
CR46367	FBgn0286519
CG41534	FBgn0261399
CG45786	FBgn0267433
CG45787	FBgn0267489
CR45946	FBgn0267608
CG45785	FBgn0267432
CR45947	FBgn0267609
CG17866	FBgn0001313
CG40064	FBgn0058064
CR42422	FBgn0259853
CR42407	FBgn0259838
CR41533	FBgn0085673
CR42419	FBgn0259850
CR42420	FBgn0259851
CR42421	FBgn0259852
CR42430	FBgn0259861
CR42426	FBgn0259857
CR42427	FBgn0259858
CR42428	FBgn0259859
CR40820	FBgn0085523
CR42432	FBgn0259863
CR42412	FBgn0259843
CR42438	FBgn0259869
CR45795	FBgn0267445
CR45794	FBgn0267444
CR42444	FBgn0259875
CR42410	FBgn0259841
CR42414	FBgn0259845
CR42415	FBgn0259846
CR42425	FBgn0259856
CR42416	FBgn0259847
CR42417	FBgn0259848
CR45796	FBgn0267446
CR40629	FBgn0085505
CG40440	FBgn0046697
CR40441	FBgn0058441
CR45931	FBgn0267593
CG45799	FBgn0267449
CR45948	FBgn0267610
CR42429	FBgn0259860
CR42431	FBgn0259862
CR42424	FBgn0259855
CG41503	FBgn0265047
CR42201	FBgn0085831
CR41507	FBgn0085790
CR41508	FBgn0085791
CR41509	FBgn0085792
CR41506	FBgn0085789
CR41504	FBgn0085788
CR46157	FBgn0267869
CR46187	FBgn0267899
CR46158	FBgn0267870
CR46159	FBgn0267871
CR46161	FBgn0267873
CR46160	FBgn0267872
CR46162	FBgn0267874
CR46163	FBgn0267875
CR46164	FBgn0267876
CR46165	FBgn0267877
CR46166	FBgn0267878
CR46167	FBgn0267879
CR46168	FBgn0267880
CR46169	FBgn0267881
CR46170	FBgn0267882
CR46171	FBgn0267883
CR46172	FBgn0267884
CR46173	FBgn0267885
CR46174	FBgn0267886
CR46175	FBgn0267887
CR46176	FBgn0267888
CR46177	FBgn0267889
CR46178	FBgn0267890
CR46179	FBgn0267891
CR46180	FBgn0267892
CR46181	FBgn0267893
CR40601	FBgn0085500
CR46182	FBgn0267894
CG46191	FBgn0267903
CR46183	FBgn0267895
CR46184	FBgn0267896
CR46185	FBgn0267897
CR46186	FBgn0267898
CR46188	FBgn0267900
CR46189	FBgn0267901
CR46190	FBgn0267902
CR46279	FBgn0283435
CG46192	FBgn0267904
CR46150	FBgn0267862
CG46193	FBgn0267905
CR46151	FBgn0267863
CR41423	FBgn0085644
CR40801	FBgn0085520
CR46152	FBgn0267864
CG45763	FBgn0267490
CG45764	FBgn0267411
CG45765	FBgn0267412
CR45771	FBgn0267418
CG45766	FBgn0267413
CR45772	FBgn0267419
CR45773	FBgn0267420
CG45768	FBgn0267492
CR45774	FBgn0267494
CG45769	FBgn0267493
CR45775	FBgn0267422
CR45776	FBgn0267423
CG45770	FBgn0267417
CG45767	FBgn0267491
CR45777	FBgn0267424
CR43176	FBgn0262795
CR45779	FBgn0267426
CR45780	FBgn0267427
CG40448	FBgn0046698
CG40446	FBgn0046323
CG45930	FBgn0267592
